Workbook

Sheet 测试结果
B2: 测试结果汇总
B3: 序号 | C3: 模块 | D3: 测试结果 | E3: S类问题数量 | F3: S类问题明细 | G3: A类问题数量 | H3: A类问题明细 | I3: 备注
B4: 1
B5: 2
B6: 3
B7: 4
B8: 5
B9: 6
B10: 7
B11: 8
B12: 9
B13: 10
B14: 11
B15: 12
... B32: 29

Sheet 数据统计
B2: 测试用例数据统计
B3: 统计结果 | C3: 模块 | F3: 总用例 | G3: 已执行用例数 | H3: passed | I3: failed | J3: blocked | K3: NA | L3: 通过率
C4: 冒烟测试用例 | F4: =冒烟测试用例!B1 -> 34 | G4: =SUM(H4:K4) -> 0 | H4: =冒烟测试用例!B2 -> 0 | I4: =冒烟测试用例!B3 -> 0 | J4: =冒烟测试用例!B4 -> 0 | K4: =冒烟测试用例!B5 -> 0 | L4: =H4/(H4+I4+J4)*100% -> #DIV/0!
C5: AI主页 | F5: =AI主页!B1 -> 116 | G5: =SUM(H5:K5) -> 0 | H5: =AI主页!B2 -> 0 | I5: =AI主页!B3 -> 0 | J5: =AI主页!B4 -> 0 | K5: =AI主页!B5 -> 0 | L5: =H5/(H5+I5+J5)*100% -> #DIV/0!
C6: 娱乐主页&QQ音乐&喜马拉雅 | F6: ='娱乐主页&QQ音乐&喜马拉雅'!B1 -> 145 | G6: =SUM(H6:K6) -> 0 | H6: ='娱乐主页&QQ音乐&喜马拉雅'!B2 -> 0 | I6: ='娱乐主页&QQ音乐&喜马拉雅'!B3 -> 0 | J6: ='娱乐主页&QQ音乐&喜马拉雅'!B4 -> 0 | K6: ='娱乐主页&QQ音乐&喜马拉雅'!B5 -> 0 | L6: =H6/(H6+I6+J6)*100% -> #DIV/0!
C7: 本地&蓝牙音乐 | F7: ='本地&蓝牙音乐'!B1 -> 148 | G7: =SUM(H7:K7) -> 0 | H7: ='本地&蓝牙音乐'!B2 -> 0 | I7: ='本地&蓝牙音乐'!B3 -> 0 | J7: ='本地&蓝牙音乐'!B4 -> 0 | K7: ='本地&蓝牙音乐'!B5 -> 0 | L7: =H7/(H7+I7+J7)*100% -> #DIV/0!
C8: 车主页 | F8: =车主页!B1 -> 30 | G8: =SUM(H8:K8) -> 0 | H8: =车主页!B2 -> 0 | I8: =车主页!B3 -> 0 | J8: =车主页!B4 -> 0 | K8: =车主页!B5 -> 0 | L8: =H8/(H8+I8+J8)*100% -> #DIV/0!
C9: 导航主页 | F9: =导航主页!B1 -> 84 | G9: =SUM(H9:K9) -> 0 | H9: =导航主页!B2 -> 0 | I9: =导航主页!B3 -> 0 | J9: =导航主页!B4 -> 0 | K9: =导航主页!B5 -> 0 | L9: =H9/(H9+I9+J9)*100% -> #DIV/0!
C10: 高德地图 | F10: =高德地图!B1 -> 191 | G10: =SUM(H10:K10) -> 0 | H10: =高德地图!B2 -> 0 | I10: =高德地图!B3 -> 0 | J10: =高德地图!B4 -> 0 | K10: =高德地图!B5 -> 0 | L10: =H10/(H10+I10+J10)*100% -> #DIV/0!
C11: 状态栏 | F11: ='状态栏(底部状态栏)'!B1 -> 66 | G11: =SUM(H11:K11) -> 0 | H11: ='状态栏(底部状态栏)'!B2 -> 0 | I11: ='状态栏(底部状态栏)'!B3 -> 0 | J11: ='状态栏(底部状态栏)'!B4 -> 0 | K11: ='状态栏(底部状态栏)'!B5 -> 0 | L11: =H11/(H11+I11+J11)*100% -> #DIV/0!
C12: 文件管理 | F12: =文件管理!B1 -> 144 | G12: =SUM(H12:K12) -> 0 | H12: =文件管理!B2 -> 0 | I12: =文件管理!B3 -> 0 | J12: =文件管理!B4 -> 0 | K12: =文件管理!B5 -> 0 | L12: =H12/(H12+I12+J12)*100% -> #DIV/0!
C13: 自检APP | F13: =自检APP!B1 -> 24 | G13: =SUM(H13:K13) -> 0 | H13: =自检APP!B2 -> 0 | I13: =自检APP!B3 -> 0 | J13: =自检APP!B4 -> 0 | K13: =自检APP!B5 -> 0 | L13: =H13/(H13+I13+J13)*100% -> #DIV/0!
C14: 蓝牙电话 | F14: =蓝牙电话!B1 -> 191 | G14: =SUM(H14:K14) -> 0 | H14: =蓝牙电话!B2 -> 0 | I14: =蓝牙电话!B3 -> 0 | J14: =蓝牙电话!B4 -> 0 | K14: =蓝牙电话!B5 -> 0 | L14: =H14/(H14+I14+J14)*100% -> #DIV/0!
C15: 鉴权 | F15: =鉴权!B1 -> 26 | G15: =SUM(H15:K15) -> 0 | H15: =鉴权!B2 -> 0 | I15: =鉴权!B3 -> 0 | J15: =鉴权!B4 -> 0 | K15: =鉴权!B5 -> 0 | L15: =H15/(H15+I15+J15)*100% -> #DIV/0!
C16: 双屏互动 | F16: =双屏互动!B1 -> 196 | G16: =SUM(H16:K16) -> 0 | H16: =双屏互动!B2 -> 0 | I16: =双屏互动!B3 -> 0 | J16: =双屏互动!B4 -> 0 | K16: =双屏互动!B5 -> 0 | L16: =H16/(H16+I16+J16)*100% -> #DIV/0!
C17: 系统设置 | F17: =系统设置!B1 -> 192 | G17: =SUM(H17:K17) -> 0 | H17: =系统设置!B2 -> 0 | I17: =系统设置!B3 -> 0 | J17: =系统设置!B4 -> 0 | K17: =系统设置!B5 -> 0 | L17: =H17/(H17+I17+J17)*100% -> #DIV/0!
C18: 智能提示 | F18: =智能提示!B1 -> 57 | G18: =SUM(H18:K18) -> 0 | H18: =智能提示!B2 -> 0 | I18: =智能提示!B3 -> 0 | J18: =智能提示!B4 -> 0 | K18: =智能提示!B5 -> 0 | L18: =H18/(H18+I18+J18)*100% -> #DIV/0!
C19: 智能推荐 | F19: =智能推荐!B1 -> 55 | G19: =SUM(H19:K19) -> 0 | H19: =智能推荐!B2 -> 0 | I19: =智能推荐!B3 -> 0 | J19: =智能推荐!B4 -> 0 | K19: =智能推荐!B5 -> 0 | L19: =H19/(H19+I19+J19)*100% -> #DIV/0!
C20: ACC&IACC推荐 | F20: ='ACC&IACC推荐'!B1 -> 124 | G20: =SUM(H20:K20) -> 0 | H20: ='ACC&IACC推荐'!B2 -> 0 | I20: ='ACC&IACC推荐'!B3 -> 0 | J20: ='ACC&IACC推荐'!B4 -> 0 | K20: ='ACC&IACC推荐'!B5 -> 0 | L20: =H20/(H20+I20+J20)*100% -> #DIV/0!
C21: 车辆设置 | F21: 534 | G21: 0 | H21: 0 | I21: 0 | J21: 0 | K21: 0 | L21: =H21/(H21+I21+J21)*100% -> #DIV/0!
C22: 全景影像 | F22: =全景影像!B1 -> 173 | G22: =SUM(H22:K22) -> 0 | H22: =全景影像!B2 -> 0 | I22: =全景影像!B3 -> 0 | J22: =全景影像!B4 -> 0 | K22: =全景影像!B5 -> 0 | L22: =H22/(H22+I22+J22)*100% -> #DIV/0!
C23: 雷达动态显示 | F23: =雷达动态显示!B1 -> 91 | G23: =SUM(H23:K23) -> 0 | H23: =雷达动态显示!B2 -> 0 | I23: =雷达动态显示!B3 -> 0 | J23: =雷达动态显示!B4 -> 0 | K23: =雷达动态显示!B5 -> 0 | L23: =H23/(H23+I23+J23)*100% -> #DIV/0!
C24: 升级 | F24: =升级!B1 -> 48 | G24: =SUM(H24:K24) -> 0 | H24: =升级!B2 -> 0 | I24: =升级!B3 -> 0 | J24: =升级!B4 -> 0 | K24: =升级!B5 -> 0 | L24: =H24/(H24+I24+J24)*100% -> #DIV/0!
C25: 爱奇艺 | F25: =爱奇艺!B1 -> 79 | G25: =SUM(H25:K25) -> 0 | H25: =爱奇艺!B2 -> 0 | I25: =爱奇艺!B3 -> 0 | J25: =爱奇艺!B4 -> 0 | K25: =爱奇艺!B5 -> 0 | L25: =H25/(H25+I25+J25)*100% -> #DIV/0!
C26: 长安品牌电台 | F26: =长安品牌电台!B1 -> 9 | G26: =SUM(H26:K26) -> 0 | H26: =长安品牌电台!B2 -> 0 | I26: =长安品牌电台!B3 -> 0 | J26: =长安品牌电台!B4 -> 0 | K26: =长安品牌电台!B5 -> 0 | L26: =H26/(H26+I26+J26)*100% -> #DIV/0!
C27: 空调APP | F27: =空调APP!B1 -> 83 | G27: =SUM(H27:K27) -> 0 | H27: =空调APP!B2 -> 0 | I27: =空调APP!B3 -> 0 | J27: =空调APP!B4 -> 0 | K27: =空调APP!B5 -> 0 | L27: =H27/(H27+I27+J27)*100% -> #DIV/0!
C28: 行车记录仪 | F28: =行车记录仪!B1 -> 299 | G28: =SUM(H28:K28) -> 0 | H28: =行车记录仪!B2 -> 0 | I28: =行车记录仪!B3 -> 0 | J28: =行车记录仪!B4 -> 0 | K28: =行车记录仪!B5 -> 0 | L28: =H28/(H28+I28+J28)*100% -> #DIV/0!
C29: 智慧ID | F29: =智慧ID!B1 -> 83 | G29: =SUM(H29:K29) -> 0 | H29: =智慧ID!B2 -> 0 | I29: =智慧ID!B3 -> 0 | J29: =智慧ID!B4 -> 0 | K29: =智慧ID!B5 -> 0 | L29: =H29/(H29+I29+J29)*100% -> #DIV/0!
C30: 电源管理 | F30: =电源管理!B1 -> 424 | G30: =SUM(H30:K30) -> 0 | H30: =电源管理!B2 -> 0 | I30: =电源管理!B3 -> 0 | J30: =电源管理!B4 -> 0 | K30: =电源管理!B5 -> 0 | L30: =H30/(H30+I30+J30)*100% -> #DIV/0!
C31: 4G专项 | F31: ='4G专项'!B1 -> 723 | G31: =SUM(H31:K31) -> 0 | H31: ='4G专项'!B2 -> 0 | I31: ='4G专项'!B3 -> 0 | J31: ='4G专项'!B4 -> 0 | K31: ='4G专项'!B5 -> 0 | L31: =H31/(H31+I31+J31)*100% -> #DIV/0!
C32: 语音专项 | F32: ='语音专项(在线)'!B1 -> 341 | G32: =SUM(H32:K32) -> 73 | H32: ='语音专项(在线)'!B2 -> 9 | I32: ='语音专项(在线)'!B3 -> 16 | J32: ='语音专项(在线)'!B4 -> 22 | K32: ='语音专项(在线)'!B5 -> 26 | L32: =H32/(H32+I32+J32)*100% -> 0.19148936
C33: 音源切换 | F33: =音源切换!B1 -> 981 | G33: =SUM(H33:K33) -> 0 | H33: =音源切换!B2 -> 0 | I33: =音源切换!B3 -> 0 | J33: =音源切换!B4 -> 0 | K33: =音源切换!B5 -> 0 | L33: =H33/(H33+I33+J33)*100% -> #DIV/0!
C34: 交互测试 | F34: =交互测试!B1 -> 236 | G34: =SUM(H34:K34) -> 0 | H34: =交互测试!B2 -> 0 | I34: =交互测试!B3 -> 0 | J34: =交互测试!B4 -> 0 | K34: =交互测试!B5 -> 0 | L34: =H34/(H34+I34+J34)*100% -> #DIV/0!
C35: 稳定性测试 | F35: =稳定性测试!B1 -> 10 | G35: =SUM(H35:K35) -> 0 | H35: =稳定性测试!B2 -> 0 | I35: =稳定性测试!B3 -> 0 | J35: =稳定性测试!B4 -> 0 | K35: =稳定性测试!B5 -> 0 | L35: =H35/(H35+I35+J35)*100% -> #DIV/0!
C36: 压力测试 | F36: =压力测试!B1 -> 7 | G36: =SUM(H36:K36) -> 0 | H36: =压力测试!B2 -> 0 | I36: =压力测试!B3 -> 0 | J36: =压力测试!B4 -> 0 | K36: =压力测试!B5 -> 0 | L36: =H36/(H36+I36+J36)*100% -> #DIV/0!
C37: 兼容性测试 | F37: =兼容性测试!B1 -> 25 | G37: =SUM(H37:K37) -> 0 | H37: =兼容性测试!B2 -> 0 | I37: =兼容性测试!B3 -> 0 | J37: =兼容性测试!B4 -> 0 | K37: =兼容性测试!B5 -> 0 | L37: =H37/(H37+I37+J37)*100% -> #DIV/0!
C38: 总计 | F38: =SUM(F4:F37) -> 5969 | G38: =SUM(G4:G37) -> 73 | H38: =SUM(H4:H37) -> 9 | I38: =SUM(I4:I37) -> 16 | J38: =SUM(J4:J37) -> 22 | K38: =SUM(K4:K37) -> 26 | L38: =H38/(H38+I38+J38)*100% -> 0.19148936
C39: 通过率=passed/(passed+failed+blocked)*100%

Sheet Bug严重等级定义
A1: Bug严重等级定义
A2: 序号 | B2: 级别 | C2: 定义 | D2: 详细描述 | E2: 举例 | F2: 备注
A3: 1 | B3: S | C3: 必现性及大概率（1/100及以上)致命问题，不能用于量产及销售 | D3: 1、可导致驾驶人生命财产安全隐患的问题 | E3: 未做高压，低压，反接短路等保护，容易引发电路起火； 带机芯车机，按出碟后，碟片飞出来等；
D4: 2、违反国家法律法规、行业认证、客户规格要求及标准 | E4: 侵权设计，外观尺寸及设计不符合客户规范； 违背DV/EMC实验标准，导致硬件需要整改；
D5: 3、主界面APP功能（包含必须支持的第三方软件）及日常使用功能无法实现 | E5: 主界面app应用使用不了； 方控、面板按键、倒车无法使用； carplay、carlife无法使用；
D6: 4、常规操作导致系统奔溃 | E6: 死机，黑屏，闪屏，频繁重启，长时间卡屏
D7: 5、主要参数异常导致的直观显示问题 | E7: 屏幕输出出现大范围噪点，倒车影像/全景显示异常； 花屏、闪屏；
A8: 2 | B8: A | C8: 严重影响用户体验，导致用户退货或者阻碍产品发行，中等概率（1/100-1/1000）基本功能实现异常 | D8: 1、主界面APP子菜单功能（包含必须支持的第三方软件）无法实现，日常使用功能存在较大缺陷 | E8: 收音机无法搜索电台； 界面软按键不响应； 倒车闪屏； 按键异响等
D9: 2、UI,UE与设计标准出现较大差异 | E9: 界面布局不匹配，缺少或多余框架
D10: 3、软件实现逻辑引发的功能实现错误 | E10: 基本模块交互时的优先级（倒车，来电，音源输入，输出优先级等）； 记忆逻辑不能实现； 来电后混音； 多媒体叠音输出；
D11: 4、系统性能不满足要求 | E11: 车机休眠后，暗电流过高； 开机时间太长>20s； 倒车响应时间太长>4s；
D12: 5、偶发基本功能缺陷及系统奔溃问题 | E12: 偶发（1/100-1/1000）程序闪退； 长时间压力导致死机，黑屏，闪屏，重启，卡屏等 偶发升级时校验失败，数据灌装异常，需重启解决；
A13: 3 | B13: B | C13: 用户体验影响较差，容易造成批次量问题或者有较大可能被客户考核的问题，低概率（1/1000以下)基本功能实现异常 | D13: 1、主界面APP子菜单功能（包含必须支持的第三方软件）使用缺陷，日常使用功能存在轻微缺陷 | E13: 收音机搜完电台后无法自动收藏； 按键响应明显延时或不灵敏；
D14: 2、UI,UE与设计标准出现较小差异 | E14: 弹框风格不一致； 中英文切换后无转化；
D15: 3、软件实现逻辑引发的功能缺陷 | E15: 导航音源输出时，其他多媒体音源无衰减；
D16: 4、低概率基本功能缺陷及系统奔溃问题 | E16: 偶发（1/1000以下)程序闪退； 测试过程中低概率出现死机，黑屏，闪屏，重启，卡屏等
A17: 4 | B17: C | C17: 用户体验影响小，基本不影响正常使用，客户不容易或者很难发现的问题 | D17: 1、基本功能体验问题 | E17: 用户使用体念改善问题
D18: 2、UI,UE与设计标准出现轻微差异 | E18: 各级UI颜色深浅有细微差别； 字体不一致； 弹框显示文本位置未统一、信息显示不完全； 中英文切换后转化不完全等
D19: 3、建议性修改问题，PRD没需求，测试人员自己新的想法需求 | E19: 多媒体图片不支持文件夹显示（PRD不做文件夹显示要求）； 文件管理导入相同文件无系统提示等
D20: 4、PRD文档定义不清晰问题 | E20: 有的开关无按键音（按键音开关本身）

Sheet 冒烟测试用例
A1: 总用例 | B1: 34 | C1: XXX零部件测试冒烟测试用例
A2: passed | B2: =COUNTIF(J:J,"=passed") -> 0
A3: failed | B3: =COUNTIF(J:J,"=failed") -> 0
A4: blocked | B4: =COUNTIF(J:J,"=blocked") -> 0
A5: N/A | B5: =COUNTIF(J:J,"=N/A") -> 0
A6: 项目名称：CD569 | C6: 版本: | E6: 编制: | G6: 测试人员: | I6: 测试日期:
A7: 用例序号 | B7: 所属模块 | C7: 相关需求 | D7: 用例标题 | E7: 前置条件 | F7: 步骤 | G7: 预期 | H7: 优先级 | I7: 用例执行方式 | J7: 用例执行结果 | K7: DTM缺陷号
A8: 1 | B8: 4G | D8: TBOX登录后台 | E8: tbox唤醒 | F8: 1.启动车机，查看tsp上报信息 | G8: 1.在Kibana系统查询对应的车机TUID是否有上传tsp收到sid=5，mid=200的登录信息 | H8: 1 | I8: 台架
A9: 2 | B9: 4G | D9: 4G公网联通基本功能 | E9: 1.车机完成实名认证，tbox唤醒； | F9: 1.启动车机，播放在线音乐； | G9: 1.在线音乐可以正常播放； | H9: 1 | I9: 台架
A10: 3 | B10: 本地音乐&蓝牙音乐 | C10: I206本地音乐需求规格说明书-V1.3—3.1.2 USB | D10: S—接有音频文件的U盘 | E10: 车机已上电 | F10: 1.车机处于主界面 2.接有音频文件的U盘 | G10: 1.切换到 USB 音乐源并自动播放第一个识别出来的音频文 件 | H10: 1 | I10: 台架
A11: 4 | B11: 本地音乐&蓝牙音乐 | C11: I206本地音乐需求规格说明书-V1.3—3.1.3 蓝牙 | D11: S—蓝牙已连接,音源选择蓝牙,播放音乐 | E11: 蓝牙已连接 | F11: 1.蓝牙连接后播放音乐 | G11: 1.蓝牙音乐正常播放 | H11: 1 | I11: 台架
A12: 5 | B12: 本地音乐&蓝牙音乐 | C12: I206本地音乐需求规格说明书-V1.3—3.2 播放控制 | D12: F—点击“播放/暂停” | E12: 车机已上电 | F12: 1.播放USB音乐，然后点击“播放/暂停”； 2.切换播放蓝牙音乐，然后点击“播放/暂停”； | G12: 1-2.可以正常暂停/播放 | H12: 1 | I12: 台架
A13: 6 | B13: 本地音乐&蓝牙音乐 | C13: I206本地音乐需求规格说明书-V1.3—3.2 播放控制 | D13: F—暂停中点击“上/下一曲” | E13: 车机已上电 | F13: 1.播放USB音乐，点击“上/下一曲”； 2.切换播放蓝牙音乐，点击“上/下一曲”； | G13: 1-2.音乐可以正常上/下一曲切换； | H13: 1 | I13: 台架
A14: 7 | B14: 导航主页 | C14: 无 | D14: F-线路规划界面，可点击开始导航进行导航 | E14: 路线规划界面 | F14: 1. 点击开始导航按钮 | G14: 1. 进行导航 | H14: 1 | I14: 台架
A15: 8 | B15: 电源管理 | C15: I261电源管理需求规格说明书-V1.4_1.1电源状态定义 | D15: ACC ON/OFF状态切换 | E15: 1.THU处于ACC ON状态 2.插入有音视频资源的U盘 | F15: 1.将U盘中的文件拷贝1个到车机存储，然后将电源状态由ACC ON切换为ACC OFF 2.再将电源状态由ACC OFF 切换到ACC ON，检查拷贝的文件内容 | G15: 1.拷贝文件成功，切到ACC OFF后系统提示进入延时工作模式； 2.切到ACC ON后，HU唤醒系统脱离待机状态进入全工作状态，检查之前拷贝的文件正常； | H15: 1 | I15: 台架
A16: 9 | B16: 电源管理 | D16: 暗电流测试 | E16: 1.THU处于ACC OFF档 | F16: 1.通过万用表串联接到B+和GND端，查看流过的暗电流； | G16: 1.暗电流≤5mA | H16: 1 | I16: 台架
A17: 10 | B17: 方控-Mode | C17: I231方向盘键操控响应需求规格说明书-V0.7.pdf/3.7 音源切换（ I231.07.00.00 ） | D17: F-音源切换 | E17: 1.当前播放蓝牙音乐 | F17: 1.仿真发送ID=38A GW_MFS_Mode_switch=0x1，循环周期40ms； | G17: 1. 按“蓝牙音乐-在线音乐-USB音乐-本地音乐-广播电台（FM/AM）-在线节目”播放源循环切换，并播放对应音源上一次记忆的音乐。HU界面同步匹配音源 | H17: 1 | I17: 仿真
A18: 11 | B18: 方控SEEK- | C18: I231方向盘键操控响应需求规格说明书-V0.7.pdf/3.2 SEEK- （I231.02.00.00 ） | D18: F-SEEK-_独立按键_播放USB音乐_短按 | E18: 1.当前播放USB音乐 | F18: 1.仿真发送ID=38A GW_MFS_SeekReduce_switch=0x1，循环周期40ms； | G18: 1. 播放上一曲，HU 展示上一曲的相应界面 | H18: 1 | I18: 仿真
A19: 12 | B19: 方控SEEK+ | C19: I231方向盘键操控响应需求规格说明书-V0.7.pdf/3.1 SEEK+ （I231.01.00.00 ） | D19: F-SEEK+_独立按键_播放USB音乐_短按 | E19: 1.当前播放USB音乐 | F19: 1.仿真发送ID=38A GW_MFS_SeekPlus_switch=0x1，循环周期40ms； | G19: 1. 播放下一曲，HU 展示下一曲的相应界面 | H19: 1 | I19: 仿真
A20: 13 | B20: 工程模式 | D20: F-工模U盘导日志基本功能 | E20: 1.工模可以进入； | F20: 1.进入工模(进入工模方式找项目开发确认)，验证U盘导log是否可以导出； | G20: 1.可以成功导出U盘log； | H20: 1 | I20: 台架
A21: 14 | B21: 空调 | C21: 空调控制需求规格说明书V1.7 手动空气净化及提示I230.01.04.00 | D21: 点击空调app打开空气净化 | E21: 1.电源处于ON档， HU 处于开机状态 | F21: 1. 进入空调APP，点击空气净化图标开启净化 | G21: 1.输出开启离子发生器HU_IonizerReq=Ionizer On ，且空气净化开启时显示空气净化标识（AC发送ID340 AC_PlasmaSt=inactive给HU） | H21: 1 | I21: 仿真
A22: 15 | B22: 蓝牙电话 | C22: I208BT电话需求规格说明书-V4.0-3.1 BT设置3.1.1 开关功能 | D22: F-BT开关设置 | E22: BT电话app能打开 | F22: 1.点击BT的开启开关，查看是否能正常打开和关闭； | G22: 1.BT开关可以正常打开和关闭； | H22: 1 | I22: 台架
A23: 16 | B23: 蓝牙电话 | C23: I208BT电话需求规格说明书-V4.0-3.4 通话 | D23: F-车端拨打电话声音 | E23: BT已连接 | F23: 1.车机端拨打电话，联系人婷婷 1521458887 2.查看去电声音通道 | G23: 1.去电时，默认经由车机端的扬声器输出声音 | H23: 1 | I23: 台架
A24: 17 | B24: 蓝牙电话 | C24: I208BT电话需求规格说明书-V4.0-3.1 BT设置 | D24: F-同步联系人开关开启是否能正常导入手机端的sim卡上的通讯录 | E24: 1.BT已配对连接 2.同步联系人开关开启 | F24: 1.BT配对连接成功后查看手机上sim卡中的通讯录是否在车机端中 | G24: 可以把已连接手机sim卡中的通讯录同步至车机端的电话簿中 | H24: 1 | I24: 台架
A25: 18 | B25: 全景影像 | C25: I223-3全景影像显示需求规格说明书-V1.0（内置）3.1.1.1 视图界面 | D25: F—启动画面显示 | E25: 1.电源非 OFF 档 2.全景影像激活状态 | F25: 1.通过车机AVM触发进入全景模式； 2.进入全景后，界面选择关闭按钮退出全景； | G25: 1.直接进入全景界面； 2.选择关闭后，退出全景界面； | H25: 1 | I25: 台架
A26: 19 | B26: 升级 | C26: FOTA2.0功能需求文档-1.6-USB升级 | D26: F-U盘升级功能测试 | E26: 1.U盘中有需要升级的目录，包含3个车载类升级对象（4G/MCU/HU OS），每一个升级对象都必须具备三个文件：安装包、版本文件、校验码文件，目录格式参考“USB升级目录格式” | F26: 1.未插入U盘前进入USB升级； 2.插入U盘，选择一键安装； | G26: 1.显示"未插入U盘" 2.进入升级后正常显示进度条，升级成功，查看OS/MCU/4G版本号正确； | H26: 1 | I26: 台架
A27: 20 | B27: 文件管理 | C27: USB(I209.01.01.00) | D27: F-识别USB连接 | E27: 插上U盘 | F27: 上电开机进入文件管理 | G27: 页面左侧文件源USB储存可选择 | H27: 1 | I27: 台架
A28: 21 | B28: 文件管理 | C28: 音频文件列表(I209.02.01.00) | D28: F-音频播放 | E28: 1.进入文件管理 2.选择USB储存 3.打开音频列表 | F28: 点击正在播放的歌曲 | G28: 取消播放 | H28: 1 | I28: 台架
A29: 22 | B29: 文件管理 | C29: 图片文件列表(I209.02.02.00) | D29: F-图片浏览模式 | E29: 1.进入文件管理 2.选择USB储存 3.打开图片列表 | F29: 可直接点击图片文件 | G29: 进入图片浏览模式 | H29: 1 | I29: 台架
A30: 23 | B30: 文件管理 | C30: 视频文件列表(I209.02.03.00) | D30: F-打开视频进入播放器 | E30: 1.进入文件管理 2.选择USB储存 3.打开视频列表 | F30: 可直接点击视频文件 | G30: 进入“视频播放器”播放选择的视频 | H30: 1 | I30: 台架
A31: 24 | B31: 系统设置 | C31: I215系统设置需求规格说明书-V2.2-触摸提示音 | D31: F-系统设置下触摸提示音功能 | E31: 1.车机支持触控按键 2.进入系统设置→触摸提示音 | F31: 1.开启触摸提示音，点击当前页面触控按键； 2.关闭触摸提示音，点击当前页面触控按键； | G31: 1.有触摸提示音发出，用户可以感知到声音； 2.无触摸提示音发出； | H31: 1 | I31: 台架
A32: 25 | B32: 系统设置 | C32: I215系统设置需求规格说明书-V2.2-关闭屏幕 | D32: S-关闭屏幕基础功能 | E32: 1.之前未调整过关屏效果 | F32: 1.进入系统设置→显示设置，点击“关闭屏幕”； 2.再次点击按钮“打开屏幕”； | G32: 1.屏幕立即关闭，显示默认关屏效果，为模拟时钟； 2.点亮屏幕； | H32: 1 | I32: 台架
... A39: 32 | B39: 系统设置 | C39: I215系统设置需求规格说明书-V2.2-移动网络 | D39: F-wifi热点基础设置 | E39: 1.之前未进行过wifi热点的开关设置 | F39: 1.查看系统wifi热点开关默认状态； 2.其他设备连接车机开启的热点； | G39: 1.wifi热点默认为关闭； 2.其他设备可以通过wifi热点连接访问网络； | H39: 1 | I39: 台架
A40: 33 | B40: 语音唤醒 | D40: F-语音唤醒启动语音 | E40: 1.车机正常使用状态下 | F40: 1. 语音输入“小安你好”或者自定义唤醒词 | G40: 1.语音反馈“嗨”等应答词语并进入语音录音界面 | H40: 1 | I40: 台架
A41: 34 | B41: 主页 | D41: 主页UI基础检查 | E41: 1.THU已上电开机 | F41: 1.检查所有主页和APPlist的UI分布有无明显异常； | G41: 1.主页UI和APPlist UI显示无异常； | H41: 1 | I41: 台架

Sheet AI主页
A1: 总用例 | B1: 116 | C1: XX零部件测试AI主页用例
A2: passed | B2: =COUNTIF(J:J,"=passed") -> 0
A3: failed | B3: =COUNTIF(J:J,"=failed") -> 0
A4: blocked | B4: =COUNTIF(J:J,"=blocked") -> 0
A5: N/A | B5: =COUNTIF(J:J,"=N/A") -> 0
A6: 项目名称：XXX | C6: 版本: | E6: 编制: | G6: 测试人员: | I6: 测试日期:
A7: 用例序号 | B7: 所属模块 | C7: 相关需求 | D7: 用例标题 | E7: 前置条件 | F7: 步骤 | G7: 预期 | H7: 优先级 | I7: 用例执行方式 | J7: 用例执行结果 | K7: DTM缺陷号
A8: 1 | B8: AI主页 | C8: 4.1.1 全局-左边栏 | D8: F-进入AI主页 | E8: 打开全局-左边栏 | F8: 点击AI主页 | G8: 进入AI主页 | H8: 1 | I8: 台架
A9: 2 | B9: AI主页 | C9: 4.1.1 全局-左边栏 | D9: F-进入地图主页 | E9: 打开全局-左边栏 | F9: 点击地图主页 | G9: 进入地图主页 | H9: 2 | I9: 台架
A10: 3 | B10: AI主页 | C10: 4.1.1 全局-左边栏 | D10: F-进入娱乐主页 | E10: 打开全局-左边栏 | F10: 点击娱乐主页 | G10: 进入娱乐主页 | H10: 2 | I10: 台架
A11: 4 | B11: AI主页 | C11: 4.1.1 全局-左边栏 | D11: F-进入车主页 | E11: 打开全局-左边栏 | F11: 点击车主页 | G11: 进入车主页 | H11: 2 | I11: 台架
A12: 5 | B12: AI主页 | C12: 4.1.1 全局-左边栏 | D12: F-进入车主页 | E12: 打开全局-左边栏 | F12: 点击全量应用 | G12: 进入车全量应用主页 | H12: 2 | I12: 台架
A13: 6 | B13: AI主页 | C13: 4.1.1 全局-左边栏 | D13: F-默认展示AI主页 | E13: 首次开机 | F13: 查看主页页面展示 | G13: 默认展示AI主页 | H13: 2 | I13: 台架
A14: 7 | B14: AI主页 | C14: 4.1.1 全局-左边栏 | D14: F-后续开机主页为上次开机设置主页 | E14: / | F14: 1.将开机主页设置为娱乐主页 2.关机重启 | G14: 开机主页为娱乐主页 | H14: 2 | I14: 台架
A15: 8 | B15: AI主页 | C15: 4.1.2 状态栏 | D15: F-上方状态栏包括三个部分 | E15: 页面上方状态栏包括三个部分 | F15: 查看展示 | G15: 语音交互区、下拉菜单引导区、状态显示栏区 | H15: 1 | I15: 台架
A16: 9 | B16: AI主页 | C16: 4.1.2.1 语音交互区 | D16: F-语音交互区包括三部分 | E16: 语音交互区包括三部分 | F16: 查看展示 | G16: 语音助手形象、语音提示区、语音打字机 | H16: 1 | I16: 台架
A17: 10 | B17: AI主页 | C17: 4.1.2.1 语音交互区 | D17: F-语助唤醒、休眠 | E17: / | F17: 点击长安语助形象图标 | G17: 语助唤醒/休眠 | H17: 2 | I17: 台架
A18: 11 | B18: AI主页 | C18: 4.1.2.1 语音交互区 | D18: F-语助形象，声源定位区分 | E18: / | F18: 分别进行主驾、副驾语音控制 | G18: 主驾、副驾（不同方位）语音语助有不同的状态 | H18: 2 | I18: 台架
A19: 12 | B19: AI主页 | C19: 4.1.2.1 语音交互区 | D19: F-显示语音打字机识别结果 | E19: 免唤醒时间内 | F19: 语音录入 | G19: 可将语音实时转化为文字 | H19: 2 | I19: 台架
... A106: 99 | B106: AI主页 | C106: 4.2.3.1 视频推荐 | D106: F-视频推荐 已登录点击卡片 | E106: 已登录 | F106: 1.打开快捷区推荐卡片 2.点击卡片 | G106: 直接进入爱奇艺播放界面进行播放 | H106: 1 | I106: 台架
A107: 100 | B107: AI主页 | C107: 4.2.3.3 美食推荐 | D107: F-美食推荐数据 | F107: 1.打开快捷区推荐卡片 2.点击卡片 | G107: 进入对应小程序 | H107: 1 | I107: 台架
A108: 101 | B108: AI主页 | C108: 4.2.3.4 智能日程 | D108: F-无待办日程 | E108: 无待办日程 | F108: / | G108: 显示无待办日程 | H108: 2 | I108: 台架
A109: 102 | B109: AI主页 | C109: 4.2.3.4 智能日程 | D109: F-有待办日程 | E109: 已新建待办日程 | F109: / | G109: 1.显示待办事项及时间，最多同时显示四条日程 2.优先展示临近时间日程 3.日程完成后从列表清除 | H109: 2 | I109: 台架
A110: 103 | B110: AI主页 | C110: 4.3 地图区 | D110: F-地图区，导航未开启时 | E110: 导航未开启时 | F110: 打开地图 | G110: 地图区域显示地图巡航转状态的图片，实时显示车辆定位 | H110: 2 | I110: 台架
A111: 104 | B111: AI主页 | C111: 4.3 地图区 | D111: F-地图区，导航未开启时，未设置家的位置 | E111: 导航未开启时，未设置家的位置 | F111: 1.打开地图 2.点击家图标 | G111: 进入导航主页设置家和公司的位置 | H111: 1 | I111: 台架
A112: 105 | B112: AI主页 | C112: 4.3 地图区 | D112: F-地图区，导航未开启时，未设置公司位置 | E112: 导航未开启时，未设置公司位置 | F112: 1.打开地图 2.点击公司图标 | G112: 进入导航主页设置家和公司的位置 | H112: 2 | I112: 台架
A113: 106 | B113: AI主页 | C113: 4.3 地图区 | D113: F-地图区，导航未开启时，已设置家位置 | E113: 导航未开启时，已设置家位置 | F113: 1.打开地图 2.点击家图标 | G113: 1.直接跳转导航地图线路规划界面 2.选择后可直接开始导航 | H113: 1 | I113: 台架
A114: 107 | B114: AI主页 | C114: 4.3 地图区 | D114: F-地图区，导航未开启时，已设置公司位置 | E114: 导航未开启时，已设置公司位置 | F114: 1.打开地图 2.点击公司图标 | G114: 1.直接跳转导航地图线路规划界面 2.选择后可直接开始导航 | H114: 2 | I114: 台架
A115: 108 | B115: AI主页 | C115: 4.3 地图区 | D115: F-导航已开启时 | E115: 导航已开启时 | F115: 1.打开地图 2.查看地图界面展示 | G115: 地图区域显示导航小地图信息及 TBT、光柱图、距离目的地距离及时间 | H115: 2 | I115: 台架
A116: 109 | B116: AI主页 | C116: 4.4 空调区 | D116: F-空调区状态信息 | E116: / | F116: 1.显示空调状态信息（风量、温度、风向、模式） 2.点击卡片 | G116: 进入空调设置界面 | H116: 2 | I116: 台架
A117: 110 | B117: AI主页 | C117: 4.5 天气区 | D117: F-天气区展示 | E117: / | F117: 天气区上方区域下方区域展示 | G117: 上方区域常显示实时位置的天气（2h 更新一次）和空气质量，下方区域显示限行尾号 | H117: 2 | I117: 台架
A118: 111 | B118: AI主页 | C118: 4.5 天气区 | D118: F-天气区交互 | E118: / | F118: 天气区--点击图标 | G118: 进入天气 APP 界面 | H118: 2 | I118: 台架
A119: 112 | B119: AI主页 | C119: 4.6 智慧家居 | D119: F-家居模式未登录 | E119: 未登录 | F119: 1.打开智慧家居 2.点击回家按钮 | G119: 示跳转智慧物联 APP 登录界面 | H119: 1 | I119: 台架
... A123: 116 | B123: AI主页 | C123: 4.6 智慧家居 | D123: F-抽烟模式 | E123: / | F123: 1.打开智慧家居 2.点击图标 | G123: 打开抽烟模式，再次点击关闭 | H123: 1 | I123: 台架

Sheet 娱乐主页&QQ音乐&喜马拉雅
A1: 总用例 | B1: 145 | C1: XXX零部件测试娱乐主页用例
A2: passed | B2: =COUNTIF(J:J,"=passed") -> 0
A3: failed | B3: =COUNTIF(J:J,"=failed") -> 0
A4: blocked | B4: =COUNTIF(J:J,"=blocked") -> 0
A5: N/A | B5: =COUNTIF(J:J,"=N/A") -> 0
A6: 项目名称：XXX | C6: 版本: | E6: 编制: | G6: 测试人员: | I6: 测试日期:
A7: 用例序号 | B7: 所属模块 | C7: 相关需求 | D7: 用例标题 | E7: 前置条件 | F7: 步骤 | G7: 预期 | H7: 优先级 | I7: 用例执行方式 | J7: 用例执行结果 | K7: DTM缺陷号
A8: 1 | B8: 娱乐主页 | C8: 长安CD569项目娱乐主页PRD需求文档20200525-4.1 全局说明 | D8: F-查看娱乐主页界面是否与设计一致 | E8: 1.车机正常使用状态 | F8: 1.进入娱乐主页，查看界面 | G8: 1.界面排版、色彩、字体、模块与设计保持一致 | H8: 2 | I8: 台架
A9: 2 | B9: 娱乐主页 | C9: 长安CD569项目娱乐主页PRD需求文档20200525-4.2 全局搜索 | D9: F-全局搜索界面排版 | E9: 1.车机正常使用状态 | F9: 1.点击搜索按钮，查看界面 | G9: 1.与设计保持一致。搜索记录横排显示，最多显示一行。热搜词最多显示一排，无网络时不显示 | H9: 2 | I9: 台架
A10: 3 | B10: 娱乐主页 | C10: 长安CD569项目娱乐主页PRD需求文档20200525-4.2 全局搜索 | D10: F-输入关键字后界面显示 | E10: 1.车机正常使用状态 | F10: 1.在搜索框中输入关键字 | G10: 1.输入关键词后，联想词横向排放，最多显示两排。 | H10: 2 | I10: 台架
A11: 4 | B11: 娱乐主页 | C11: 长安CD569项目娱乐主页PRD需求文档20200525-4.2 全局搜索 | D11: F-有结果时点击对应模块显示对应的搜索结果 | E11: 1.车机正常使用状态 | F11: 1.有搜索结果时，点击对应模块 | G11: 1.会显示对应音源的搜索结果 | H11: 1 | I11: 台架
A12: 5 | B12: 娱乐主页 | C12: 长安CD569项目娱乐主页PRD需求文档20200525-4.3AI频道-4.3.1音频内容来源 | D12: F-查看AI频道中的内容 | E12: 1.车机正常使用状态 2.网络已连接 | F12: 1.点击AI频道，查看内容 | G12: 1.内容由喜马拉雅提供（节目和音乐），优先提供更新的节目，并且这些音频都是免费的 | H12: 2 | I12: 台架
A13: 6 | B13: 娱乐主页 | C13: 长安CD569项目娱乐主页PRD需求文档20200525-4.3AI频道-4.3.2 音频内容要求 | D13: F-查看AI频道中的节目时长划分 | E13: 1.车机正常使用状态 2.网络已连接 | I13: 台架
A14: 7 | B14: 娱乐主页 | C14: 长安CD569项目娱乐主页PRD需求文档20200525-4.3AI频道-4.3.2 音频内容要求 | D14: F-查看AI频道中的节目分类 | E14: 1.车机正常使用状态 2.网络已连接 | F14: 1.点击AI频道，查看内容中的节目分类 | G14: 1.节目内容只出现 商业财经、IT科技、旅游、电影、时尚生活、娱乐、头条、脱口秀、情感生活 这9个 | H14: 2 | I14: 台架
A15: 8 | B15: 娱乐主页 | C15: 长安CD569项目娱乐主页PRD需求文档20200525-4.3AI频道-4.3.2 音频内容要求 | D15: F-查看AI频道中的音乐分类 | E15: 1.车机正常使用状态 2.网络已连接 | F15: 1.点击AI频道，查看内容中的音乐分类 | G15: 1.音乐中展示 流行、摇滚、民谣、轻音乐、古风、爵士、乡村等43个类别 | H15: 2 | I15: 台架
A16: 9 | B16: 娱乐主页 | C16: 长安CD569项目娱乐主页PRD需求文档20200525-4.3AI频道-4.3.2 音频内容要求 | D16: F-AI 频道播放的内容需要和车机用户账号（Uid）进行绑定 | E16: 1.车机正常使用状态 2.网络已连接 | I16: 台架
A17: 10 | B17: 娱乐主页 | C17: 长安CD569项目娱乐主页PRD需求文档20200525-4.3AI频道-4.3.3 推荐 | D17: S-查看早高峰：6：00-8：59时，AI频道推送内容 | E17: 1.车机正常使用状态 2.网络已连接 3.时间为6：00-8：59 | F17: 1.点击AI频道，查看场景化推荐内容 | G17: 1.音乐：轻音乐、民谣、乡村、流行、R&B； 节目：IT 科技、商业财经、头条、娱乐、脱口秀 | H17: 1 | I17: 台架
A18: 11 | B18: 娱乐主页 | C18: 长安CD569项目娱乐主页PRD需求文档20200525-4.3AI频道-4.3.3 推荐 | D18: S-查看上午：9：00~11：59时，AI频道推送内容 | E18: 1.车机正常使用状态 2.网络已连接 3.时间为上午：9：00~11：59时 | F18: 1.点击AI频道，查看场景化推荐内容 | G18: 1.音乐：摇滚、欧美、嘻哈、电子、民谣、流行 节目：时尚生活、电影、脱口秀、旅 游、商业财经、IT 科技 | H18: 1 | I18: 台架
A19: 12 | B19: 娱乐主页 | C19: 长安CD569项目娱乐主页PRD需求文档20200525-4.3AI频道-4.3.3 推荐 | D19: S-查看中下午：12：00~16：59时，AI频道推送内容 | E19: 1.车机正常使用状态 2.网络已连接 3.时间为中下午：12：00~16：59 | F19: 1.点击AI频道，查看场景化推荐内容 | G19: 1.音乐：摇滚、欧美、嘻哈、电子、流行 节目：时尚生活、电影、脱口秀、旅 游、商业财经、IT 科技 | H19: 1 | I19: 台架
A20: 13 | B20: 娱乐主页 | C20: 长安CD569项目娱乐主页PRD需求文档20200525-4.3AI频道-4.3.3 推荐 | D20: S-查看晚高峰：17：00~19：59时，AI频道推送内容 | E20: 1.车机正常使用状态 2.网络已连接 3.时间为晚高峰：17：00~19：59 | F20: 1.点击AI频道，查看场景化推荐内容 | G20: 1.音乐：流行、摇滚、说唱、R&B 节目：旅游、电影、时尚生活、娱 乐、头条、脱口秀 | H20: 1 | I20: 台架
A21: 14 | B21: 娱乐主页 | C21: 长安CD569项目娱乐主页PRD需求文档20200525-4.3AI频道-4.3.3 推荐 | D21: S-查看晚上：20：00~21：59时，AI频道推送内容 | E21: 1.车机正常使用状态 2.网络已连接 3.时间为晚上：20：00~21：59 | F21: 1.点击AI频道，查看场景化推荐内容 | G21: 1.音乐：爵士、古风、R&B、民谣、流行、萨克斯 节目：情感、旅游、时尚生活、脱口 秀、电影 | H21: 1 | I21: 台架
A22: 15 | B22: 娱乐主页 | C22: 长安CD569项目娱乐主页PRD需求文档20200525-4.3AI频道-4.3.3 推荐 | D22: S-查看深夜：22：00~00：59时，AI频道推送内容 | E22: 1.车机正常使用状态 2.网络已连接 3.时间为深夜：22：00~00：59 | F22: 1.点击AI频道，查看场景化推荐内容 | G22: 1.音乐：爵士、古风、R&B、民谣、流行、萨克斯 节目：情感、旅游、电影 | H22: 1 | I22: 台架
A23: 16 | B23: 娱乐主页 | C23: 长安CD569项目娱乐主页PRD需求文档20200525-4.3AI频道-4.3.3 推荐 | D23: S-查看凌晨：1：00~05：59时，AI频道推送内容 | E23: 1.车机正常使用状态 2.网络已连接 3.时间为凌晨：1：00~05：59 | F23: 1.点击AI频道，查看场景化推荐内容 | G23: 1.音乐：流行、民谣、R&B、欧美、日本 节目：商业财经、IT 科技、旅游、电影、时尚生活、娱乐、头条、脱口 秀、情感生活 | H23: 1 | I23: 台架
A24: 17 | B24: 娱乐主页 | C24: 长安CD569项目娱乐主页PRD需求文档20200525-4.3AI频道-4.3.3 推荐 | D24: S-查看堵车时，AI频道推送内容 | E24: 1.车机正常使用状态 2.网络已连接 3.处于堵车状态 | F24: 1.点击AI频道，查看场景化推荐内容 | G24: 1.音乐：R&B、说唱、流行、 节目：时尚生活、娱乐、头条 | H24: 1 | I24: 台架
A25: 18 | B25: 娱乐主页 | C25: 长安CD569项目娱乐主页PRD需求文档20200525-4.3AI频道-4.3.3 推荐 | D25: S-查看高速时，AI频道推送内容 | E25: 1.车机正常使用状态 2.网络已连接 3.高速行驶中 | F25: 1.点击AI频道，查看场景化推荐内容 | G25: 1.音乐：摇滚、说唱、电音、流行 节目：时尚生活、娱乐、旅游、电影 | H25: 2 | I25: 台架
A26: 19 | B26: 娱乐主页 | C26: 长安CD569项目娱乐主页PRD需求文档20200525-4.3AI频道-4.3.3 推荐 | D26: S-查看早高峰堵车时，AI频道推送内容 | E26: 1.车机正常使用状态 2.网络已连接 3.时间为6：00-8：59，堵车 | F26: 1.点击AI频道，查看场景化推荐内容 | G26: 1.音乐：轻音乐、民谣、乡村、流行、R&B； 节目：IT 科技、商业财经、头条、娱乐、脱口秀 | H26: 2 | I26: 台架
A27: 20 | B27: 娱乐主页 | C27: 长安CD569项目娱乐主页PRD需求文档20200525-4.3AI频道-4.3.3 推荐 | D27: F-个性化推荐 | E27: 1.车机正常使用状态 2.网络已连接 | F27: 1.点击AI频道，查看个性化推荐内容 | G27: 1.结合用户画像和用户行为分析，建立用户收听偏好和音频内容的映射关系，推荐用户想要收听的内容 | H27: 2 | I27: 台架
A28: 21 | B28: 娱乐主页 | C28: 长安CD569项目娱乐主页PRD需求文档20200525-4.3AI频道-4.3.3 推荐 | D28: F-AI推荐推送内容配比 | E28: 1.车机正常使用状态 2.网络已连接 | F28: 1.点击AI频道，查看推荐内容 | G28: 1 1个歌曲+5个短时节目+1个中时节目+2个歌曲+1个长时节目/2个歌曲+4个短时节目+2个中时节目+3个歌曲+1 个长时节目/3个歌曲+3个短时节目+2个中时节目+2个歌曲+1个长时节目/3个歌曲+4个短时节目+2个中时节目+3个歌曲+1个长时节目 | H28: 1 | I28: 台架
... A51: 44 | B51: 娱乐主页 | C51: 长安CD569项目娱乐主页PRD需求文档20200525-4.4QQ音乐-4.4.2 我的-4.4.2.3 我的账户 | D51: F-用户登陆后，不展示随便听听入口 | E51: 1.车机正常使用状态 2.网络已连接 3.用户已登录 | F51: 1.打开QQ音乐 | G51: 1.不展示随便听听入口 | H51: 2 | I51: 台架
A52: 45 | B52: 娱乐主页 | C52: 长安CD569项目娱乐主页PRD需求文档20200525-4.4QQ音乐-4.4.2 我的-4.4.2.3 我的账户 | D52: F-播放随便听听时登陆账号 | E52: 1.车机正常使用状态 2.网络已连接 | F52: 1.播放随便听听 2.登陆账号 | G52: 2.歌曲继续播放，播完后。。。 | I52: 台架
A53: 46 | B53: 娱乐主页 | C53: 长安CD569项目娱乐主页PRD需求文档20200525-4.4QQ音乐-4.4.2 我的-4.4.2.3 我的账户 | D53: F-用户登陆后，查看用户的信息 | E53: 1.车机正常使用状态 2.网络已连接 3.用户已登录 | F53: 1.进入到我的账户 | G53: 1.可以查看用户账户的信息：昵称、头像、会员信息、会员标识。 | H53: 2 | I53: 台架
A54: 47 | B54: 娱乐主页 | C54: 长安CD569项目娱乐主页PRD需求文档20200525-4.4QQ音乐-4.4.2 我的-4.4.2.3 我的账户 | D54: F-用户登陆后，购买会员 | E54: 1.车机正常使用状态 2.网络已连接 3.用户已登录 | F54: 1.进入到我的账户 2.点击绿钻标识 | G54: 1.非绿钻会员用户点击绿钻标识，则进入到绿钻购买页面；绿钻会员用户点击绿钻标识，进入到绿钻续费页面。 | H54: 1 | I54: 台架
A55: 48 | B55: 娱乐主页 | C55: 长安CD569项目娱乐主页PRD需求文档20200525-4.4QQ音乐-4.4.2 我的-4.4.2.4 播放器 | D55: F-播放歌曲时,查看播放器界面 | E55: 1.车机正常使用状态 2.网络已连接 3.用户已登录 4.歌曲播放中 | F55: 1.进入播放器界面 | G55: 1.界面展示歌曲名、歌手名、歌曲封面、歌词、音源图标、播放进度（蓝牙音乐需要展示播放进度条） | H55: 2 | I55: 台架
A56: 49 | B56: 娱乐主页 | C56: 长安CD569项目娱乐主页PRD需求文档20200525-4.4QQ音乐-4.4.2 我的-4.4.2.4 播放器 | D56: F-在播放器界面点击歌手名会跳转到搜索界面 | E56: 1.车机正常使用状态 2.网络已连接 3.用户已登录 4.歌曲播放中 | F56: 1.在播放器界面点击歌手名 | G56: 1.把歌手名带入到搜索框进行搜索，无法获取时不显示 | H56: 2 | I56: 台架
A57: 50 | B57: 娱乐主页 | C57: 长安CD569项目娱乐主页PRD需求文档20200525-4.4QQ音乐-4.4.2 我的-4.4.2.4 播放器 | D57: F-切换到上一曲 | E57: 1.车机正常使用状态 2.网络已连接 3.任意播放模式 4.歌曲播放中 | F57: 1.点击上一曲按钮 | G57: 1.能正常切换歌曲(当前歌曲为列表第一首时,切换到列表最后一首) | H57: 1 | I57: 台架
A58: 51 | C58: 长安CD569项目娱乐主页PRD需求文档20200525-4.4QQ音乐-4.4.2 我的-4.4.2.4 播放器 | D58: F-切换到下一曲 | E58: 1.车机正常使用状态 2.网络已连接 3.任意播放模式 4.歌曲播放中 | F58: 1.点击下一曲按钮 | G58: 1.能正常切换歌曲(当前歌曲为列表最后一首时,切换到列表第一首) | H58: 1 | I58: 台架
A59: 52 | B59: 娱乐主页 | C59: 长安CD569项目娱乐主页PRD需求文档20200525-4.4QQ音乐-4.4.2 我的-4.4.2.4 播放器 | D59: F-控制歌曲暂停/播放 | E59: 1.车机正常使用状态 2.网络已连接 3.任意播放模式 4.歌曲播放中 | F59: 1.点击暂停/播放按钮 | G59: 1.能正常控制歌曲播放或暂停 | H59: 1 | I59: 台架
A60: 53 | B60: 娱乐主页 | C60: 长安CD569项目娱乐主页PRD需求文档20200525-4.4QQ音乐-4.4.2 我的-4.4.2.4 播放器 | D60: F-控制歌曲快进 | E60: 1.车机正常使用状态 2.网络已连接 3.任意播放模式 4.歌曲播放中 | F60: 1.长按下一曲按钮 | G60: 1.以5X的速度快进，当用户释放按钮时，停止快进；如果到达当前曲目的末尾，将切换到下一首歌曲以正常速度播放 | H60: 1 | I60: 台架
A61: 54 | B61: 娱乐主页 | C61: 长安CD569项目娱乐主页PRD需求文档20200525-4.4QQ音乐-4.4.2 我的-4.4.2.4 播放器 | D61: F-控制歌曲快退 | E61: 1.车机正常使用状态 2.网络已连接 3.任意播放模式 4.歌曲播放中 | F61: 1.长按上一曲按钮 | G61: 1.以 5X 的速度快退，当用户释放按钮时，停止快退；如果到 达当前曲目的开头，将停止快退并以正常速度开始播放当前歌曲 | H61: 1 | I61: 台架
A62: 55 | B62: 娱乐主页 | C62: 长安CD569项目娱乐主页PRD需求文档20200525-4.4QQ音乐-4.4.2 我的-4.4.2.4 播放器 | D62: F-多次点击循环模式按钮,查看播放模式 | E62: 1.车机正常使用状态 2.网络已连接 3.歌曲播放中 | F62: 1.多次点击播放模式按钮 | G62: 1.播放模式依次为顺序循环→单曲循环→随机循环→顺序循环 | H62: 1 | I62: 台架
A63: 56 | B63: 娱乐主页 | C63: 长安CD569项目娱乐主页PRD需求文档20200525-4.4QQ音乐-4.4.2 我的-4.4.2.4 播放器 | D63: F-点击歌词按钮,查看歌词显示 | E63: 1.车机正常使用状态 2.网络已连接 3.歌曲播放中,歌词未打开 | F63: 1.点击歌词按钮 | G63: 1.1展示歌词信息,与播放进度同步 1.2上下滑动歌词,5s后没操作就回到正在播放的歌词位置 | H63: 1 | I63: 台架
A64: 57 | B64: 娱乐主页 | C64: 长安CD569项目娱乐主页PRD需求文档20200525-4.4QQ音乐-4.4.2 我的-4.4.2.4 播放器 | D64: F-点击播放列表中的歌曲进行播放 | E64: 1.车机正常使用状态 2.网络已连接 3.任意播放模式 | F64: 1.打开播放列表,选择其中一首歌曲进行播放 | G64: 1.立即播放该歌曲,列表不隐藏 | H64: 2 | I64: 台架
A65: 58 | B65: 娱乐主页 | C65: 长安CD569项目娱乐主页PRD需求文档20200525-4.4QQ音乐-4.4.2 我的-4.4.2.4 播放器 | D65: F-删除播放列表中的歌曲 | E65: 1.车机正常使用状态 2.网络已连接 3.任意播放模式 | F65: 1.删除列表中的歌曲 | G65: 1.从当前的歌曲列表中删除，若删除的是当前正在播放的歌曲，不影响当前播放 | H65: 2 | I65: 台架
A66: 59 | B66: 娱乐主页 | C66: 长安CD569项目娱乐主页PRD需求文档20200525-4.4QQ音乐-4.4.2 我的-4.4.2.4 播放器 | D66: F-用户未登陆时点击收藏按钮收藏歌曲 | E66: 1.车机正常使用状态 2.网络已连接 3.用户未登陆 4.歌曲播放中 | F66: 1.点击收藏按钮 2.登陆账号 | G66: 1.收藏按钮不可用,提示用户登陆账号 2.可以收藏歌曲 | H66: 1 | I66: 台架
A67: 60 | B67: 娱乐主页 | C67: 长安CD569项目娱乐主页PRD需求文档20200525-4.4QQ音乐-4.4.2 我的-4.4.2.4 播放器 | D67: F-用户登陆时点击收藏按钮收藏歌曲 | E67: 1.车机正常使用状态 2.网络已连接 3.用户已登陆 4.歌曲播放中 | F67: 1.点击收藏按钮 | G67: 1.可以直接将歌曲加入到我的收藏列表 | H67: 1 | I67: 台架
A68: 61 | B68: 娱乐主页 | C68: 长安CD569项目娱乐主页PRD需求文档20200525-4.4QQ音乐-4.4.2 我的-4.4.2.4 播放器 | D68: F-无网络时时点击收藏按钮收藏歌曲 | E68: 1.车机正常使用状态 2.网络未连接 3.歌曲播放中 | F68: 1.点击收藏按钮 | G68: 1.提示“网络异常，暂时无法完成收藏” | H68: 1 | I68: 台架
A69: 62 | B69: 娱乐主页 | C69: 长安CD569项目娱乐主页PRD需求文档20200525-4.4QQ音乐-4.4.2 我的-4.4.2.4 播放器 | D69: F-根据歌曲查看音质 | E69: 1.车机正常使用状态 2.网络已连接 3.歌曲播放中 | F69: 1.查看不同的音质 | G69: 1.1.支持绿钻用户收听的音质需要进行绿钻的标识 1.2.默认选择标准音质，选择其他音质时跳转到绿钻购买流程 1.3.当前正在播放歌曲时，切换音质则当前歌曲重新从头开始自动播放 | H69: 2 | I69: 台架
A70: 63 | B70: 娱乐主页 | C70: 长安CD569项目娱乐主页PRD需求文档20200525-4.4QQ音乐-4.4.2 我的-4.4.2.5 绿钻购买 | D70: S-手动搜索并点播绿钻会员歌曲触发购买 | E70: 1.车机正常使用状态 2.网络已连接 3.歌曲前台播放中 | F70: 1.手动点播绿钻会员歌曲 | G70: 1.弹框提示用户“此歌曲属于绿钻会员歌曲，请购买绿钻会员后收听”，接着跳过此歌曲，继续播放下一首能够播放的免费歌曲。弹框上显示购买按钮，用户可以直接点击购买按钮直接进入购买流程。同时此弹框常驻在界面上，用户可以手动取消弹框 | H70: 2 | I70: 台架
... A94: 87 | B94: 娱乐主页 | C94: 长安CD569项目娱乐主页PRD需求文档20200525-4.5节目-4.5.2我的-4.5.2.1账号登陆/退出 | D94: F-主动登陆账号 | E94: 1.车机正常使用状态 2.网络已连接 | F94: 1.进入节目，点击账户 2.使用喜马拉雅手机APP扫一扫，确定登陆 | G94: 1.弹出喜马拉雅登陆二维码（每10分钟更新一次） 2.提示登陆成功，将移动端信息同步到车机端（展示头像和昵称） | H94: 1 | I94: 台架
A95: 88 | C95: 长安CD569项目娱乐主页PRD需求文档20200525-4.5节目-4.5.2我的-4.5.2.1账号登陆/退出 | D95: F-被动登陆账号 | E95: 1.车机正常使用状态 2.网络已连接 | F95: 1.执行订阅和购买（涉及到账号个性化） | G95: 1.提示用户扫码登陆 | H95: 2 | I95: 台架
A96: 89 | B96: 娱乐主页 | C96: 长安CD569项目娱乐主页PRD需求文档20200525-4.5节目-4.5.2我的-4.5.2.1账号登陆/退出 | D96: F-账号退出 | E96: 1.车机正常使用状态 2.网络已连接 3.用户已登陆 | F96: 1.点击退出登陆按钮 | G96: 1.账号信息恢复默认，即头像恢复默认空头像，用户信息为空 | H96: 2 | I96: 台架
A97: 90 | B97: 娱乐主页 | C97: 长安CD569项目娱乐主页PRD需求文档20200525-4.5节目-4.5.2我的-4.5.2.1账号登陆/退出 | D97: F-账户登陆过期 | E97: 1.车机正常使用状态 2.网络已连接 3.用户已登陆 | F97: 1.打开节目 | G97: 1.提示“您的喜马拉雅账号登录已过期，请重新登录” | H97: 2 | I97: 台架
A98: 91 | B98: 娱乐主页 | C98: 长安CD569项目娱乐主页PRD需求文档20200525-4.5节目-4.5.2我的-4.5.2.3 喜马拉雅专辑购买 | D98: F-需付费的专辑展示 | E98: 1.车机正常使用状态 2.网络已连接 | F98: 1.查看各种专辑展示信息 | G98: 1.需付费的标有“精品”标签，付费专辑中可以免费试听的标有“试听”标签 | H98: 2 | I98: 台架
A99: 92 | B99: 娱乐主页 | C99: 长安CD569项目娱乐主页PRD需求文档20200525-4.5节目-4.5.2我的-4.5.2.3 喜马拉雅专辑购买 | D99: F-用户未登陆时点击付费专辑时提示登陆购买 | E99: 1.车机正常使用状态 2.网络已连接 3.用户未登陆 | F99: 1.点击付费专辑 | G99: 1.提示用户登录其喜马拉雅账号，待用户登录账号后提示进行当前付费专辑购买 | H99: 1 | I99: 台架
A100: 93 | B100: 娱乐主页 | C100: 长安CD569项目娱乐主页PRD需求文档20200525-4.5节目-4.5.2我的-4.5.2.3 喜马拉雅专辑购买 | D100: F-用户已登陆时点击付费专辑时提示购买 | E100: 1.车机正常使用状态 2.网络已连接 3.用户已登陆 | F100: 1.点击付费专辑 | G100: 1.提示用户进行付费专辑购买 | H100: 1 | I100: 台架
A101: 94 | B101: 娱乐主页 | C101: 长安CD569项目娱乐主页PRD需求文档20200525-4.5节目-4.5.2我的-4.5.2.3 喜马拉雅专辑购买 | D101: S-购买付费专辑 | E101: 1.车机正常使用状态 2.网络已连接 3.用户已登陆 | F101: 1.点击付费专辑 2.点击购买 3.手机端扫描并支付 | G101: 1.提示用户进行付费专辑购买 2.弹出购买二维码 3.车载端获取到用户购买信息，播放用户选择的专辑 | H101: 1 | I101: 台架
A102: 95 | B102: 娱乐主页 | C102: 长安CD569项目娱乐主页PRD需求文档20200525-4.5节目-4.5.2我的-4.5.2.3 喜马拉雅专辑购买 | D102: F-查看购买记录 | E102: 1.车机正常使用状态 2.网络已连接 3.用户已登陆 | F102: 1.点击我的购买 | G102: 1.可以查看到所有的购买记录 | H102: 2 | I102: 台架
A103: 96 | B103: 娱乐主页 | C103: 长安CD569项目娱乐主页PRD需求文档20200525-4.5节目-4.5.2我的-4.5.2.4 我的订阅 | D103: F-未登录时查看已订阅的专辑信息 | E103: 1.车机正常使用状态 2.网络已连接 3.用户未登陆 | F103: 1.进入节目，点击我的订阅 | G103: 1.内容显示为空，提示登陆账户 | H103: 1 | I103: 台架
A104: 97 | B104: 娱乐主页 | C104: 长安CD569项目娱乐主页PRD需求文档20200525-4.5节目-4.5.2我的-4.5.2.4 我的订阅 | D104: F-已登录时查看已订阅的专辑信息 | E104: 1.车机正常使用状态 2.网络已连接 3.用户已登陆 | F104: 1.进入节目，点击我的订阅 | G104: 1.包含车载端和移动端订阅的内容合集，展示专辑名称和封面，倒序排序 | H104: 1 | I104: 台架
A105: 98 | B105: 娱乐主页 | C105: 长安CD569项目娱乐主页PRD需求文档20200525-4.5节目-4.5.2我的-4.5.2.5 最近播放 | D105: F-未登录时查看最近播放的内容 | E105: 1.车机正常使用状态 2.网络已连接 3.用户未登陆 | F105: 1.进入节目，点击最近播放按钮 | G105: 1.显示本地产生的播放记录内容 | H105: 2 | I105: 台架
A106: 99 | B106: 娱乐主页 | C106: 长安CD569项目娱乐主页PRD需求文档20200525-4.5节目-4.5.2我的-4.5.2.5 最近播放 | D106: F-已登录时查看最近播放的内容 | E106: 1.车机正常使用状态 2.网络已连接 3.用户已登陆 | F106: 1.进入节目，点击最近播放按钮 | G106: 1.显示本地和云端的播放记录内容，按照最后播放所在时间进行倒序排列，云端最近播放专辑按照同步时间点为排序时间进行倒序排列 | H106: 2 | I106: 台架
A107: 100 | B107: 娱乐主页 | C107: 长安CD569项目娱乐主页PRD需求文档20200525-4.5节目-4.5.2我的-4.5.2.5 最近播放 | D107: F-选择最近播放内容进行播放时，播放列表切换为该声音所在的专辑 | E107: 1.车机正常使用状态 2.网络已连接 | F107: 1.进入节目，点击最近播放按钮，选择一个声音播放 | G107: 1.可以正常播放节目，并且播放列表切换为该声音所在的专辑 | H107: 2 | I107: 台架
... A152: 145 | B152: 娱乐主页 | C152: 长安CD569项目娱乐主页PRD需求文档20200525-4.4.9mini 播放器和空调控制区 | D152: F-娱乐主页，查看迷你播放器和空调控制区展示 | E152: 1.车机正常使用状态 2.网络已连接 | F152: 1.进入娱乐主页，查看界面 | G152: 1.与导航主页保持一致 | H152: 1 | I152: 台架

Sheet 本地&蓝牙音乐
A1: 总用例 | B1: 148 | C1: XXX零部件测试本地&蓝牙音乐用例
A2: passed | B2: =COUNTIF(J:J,"=passed") -> 0
A3: failed | B3: =COUNTIF(J:J,"=failed") -> 0
A4: blocked | B4: =COUNTIF(J:J,"=blocked") -> 0
A5: N/A | B5: =COUNTIF(J:J,"=N/A") -> 0
A6: 项目名称：XXX | C6: 版本: | E6: 编制: | G6: 测试人员: | I6: 测试日期:
A7: 用例序号 | B7: 所属模块 | C7: 相关需求 | D7: 用例标题 | E7: 前置条件 | F7: 步骤 | G7: 预期 | H7: 优先级 | I7: 用例执行方式 | J7: 用例执行结果 | K7: DTM缺陷号
A8: 1 | B8: 本地&蓝牙音乐 | C8: I206本地音乐需求规格说明书-V1.3 -2.7 性能指标 | D8: F—手机第三方播放器兼容性 | E8: 蓝牙已连接 | F8: 1.在手机中安装好第三方播放器虾米音乐 、天天动听 、网易云音乐 、咪咕音乐 、General Media Player 、iTunes、天天动听、酷狗音乐、酷我音乐、qq 音乐进行蓝牙音乐播放 | G8: 1.都能成功播放音乐，且音质好 | H8: 2 | I8: 台架
A9: 2 | B9: 本地&蓝牙音乐 | C9: I206本地音乐需求规格说明书-V1.3 -2.7 性能指标 | D9: F—USB设备音频文件支持格式 | E9: USB设备已插入 | F9: 1.在USB设备中放入不同音频格式*.AAC、*.MP3、*.MP2、*.WAV、*.WMA、*.OGG、*.AMR、*.APE、*.FLAC、*.M4A、*.M4R、*.MMF进行播放 | G9: 1.都能成功播放音乐，且音质好 | H9: 1 | I9: 台架
A10: 3 | B10: 本地&蓝牙音乐 | C10: I206本地音乐需求规格说明书-V1.3 -3.3节目信息显示3.3.4 专辑图片 | D10: F—专辑图片格式 | E10: 有音乐 | F10: 1.找到专辑图片分别为*.JPEG、*.GIF(仅静态第一帧)、*.PNG、*.BMP、*.webp的音乐进行播放 | G10: 1.图片格式都支持，且正常显示 | H10: 2 | I10: 台架
A11: 4 | B11: 本地&蓝牙音乐 | C11: I206本地音乐需求规格说明书-V1.3 -2.7 性能指标 | D11: F—音乐应用首次 启动（冷启动）所需时间 | E11: 车机已上电 | F11: 1.车机第一次启动后打开音乐应用，查看所需时间 | G11: 1.所需时间≤2s | H11: 2 | I11: 台架
A12: 5 | B12: 本地&蓝牙音乐 | C12: I206本地音乐需求规格说明书-V1.3 -2.7 性能指标 | D12: F—音乐应用后台 启动（热启动）所需时间 | E12: 车机已上电 | F12: 1.打开音乐、导航、设置、电台等应用，让音乐应用再后台运行 2.打开音乐，查看所需时间 | G12: 1.所需时间≤500ms | H12: 2 | I12: 台架
A13: 6 | B13: 本地&蓝牙音乐 | C13: I206本地音乐需求规格说明书-V1.3 -2.7 性能指标 | D13: F—点击按键响应 所需时间 | E13: 车机已上电 | F13: 1.点击车机上的不同按键，查看所需时间 | G13: 1.所需时间≤500ms | H13: 2 | I13: 台架
A14: 7 | B14: 本地&蓝牙音乐 | C14: I206本地音乐需求规格说明书-V1.3 -2.7 性能指标 | D14: F—各页面切换时间 | E14: 车机已上电 | F14: 1.车机上切换不同页面，查看切换所需时间 | G14: 1.所需时间≤1s | H14: 2 | I14: 台架
A15: 8 | B15: 本地&蓝牙音乐 | C15: I206本地音乐需求规格说明书-V1.3 -2.7 性能指标 | D15: F—蓝牙音乐播放状态同步所需时间 | E15: 蓝牙已连接 | F15: 1.手机上播放音乐，查看车机上播同步状态所需时间 | G15: 1.所需时间≤200ms | H15: 2 | I15: 台架
A16: 9 | B16: 本地&蓝牙音乐 | C16: I206本地音乐需求规格说明书-V1.3 -2.7 性能指标 | D16: F—蓝牙音乐信息 同步延时 所需时间 | E16: 蓝牙已连接 | F16: 1.手机上播放音乐，查看车机上音乐信息 同步延时 所需时间 | G16: 1.所需时间≤200ms | H16: 2 | I16: 台架
A17: 10 | B17: 本地&蓝牙音乐 | C17: I206本地音乐需求规格说明书-V1.3—3.1 音源选择3.1.2 USB | D17: S—无音频文件的U盘 | E17: 车机已上电 | F17: 1.车机处于主界面 2.接无音频文件的U盘 | G17: 1.车机自动切换至 USB 音乐源 2.不会自动播放 | H17: 2 | I17: 台架
A18: 11 | B18: 本地&蓝牙音乐 | C18: I206本地音乐需求规格说明书-V1.3—3.1 音源选择3.1.2 USB | D18: S—接有音频文件的U盘 | E18: 车机已上电 | F18: 1.车机处于主界面 2.接有音频文件的U盘 | G18: 1.切换到 USB 音乐源并自动播放第一个识别出来的音频文 件 | H18: 1 | I18: 台架
A19: 12 | B19: 本地&蓝牙音乐 | C19: I206本地音乐需求规格说明书-V1.3—3.1 音源选择3.1.2 USB | D19: S—未插入U盘 | E19: 车机已上电 | F19: 1.车机打开后不插入U盘，点击USB音乐源 | G19: 1.无法切 换为 USB 音乐源，USB 音乐源置灰 | H19: 3 | I19: 台架
... A155: 148 | B155: 本地&蓝牙音乐 | C155: I206本地音乐需求规格说明书-V1.3—3.8 双屏互动（全液晶 IP)3.8.2 音乐常显 3.8.2.1.2 业务逻辑 | D155: S—仪表回到场景重构 | E155: 1.车辆处于非 OFF 档 2.音乐播放中 3.IP当前优先级低于(哪些页面低)音乐界面 | F155: 1.在中控音乐界面屏 幕任意位置三/四指左滑 2.长按MODE关闭中控等多种关闭 多媒体音源的方式 | G155: 1.IP显示音乐播放界面 2.IP回到场景重构 3.播放状态为：停止 | H155: 2 | I155: 台架

Sheet 车主页
A1: 总用例 | B1: 30 | C1: XXX零部件测试车主页用例
A2: passed | B2: =COUNTIF(J:J,"=passed") -> 0
A3: failed | B3: =COUNTIF(J:J,"=failed") -> 0
A4: blocked | B4: =COUNTIF(J:J,"=blocked") -> 0
A5: N/A | B5: =COUNTIF(J:J,"=N/A") -> 0
A6: 项目名称：XXX | C6: 版本: | E6: 编制: | G6: 测试人员: | I6: 测试日期:
A7: 用例序号 | B7: 所属模块 | C7: 相关需求 | D7: 用例标题 | E7: 前置条件 | F7: 步骤 | G7: 预期 | H7: 优先级 | I7: 用例执行方式 | J7: 用例执行结果 | K7: DTM缺陷号
A8: 1 | B8: 4. 功能设计 | C8: 4.2.1 3D 车模区 | D8: F-3D车模同步进行可视化变化 | E8: 通过控件控制车辆相关部件 如：开启天窗 | F8: 1.打开3D车控区 2.天窗控制栏打开天窗 | G8: 触发动画3D车模同步开启天窗 | H8: 2 | I8: 台架
A9: 2 | B9: 4. 功能设计 | C9: 4.2.1 3D 车模区 | D9: F-实时显示已行驶里程数 | E9: 已行驶300KM | F9: 查看车模上方展示 | G9: 车模上方实时显示您已行驶300KM | H9: 2 | I9: 台架
A10: 3 | B10: 4. 功能设计 | C10: 4.2.2 车控区 | D10: F-车控区展示 | E10: 车辆控制快捷功能分三页展示 | F10: 可左右滑动 | G10: 可通过滑动进行切换 | H10: 1 | I10: 台架
A11: 4 | B11: 4. 功能设计 | C11: 4.2.2 车控区 | D11: F-快捷入口 | E11: 右上角展示了快捷入口 | F11: 1.打开3D车控区 2.点击快捷功能右上角快捷入口 | G11: 进入车辆设置APP界面 | H11: 1 | I11: 台架
A12: 5 | B12: 4. 功能设计 | C12: 4.2.2 车控区 | D12: F-天窗快捷设置 | E12: 快捷设置界面-天窗控制 | F12: 选择开启/通风/关闭 | G12: 选择开启：打开天窗 选择通风：打开天窗通风模式 选择关闭：关闭天窗 | H12: 1 | I12: 台架
A13: 6 | B13: 4. 功能设计 | C13: 4.2.2 车控区 | D13: F-陡坡缓降快捷设置 | E13: 快捷设置界面-陡坡缓降 | F13: 点击开关 | G13: 开启了陡坡缓降功能，再次点击关闭 | H13: 1 | I13: 台架
A14: 7 | B14: 4. 功能设计 | C14: 4.2.2 车控区 | D14: F-转向助力快捷设置 | E14: 快捷设置界面-转向助力 | F14: 点击选择标准/轻/重 | G14: 选择标准：车辆转向助力为标准 选择轻：车辆转向助力为轻 选择重：车辆转向助力为重 | H14: 1 | I14: 台架
A15: 8 | B15: 4. 功能设计 | C15: 4.2.2 车控区 | D15: F-大灯高度快捷设置 | E15: 快捷设置界面-大灯高度 | F15: 右滑动控制条至10 | G15: 页面大灯高度数值展示：10 | H15: 1 | I15: 台架
A16: 9 | B16: 4. 功能设计 | C16: 4.2.2 车控区 | D16: F-自动远光灯快捷设置 | E16: 快捷设置界面-自动远光灯 | F16: 点击开关 | G16: 打开自动远光灯功能，再次点击关闭 | H16: 1 | I16: 台架
A17: 10 | B17: 4. 功能设计 | C17: 4.2.2 车控区 | D17: F-前照灯延时快捷设置 | E17: 快捷设置界面-前照灯延时 | F17: 下拉框选择60S | G17: 前照灯延时时间为60S | H17: 1 | I17: 台架
A18: 11 | B18: 4. 功能设计 | C18: 4.2.2 车控区 | D18: F-遥控泊车行驶最大距离快捷设置 | E18: 快捷设置界面-遥控泊车行驶最大距离 | F18: 左滑动控制条至1M | G18: 遥控泊车行驶最大距离为1M | H18: 1 | I18: 台架
A19: 12 | B19: 4. 功能设计 | C19: 4.2.2 车控区 | D19: F-并线辅助快捷设置 | E19: 快捷设置界面-并线辅助 | F19: 点击开关 | G19: 开启并线辅助功能，再次点击关闭 | H19: 1 | I19: 台架
... A37: 30 | B37: 4. 功能设计 | C37: 4.3.2 维修保养区 | D37: F-网点查询展示逻辑 | E37: 网点查询弹窗页面 | F37: 页面展示 | G37: 长安4s店信息展示在最前面，距离由近到远展示 | H37: 2 | I37: 台架

Sheet 导航主页
A1: 总用例 | B1: 84 | C1: XXX零部件测试导航主页用例
A2: passed | B2: =COUNTIF(J:J,"=passed") -> 0
A3: failed | B3: =COUNTIF(J:J,"=failed") -> 0
A4: blocked | B4: =COUNTIF(J:J,"=blocked") -> 0
A5: N/A | B5: =COUNTIF(J:J,"=N/A") -> 0
A6: 项目名称：XXX | C6: 版本: | E6: 编制: | G6: 测试人员: | I6: 测试日期:
A7: 用例序号 | B7: 所属模块 | C7: 相关需求 | D7: 用例标题 | E7: 前置条件 | F7: 步骤 | G7: 预期 | H7: 优先级 | I7: 用例执行方式 | J7: 用例执行结果 | K7: DTM缺陷号
A8: 1 | B8: 导航主页 | C8: 无 | D8: F-dock栏固定排序为AI主页、地图主页、娱乐主页、车主页、全量应用 | E8: 主界面页面 | F8: 1. 查看dock栏按键 | G8: 1. 固定排序为AI主页、地图主页、娱乐主页、车主页、全量应用 | H8: 2 | I8: 台架
A9: 2 | B9: 导航主页 | C9: 无 | D9: S-点击dock栏对应按钮，可进入对应的主页。选中项需高亮。 | E9: 主界面页面 | F9: 1. 点击dock栏各个按键 | G9: 1. 可进入对应的主页。选中项需高亮。 | H9: 2 | I9: 台架
A10: 3 | B10: 导航主页 | C10: 无 | D10: S-频繁切换dock栏图标，可以正常响应，无卡滞错乱现象。 | E10: 主界面页面 | F10: 1. 频繁切换dock栏图标 | G10: 1. 正常响应，无卡滞错乱现象。 | H10: 1 | I10: 台架
A11: 4 | B11: 导航主页 | C11: 无 | D11: F-首次开机默认AI主页（首次开机/软件升级更新后初次开机/恢复出厂设置三种场景） | E11: 电源ON档，HU处于工作状态 | F11: 1. 首次开机查看主界面 2. 软件升级升级后首次进入查看主界面 3.恢复出厂设置后进入查看主界面 | G11: 1. 默认都是AI主页界面 | H11: 2 | I11: 台架
A12: 5 | B12: 导航主页 | C12: 无 | D12: S-设置地图主页为开机主页，重启后开机显示为地图主页 | E12: AI主页界面 | F12: 1. 点击地图按键 2. 关机重启 3.查看主界面 | G12: 1. 重启后显示为地图主页 | H12: 1 | I12: 台架
A13: 6 | B13: 导航主页 | C13: 无 | D13: S-设置娱乐主页为开机主页，重启后开机显示为娱乐主页 | E13: AI主页界面 | F13: 1. 点击娱乐按键 2. 关机重启 3.查看主界面 | G13: 1. 重启后显示为娱乐主页 | H13: 2 | I13: 台架
A14: 7 | B14: 导航主页 | C14: 无 | D14: S-设置车主页为开机主页，重启后开机显示为车主页 | E14: AI主页界面 | F14: 1. 点击车主页按键 2. 关机重启 3.查看主界面 | G14: 1. 重启后显示为车主页 | H14: 2 | I14: 台架
A15: 8 | B15: 导航主页 | C15: 无 | D15: S-设置全量应用为开机主页，重启后开机显示为全量应用 | E15: AI主页界面 | F15: 1. 点击全量应用按键 2. 关机重启 3.查看主界面 | G15: 1. 重启后显示为全量应用主页 | H15: 2 | I15: 台架
A16: 9 | B16: 导航主页 | C16: 无 | D16: S-dock栏左下角显示时间及星期 | E16: AI主页界面 | F16: 1. 查看dock栏左下角显示 | G16: 1. 显示实时时间及星期 | H16: 2 | I16: 台架
A17: 10 | B17: 导航主页 | C17: 无 | D17: F-点击DOCK栏导航图标，进入导航主页 | E17: AI主页界面 | F17: 1. 点击DOCK栏导航图标 | G17: 1. 显示导航主页界面 | H17: 1 | I17: 台架
A18: 11 | B18: 导航主页 | C18: 无 | D18: F-导航主页面左上角显示语音交互区：包括语音助手形象、语音提示区、语音打字机三个部分.文字显示：你可以说"小安你好" | E18: 导航主页界面 | F18: 1. 查看界面布局 | G18: 1. 导航主页面左上角显示语音交互区：包括语音助手形象、语音提示区、语音打字机三个部分.文字显示：你可以说"小安你好" | H18: 1 | I18: 台架
A19: 12 | B19: 导航主页 | C19: 无 | D19: F-显示长安语助形象，点击唤醒。 | E19: 导航主页界面 | F19: 1. 点击长安语助形象 | G19: 1. 可唤醒语音助手 | H19: 1 | I19: 台架
... A91: 84 | B91: 导航主页 | C91: 无 | D91: F-点击空调状态信息各个图标，可进入空调设置界面。 | E91: 导航主页界面 | F91: 1. 点击空调状态信息各个图标 | G91: 1. 可进入空调设置界面 | H91: 2 | I91: 台架

Sheet 高德地图
A1: 总用例 | B1: 191 | C1: XXX零部件测试高德地图用例
A2: passed | B2: =COUNTIF(J:J,"=passed") -> 0
A3: failed | B3: =COUNTIF(J:J,"=failed") -> 0
A4: blocked | B4: =COUNTIF(J:J,"=blocked") -> 0
A5: N/A | B5: =COUNTIF(J:J,"=N/A") -> 0
A6: 项目名称：XXX | C6: 版本: | E6: 编制: | G6: 测试人员: | I6: 测试日期:
A7: 用例序号 | B7: 所属模块 | C7: 相关需求 | D7: 用例标题 | E7: 前置条件 | F7: 步骤 | G7: 预期 | H7: 优先级 | I7: 用例执行方式 | J7: 用例执行结果 | K7: DTM缺陷号
A8: 1 | B8: 高德地图 | C8: 高德地图登录界面 | D8: F-高德地图进入 | E8: 有网络 | F8: 点击屏幕高德图标进入 | G8: 弹出使用提示弹框 | H8: 1 | I8: 台架
A9: 2 | B9: 高德地图 | C9: 高德地图登录界面 | D9: F-高德地图返回 | E9: 有网络 | F9: 点击屏幕主页图标 | G9: 退出地图界面 | I9: 台架
A10: 3 | B10: 高德地图 | C10: 高德地图登录界面 | D10: F-高德地图登录界面 | E10: 有网络 | F10: 点击地图左上角图标 | G10: 进入登录界面 | I10: 台架
A11: 4 | B11: 高德地图 | C11: 高德地图登录界面 | D11: F-高德地图扫码 | E11: 有网络 | F11: 扫描登录，手机端打开高德扫描车机上二维码框 | G11: 登录成功 | I11: 台架
A12: 5 | B12: 高德地图 | C12: 高德地图登录界面 | D12: F-高德地图注册 | E12: 有网络 | F12: 注册 | G12: 出现手机号码输入界面，数字键盘 | I12: 台架
A13: 6 | B13: 高德地图 | C13: 高德地图登录界面 | D13: F-高德地图验证码 | E13: 有网络 | F13: 验证码登录 | G13: 输入手机号码，点击获取验证码 | I13: 台架
A14: 7 | B14: 高德地图 | C14: 高德地图登录界面 | D14: F-高德地图登录信息 | E14: 登录成功 | F14: 打开登录界面 | G14: 正常显示登录的账号头像，名称，里程，消息等 | I14: 台架
A15: 8 | B15: 高德地图 | C15: 高德地图登录界面 | D15: F-高德地图退出登录 | E15: 登录成功 | F15: 点击登录成功界面右上角图标退出登录 | G15: 退出登录成功 | I15: 台架
A16: 9 | B16: 高德地图 | C16: 高德地图登录界面 | D16: F-高德地图共享位置 | E16: 登录界面 | F16: 我的消息 | G16: 显示手机端发送的共享位置信息 | I16: 台架
A17: 10 | B17: 高德地图 | C17: 高德地图登录界面 | D17: F-高德地图广播消息 | E17: 登录界面 | F17: 广播消息 | G17: 高德公司发送的消息显示在此栏，如果没有则为空 | I17: 台架
A18: 11 | B18: 高德地图 | C18: 高德地图登录界面 | D18: F-高德地图显示行程 | E18: 自动行程功能开启 | F18: 我的行程 | G18: 显示经历过的导航+巡航里程，进入后显示行程总里程，行程条数，行程同步的日期 | I18: 台架
A19: 12 | B19: 高德地图 | C19: 高德地图登录界面 | D19: F-高德地图下载行程 | E19: 自动行程功能开启 | F19: 下载行程 | G19: 点击行程可以正常下载，地图显示行程路线 | I19: 台架
A20: 13 | B20: 高德地图 | C20: 高德地图登录界面 | D20: F-高德地图删除行程 | E20: 自动行程功能开启 | F20: 删除行程 | G20: 点击行程详情右边显示回收站图标，可以正常删除行程 | I20: 台架
... A171: 164 | B171: 高德地图 | C171: 高德地图语音选点导航 | D171: F-高德地图放大比例 | E171: 地图界面 | F171: 放大地图比例到最大比例 | G171: 音乐控制缩放有提示音“已是最大比例尺”，手指点触地图放大地图正常，最大后【+】灰显 | I171: 台架
A172: 165 | B172: 高德地图 | C172: 高德地图语音选点导航 | D172: F-高德地图背景导航 | E172: 背景导航 | G172: 回到主页，仍然可以显示导航，屏幕下部显示提示路线已更新等提示信息 | I172: 台架
A173: 166 | B173: 高德地图 | C173: 高德地图语音选点导航 | D173: F-高德地图分享导航 | E173: 分享导航 | G173: 导航完成后，地图右下部有个分享导航图标，有个类似下载的箭头 | I173: 台架
A174: 167 | B174: 高德地图 | C174: 高德地图定位 | D174: F-高德地图GPS未连接测试 | E174: GPS没有连接，连接wifi | F174: 主图显示蓝色小圆点，断开wifi | G174: 车边变成灰色 | I174: 实车
A175: 168 | B175: 高德地图 | C175: 高德地图定位 | D175: F-高德地图开启导航 | E175: 正常开启导航 | F175: 导航主图状态下 | G175: 不会出现低油量弹条 | I175: 台架
A176: 169 | B176: 高德地图 | C176: 高德地图定位 | D176: F-高德地图显示卫星数量 | E176: 正常显示卫星数量 | F176: 进入地图界面 | G176: 地图状态栏显示卫星数量 | I176: 台架
A177: 170 | B177: 高德地图 | C177: 高德地图定位 | D177: F-高德地图语音爆破音测试 | E177: 背景播放本地音乐（或者FM） | F177: 进入地图界面，语音：“我在哪里”播报位置前有一个爆破音 | G177: 不出现爆破音 | I177: 台架
A178: 171 | B178: 高德地图 | C178: 高德地图定位 | D178: F-高德地图模拟导航不卡死 | E178: 地图界面 | F178: 开始模拟导航 | G178: 正常模拟导航等不出现卡死等 | I178: 台架
A179: 172 | B179: 高德地图 | C179: 高德地图定位 | D179: F-高德地图模拟导航偏好 | E179: 进入地图界面 | F179: 选择任意地点进行模拟导航，进入设置，选择加油站偏好，搜索的结果偏好设置没有显示在前面 | G179: 搜索结果正常显示 | I179: 台架
A180: 173 | B180: 高德地图 | C180: 高德地图定位 | D180: F-高德地图集结 | E180: 进入地图界面 | F180: 地图页面打开集结，设置我的昵称，输入框光标未显示在名称后面 | G180: 昵称输入界面正常 | I180: 台架
A181: 174 | B181: 高德地图 | C181: 高德地图定位 | D181: F-高德地图创建队伍 | E181: 进入地图界面 | F181: 创建我的队伍（此时是灰色状态）进入后，提示已经在队伍中 | G181: 正常创建队伍，在线，离线状态正常 | I181: 台架
A182: 175 | B182: 高德地图 | C182: 高德地图定位 | D182: F-高德地图手机互联 | E182: 进入地图界面 | F182: 手机高德扫描进行车机互联成功，车辆行驶后，车机跟手机自动断开连接 | G182: 正常显示连接或者断开状态 | I182: 台架
A183: 176 | B183: 高德地图 | C183: 高德地图定位 | D183: F-高德地图附近目的地导航 | E183: 实车导航 | F183: 附近的目的地导航后，目的地图标处显示 | G183: 目的地正常显示 | I183: 实车
A184: 177 | B184: 高德地图 | C184: 高德地图定位 | D184: F-高德地图收藏夹 | E184: 进入地图界面 | F184: 地图左上角菜单栏，重命名收藏地点后，新地址名称查看周边，搜索栏还是显示重命名前的地址 | G184: 正常显示名称 | I184: 台架
A185: 178 | B185: 高德地图 | C185: 高德地图定位 | D185: F-高德地图导航音量 | E185: 进入地图界面 | F185: 手机高德扫描或者手机号码验证码登录后导航播报音变成10，系统导航音量为1 | G185: 登录前后，播报音量一致 | I185: 台架
... A198: 191 | B198: 高德地图 | C198: 高德地图定位 | D198: F-高德地图与mode键交互 | E198: 进入地图界面 | F198: 按mode键切源 | G198: 切换正常，地图保持后台运行 | I198: 实车

Sheet 状态栏(底部状态栏)
A1: 总用例 | B1: 66 | C1: XXX零部件测试状态栏用例
A2: passed | B2: =COUNTIF(J:J,"=passed") -> 0
A3: failed | B3: =COUNTIF(J:J,"=failed") -> 0
A4: blocked | B4: =COUNTIF(J:J,"=blocked") -> 0
A5: N/A | B5: =COUNTIF(J:J,"=N/A") -> 0
A6: 项目名称：XXX | C6: 版本: | E6: 编制: | G6: 测试人员: | I6: 测试日期:
A7: 用例序号 | B7: 所属模块 | C7: 相关需求 | D7: 用例标题 | E7: 前置条件 | F7: 步骤 | G7: 预期 | H7: 优先级 | I7: 用例执行方式 | J7: 用例执行结果 | K7: DTM缺陷号
A8: 1 | B8: 状态栏 | C8: 1.布局定义 | D8: F-主页打开下拉菜单 | E8: / | F8: 1.打开主页 2.从屏幕顶部向下滑动 | G8: 显示下拉菜单 | H8: 1 | I8: 台架
A9: 2 | B9: 状态栏 | C9: 1.布局定义 | D9: F-导航页打开下拉菜单 | E9: / | F9: 1.打开导航页面 2.从屏幕顶部向下滑动 | G9: 显示下拉菜单 | H9: 2 | I9: 台架
A10: 3 | B10: 状态栏 | C10: 1.布局定义 | D10: F-多媒体页打开下拉菜单 | E10: / | F10: 1.打开多媒体页面 2.从屏幕顶部向下滑动 | G10: 显示下拉菜单 | H10: 1 | I10: 台架
A11: 4 | B11: 状态栏 | C11: 1.布局定义 | D11: F-车主页页打开下拉菜单 | E11: / | F11: 1.打开车主页页面 2.从屏幕顶部向下滑动 | G11: 显示下拉菜单 | H11: 2 | I11: 台架
A12: 5 | B12: 状态栏 | C12: 1.布局定义 | D12: F-全量应用页打开下拉菜单 | E12: / | F12: 1.打开全量应用页面 2.从屏幕顶部向下滑动 | G12: 显示下拉菜单 | H12: 2 | I12: 台架
A13: 6 | B13: 状态栏 | C13: 蓝牙图标 | D13: F-蓝牙图标高亮显示 | E13: 蓝牙已打开 | F13: 1.打开下拉菜单引导区 2.查看蓝牙图标展示 | G13: 蓝牙功能打开，蓝牙图标高亮显示 | H13: 2 | I13: 台架
A14: 7 | B14: 状态栏 | C14: 蓝牙图标 | D14: F-蓝牙图标置灰 | E14: 蓝牙已关闭 | F14: 1.打开下拉菜单引导区 2.查看蓝牙图标展示 | G14: 蓝牙功能关闭，蓝牙图标置灰 | H14: 2 | I14: 台架
A15: 8 | B15: 状态栏 | C15: 蓝牙图标 | D15: F-蓝牙连接时下方文字展示 | E15: 蓝牙连接时 | F15: 1.打开下拉菜单引导区 2.查看蓝牙图标下方展示 | G15: 显示连接设备名称，仅显示一排，字数超过用…表示 | H15: 2 | I15: 台架
A16: 9 | B16: 状态栏 | C16: 蓝牙图标 | D16: F-短按蓝牙图标 | E16: 蓝牙已打开 | F16: 1.打开下拉菜单引导区 2.短按蓝牙图标 | G16: 关闭蓝牙 | H16: 1 | I16: 台架
A17: 10 | B17: 状态栏 | C17: 蓝牙图标 | D17: F-短按蓝牙图标 | E17: 蓝牙已关闭 | F17: 1.打开下拉菜单引导区 2.短按蓝牙图标 | G17: 打开蓝牙 | H17: 1 | I17: 台架
A18: 11 | B18: 状态栏 | C18: 蓝牙图标 | D18: F-长按蓝牙图标 | E18: / | F18: 1.打开下拉菜单引导区 2.长按蓝牙图标 | G18: 1.弹出蓝牙连接悬浮窗 2.下拉菜单同时收起 | H18: 2 | I18: 台架
A19: 12 | B19: 状态栏 | C19: wifi图标 | D19: F-wifi图标高亮显示 | E19: wifi已打开 | F19: 1.打开下拉菜单引导区 2.查看wifi图标展示 | G19: 1.wifi功能打开， 2.wifi图标高亮显示 | H19: 2 | I19: 台架
... A73: 66 | B73: 状态栏 | C73: 空调净化图标 | D73: F-空调空气净化器图标不显示 | E73: 状态栏区域 | F73: 1.在状态栏区域 2.空调净化器关闭后 | G73: 不显示图标 | H73: 1 | I73: 台架

Sheet 文件管理
A1: 总用例 | B1: 144 | C1: XXX零部件测试文件管理用例
A2: passed | B2: =COUNTIF(J:J,"=passed") -> 0
A3: failed | B3: =COUNTIF(J:J,"=failed") -> 0
A4: blocked | B4: =COUNTIF(J:J,"=blocked") -> 0
A5: N/A | B5: =COUNTIF(J:J,"=N/A") -> 0
A6: 项目名称：XXX | C6: 版本: | E6: 编制: | G6: 测试人员: | I6: 测试日期:
A7: 用例序号 | B7: 所属模块 | C7: 相关需求 | D7: 用例标题 | E7: 前置条件 | F7: 步骤 | G7: 预期 | H7: 优先级 | I7: 用例执行方式 | J7: 用例执行结果 | K7: DTM缺陷号
A8: 1 | B8: 文件管理 | C8: USB(I209.01.01.00) | D8: F-识别USB连接 | E8: 插上U盘 | F8: 上电开机进入文件管理 | G8: 页面左侧文件源USB储存可选择 | H8: 1 | I8: 台架
A9: 2 | B9: 文件管理 | C9: USB(I209.01.01.00) | D9: F-未上U盘USB文件源置灰 | E9: 未插U盘 | F9: 上电开机进入文件管理 | G9: 页面USB文件源置灰，不可选择 | H9: 1 | I9: 台架
A10: 3 | B10: 文件管理 | C10: USB(I209.01.01.00) | D10: F-未识别到USB连接 | E10: 插上U盘 | F10: 1.上电开机进入文件管理 2.没有识别到USB | G10: 页面USB文件源置灰，不可选择 | H10: 1 | I10: 台架
A11: 4 | B11: 文件管理 | C11: HDD(I209.01.02.00) | D11: F-首次进入文件管理 | E11: / | F11: 1.首次进入文件管理 | G11: 1.默认进入本地储存 2.HDD文件源一直处于可选状态，不会置灰 | H11: 1 | I11: 台架
A12: 5 | B12: 文件管理 | C12: 音频文件列表(I209.02.01.00) | D12: F-音频列表展示 | E12: 1.进入文件管理 2.选择USB储存 3.打开音频列表 | F12: 1.查看列表展示 2.查看排序逻辑 | G12: 1.音频列表中全部显示音频文件 2.按照系统自身顺序方式排序 | H12: 3 | I12: 台架
A13: 6 | B13: 文件管理 | C13: 音频文件列表(I209.02.01.00) | D13: F-播放的音频文件高亮显示 | E13: 1.进入文件管理 2.选择USB储存 3.打开音频列表 | F13: 1.点击播放音频文件 2.查看播放中的音频文件状态 | G13: 要高亮显示并且显示播放状态图标 | H13: 2 | I13: 台架
A14: 7 | B14: 文件管理 | C14: 音频文件列表(I209.02.01.00) | D14: F-打开音频列表，不进入多媒体应用 | E14: 1.进入文件管理 2.选择USB储存 3.打开音频列表 | F14: 直接点击即可开始播放 | G14: 不进入多媒体应用 | H14: 1 | I14: 台架
A15: 8 | B15: 文件管理 | C15: 音频文件列表(I209.02.01.00) | D15: F-音频播放 | E15: 1.进入文件管理 2.选择USB储存 3.打开音频列表 | F15: 点击正在播放的歌曲 | G15: 取消播放 | H15: 1 | I15: 台架
A16: 9 | B16: 文件管理 | C16: 图片文件列表(I209.02.02.00) | D16: F-图片列表展示 | E16: 1.进入文件管理 2.选择USB储存 3.打开图片列表 | F16: 1.查看列表展示 2.查看排序逻辑 | G16: 1.显示当前文件源下所有的的图片文件 2.按照系统自身顺序方式排序 | H16: 2 | I16: 台架
A17: 10 | B17: 文件管理 | C17: 图片文件列表(I209.02.02.00) | D17: F-高亮显示打开的图片 | E17: 1.进入文件管理 2.选择USB储存 3.打开图片列表 | F17: 点击图片播放 | G17: 当前打开的图片要高亮显示 | H17: 1 | I17: 台架
A18: 11 | B18: 文件管理 | C18: 图片文件列表(I209.02.02.00) | D18: F-图片浏览模式 | E18: 1.进入文件管理 2.选择USB储存 3.打开图片列表 | F18: 可直接点击图片文件 | G18: 进入图片浏览模式 | H18: 1 | I18: 台架
A19: 12 | B19: 文件管理 | C19: 视频文件列表(I209.02.03.00) | D19: F-视频列表展示 | E19: 1.进入文件管理 2.选择USB储存 3.打开视频列表 | F19: 1.查看列表展示 2.查看排序逻辑 | G19: 1.显示当前文件源下所有的的视频文件 2.按照系统自身顺序方式排序 | H19: 3 | I19: 台架
... A151: 144 | B151: 文件管理 | C151: 文件限制条件 | D151: F-无效音频文件扩展名被修改 | E151: 无效音频文件 | F151: 本为BBB.txt，但将其扩展名修改为BBB.m3 | G151: 1.系统能够识别并显示，但不会被正常播放， 2.当播放到该文件时，系统提示“不支持该文件”， 然后跳至下一曲播放 | H151: 1 | I151: 台架

Sheet 自检APP
A1: 总用例 | B1: 24 | C1: XXX零部件测试自检APP用例
A2: passed | B2: =COUNTIF(J:J,"=passed") -> 0
A3: failed | B3: =COUNTIF(J:J,"=failed") -> 0
A4: blocked | B4: =COUNTIF(J:J,"=blocked") -> 0
A5: N/A | B5: =COUNTIF(J:J,"=N/A") -> 0
A6: 项目名称：XXX | C6: 版本: | E6: 编制: | G6: 测试人员: | I6: 测试日期:
A7: 用例序号 | B7: 所属模块 | C7: 相关需求 | D7: 用例标题 | E7: 前置条件 | F7: 步骤 | G7: 预期 | H7: 优先级 | I7: 用例执行方式 | J7: 用例执行结果 | K7: DTM缺陷号
A8: 1 | B8: 自检APP | C8: 自检APP功能说明书-4 THU 自检功能 | D8: F-非运输模式执行自检APP | E8: 1.SIM卡处于非停用状态 2.TBOX处于非运输状态 | F8: 1、操作车机进入工程模式； 2、在车机上点击“自检APP”; | G8: 1、车机APP开始下发自检指令，TBOX接收到HU发送开始自检指令，log为：selfTest https start 2、HU上连通性测试通过，开始下一项测试 | H8: 1 | I8: 仿真
A9: 2 | B9: 自检APP | C9: 自检APP功能说明书-4 THU 自检功能 | D9: F-运输模式执行自检APP | E9: 1.SIM卡处于非停用状态 2.TBOX处于运输状态 | F9: 1、修改redis中transport的值为true; 2、操作车机进入工程模式； 3、在车机上点击“自检APP”; | G9: 1、车机APP开始下发自检指令，TBOX接收到HU发送开始自检指令，log为：selfTest https start 2、HU上连通性测试通过，开始下一项测试 | H9: 2 | I9: 仿真
A10: 3 | B10: 自检APP | C10: 自检APP功能说明书-4 THU 自检功能 | D10: F-车机APP进行网络测试，检测HU的http、HTTPS连通失败 | E10: 1.SIM卡处于非停用状态 2.TBOX处于非运输状态 | F10: 1、点击自检APP的“开始自检”按钮； 2、修改redis数据库中server.conf的URL_TEST的值为错误的,断电重启； | G10: 2.反馈失败原因，结束自检流程（tbox通信） | H10: 1 | I10: 仿真
A11: 4 | B11: 自检APP | C11: 自检APP功能说明书-4 THU 自检功能 | D11: F-车机APP进行网络测试，TCP联通失败 | E11: 1.SIM卡处于非停用状态 2.TBOX处于非运输状态 | F11: 1、使用at指令关闭sim卡信号（at+cfun=0); 2、使用adb线，连接车机，打开车机，点击车机自检APP; | G11: TCP连接失败（tbox通信） | H11: 1 | I11: 仿真
A12: 5 | B12: 自检APP | C12: 自检APP功能说明书-4 THU 自检功能 | D12: F-取掉usb后进行自检 | E12: 1.SIM卡处于非停用状态 2.TBOX处于非运输状态 | F12: 1、取掉usb，断电重启 2、进入tbox自检界面（自带刷新） | G12: 1、车机APP显示无网络； 2、APP页面右下侧按钮不可点击，显示提示“获取信息失败，请检查并退出重试”； | H12: 1 | I12: 仿真
A13: 6 | B13: 自检APP | C13: 自检APP功能说明书-4 THU 自检功能 | D13: F-TBOX certid信息为错误信息时执行自检APP | E13: 1.SIM卡处于非停用状态 2.TBOX处于非运输状态 | F13: 1、修改terminal.conf配置文件中CertId为错误的值 2、删除redis中的REDIS_LOAD完成配置文件更新; 3、断电重启 4、操作车机进入工程模式； 5、在车机上点击“自检APP”; | G13: 5、HU反馈失败原因，结束自检流程（数据校验失败） | H13: 1 | I13: 仿真
A14: 7 | B14: 自检APP | C14: 自检APP功能说明书-4 THU 自检功能 | D14: F-ICCID错误时自检 | E14: 1.SIM卡处于非停用状态 2.TBOX处于非运输状态 | F14: 1、修改terminal.conf配置文件中ICCID为错误的值 2、删除redis中的REDIS_LOAD完成配置文件更新; 3、断电重启 4、操作车机进入工程模式； 5、在车机上点击“自检APP”; | G14: 5、HU反馈失败原因，结束自检流程（数据校验失败） | H14: 1 | I14: 仿真
A15: 8 | B15: 自检APP | C15: 自检APP功能说明书-4 THU 自检功能 | D15: F-TUID错误时自检 | E15: 1.SIM卡处于非停用状态 2.TBOX处于非运输状态 | F15: 1、修改terminal.conf配置文件中TUID为错误的值 2、删除redis中的REDIS_LOAD完成配置文件更新; 3、断电重启 4、操作车机进入工程模式； 5、在车机上点击“自检APP”; | G15: 5、HU反馈失败原因，结束自检流程（数据校验失败） | H15: 1 | I15: 仿真
A16: 9 | B16: 自检APP | C16: 自检APP功能说明书-4 THU 自检功能 | D16: F-获取信息成功，点击APP“开始自检自检”成功 | E16: 1.SIM卡处于非停用状态 2.TBOX处于非运输状态 | F16: 1、点击APP“开始自检”按钮； | G16: 1、右下角按钮不可点击，显示“检测中” 2、检测通过图标中自动打钩； | H16: 1 | I16: 仿真
A17: 10 | B17: 自检APP | C17: 自检APP功能说明书-4 THU 自检功能 | D17: F-连通性测试失败 | E17: 1.SIM卡处于非停用状态 2.TBOX处于非运输状态 | F17: 1、在自检APP成功执行之后，断开usb连接线; 2、重新点击自检APP; | G17: 1、APP显示“hu连通性”测试失败； | H17: 2 | I17: 仿真
A18: 11 | B18: 自检APP | C18: 自检APP功能说明书-4 THU 自检功能 | D18: F-数据网络测试通过，证书加密通道测试失败 | E18: 1.SIM卡处于非停用状态 2.TBOX处于非运输状态 | F18: 1、修改redis中证书id,使用错误加密证书 | G18: 1、APP显示证书加密通道测试“无法建立连接"； 2、后面项目直接显示失败，不显示失败原因； | H18: 2 | I18: 仿真
A19: 12 | B19: 自检APP | C19: 自检APP功能说明书-4 THU 自检功能 | D19: F-自检，远程控制（闪灯、鸣笛）失败 | E19: 1.SIM卡处于非停用状态 2.TBOX处于非运输状态 | F19: 1、点击车机APP自检按钮； 2、测试进入远程闪灯鸣笛； 3、下发远程控制闪灯鸣笛请求； 4、不回复远程控制CAN信号 | G19: 1、APP远程控制鸣笛显示“指令执行超时”； 2、APP页面右下侧显示信息是一致的，检测失败，请点击重试； | H19: 1 | I19: 仿真
... A31: 24 | B31: 自检APP | C31: 自检APP功能说明书-4 THU 自检功能 | D31: F-无网络条件执行自检APP | E31: 1.SIM卡处于非停用状态 2.TBOX处于非运输状态 | F31: 1、tbox的网络情况在无网络情况下 2、点击APP“开始自检”按钮； | G31: 1、自检失败反馈失败选项 | H31: 1 | I31: 仿真

Sheet 蓝牙电话
A1: 总用例 | B1: 191 | C1: XXX零部件测试蓝牙电话用例
A2: passed | B2: =COUNTIF(J:J,"=passed") -> 0
A3: failed | B3: =COUNTIF(J:J,"=failed") -> 0
A4: blocked | B4: =COUNTIF(J:J,"=blocked") -> 0
A5: N/A | B5: =COUNTIF(J:J,"=N/A") -> 0
A6: 项目名称：XXX | C6: 版本: | E6: 编制: | G6: 测试人员: | I6: 测试日期:
A7: 用例序号 | B7: 所属模块 | C7: 相关需求 | D7: 用例标题 | E7: 前置条件 | F7: 步骤 | G7: 预期 | H7: 优先级 | I7: 台架 | J7: 用例执行结果 | K7: DTM缺陷号
A8: 1 | B8: 蓝牙电话 | C8: I208BT电话需求规格说明书-V4.0-2.7.1 操作性能指标 | D8: F-BT开启-所需时间 | E8: BT电话app能打开且能使用 | F8: 1. 打开BT电话app 2. 开启BT开关 3.查看开启所需的时间 | G8: 1. 所需时间≤500ms | H8: 2
A9: 2 | B9: 蓝牙电话 | C9: I208BT电话需求规格说明书-V4.0-2.7.1 操作性能指标 | D9: F-BT开启-成功率 | E9: BT电话app能打开且能使用 | F9: 1. 打开BT电话app 2. 开启BT开关 3.查看是否能开启 | G9: 1. 成功率100% | H9: 2
A10: 3 | B10: 蓝牙电话 | C10: I208BT电话需求规格说明书-V4.0-2.7.1 操作性能指标 | D10: F-BT设备搜 索所需时间 | E10: BT已开启 | F10: 1. 开启BT设备（车端、手机端） 2. 查看搜索设备所需时间 | G10: 1. 所需时间≤3s | H10: 2
A11: 4 | B11: 蓝牙电话 | C11: I208BT电话需求规格说明书-V4.0-2.7.1 操作性能指标 | D11: F-车端BT搜索手机端成功率 | E11: BT已开启 | F11: 1. 开启BT设备（车端、手机端） 2. 查看车端是否能搜索到手机端的BT | G11: 1. 成功率100% | H11: 2
A12: 5 | B12: 蓝牙电话 | C12: I208BT电话需求规格说明书-V4.0-2.7.1 操作性能指标 | D12: F-手机端BT搜索车端成功率 | E12: BT已开启 | F12: 1. 开启BT设备（车端、手机端） 2. 查看手机端是否能搜索到车端的BT | G12: 1. 成功率100% | H12: 2
A13: 6 | B13: 蓝牙电话 | C13: I208BT电话需求规格说明书-V4.0-2.7.1 操作性能指标 | D13: F-BT配对成功所需时间 | E13: 1.BT已开启 2.能搜索到设备 | F13: 1. 开启BT设备（车端、手机端） 2. 点击设备进行配对 | G13: 1. 所需时间≤4s | H13: 2
A14: 7 | B14: 蓝牙电话 | C14: I208BT电话需求规格说明书-V4.0-2.7.1 操作性能指标 | D14: F-BT配对成功率 | E14: 1.BT已开启 2.能搜索到设备 | F14: 1. 开启BT设备（车端、手机端） 2. 点击设备进行配对 | G14: 1. 成功率100% | H14: 2
A15: 8 | B15: 蓝牙电话 | C15: I208BT电话需求规格说明书-V4.0-2.7.1 操作性能指标 | D15: F-BT自动连接所需时间 | E15: 非首次连接 | F15: 1.开启已配对成功且已连接成功的手机和车的BT 2.查看是否能自动连接，以及连接所需时间 | G15: 1. 所需时间≤2s | H15: 2
A16: 9 | B16: 蓝牙电话 | C16: I208BT电话需求规格说明书-V4.0-2.7.1 操作性能指标 | D16: F-BT自动连接成功率 | E16: 非首次连接 | F16: 1.开启已配对成功且已连接成功的手机和车的BT 2.查看是否能自动连接成功 | G16: 1. 成功率100% | H16: 2
A17: 10 | B17: 蓝牙电话 | C17: I208BT电话需求规格说明书-V4.0-2.7.1 操作性能指标 | D17: F-BT断开所需时间 | E17: BT设备已连接 | F17: 1、点击已连接的手机设备，在弹出框确认断开BT 2.查看断开所需时间 | G17: 1. 所需时间≤1s | H17: 2
A18: 11 | B18: 蓝牙电话 | C18: I208BT电话需求规格说明书-V4.0-2.7.1 操作性能指标 | D18: F-BT关闭所需时间 | E18: BT已开启 | F18: 1. 关闭BT启动开关 2.查看关闭所需时间 | G18: 1. 所需时间≤500ms | H18: 2
A19: 12 | B19: 蓝牙电话 | C19: I208BT电话需求规格说明书-V4.0-2.7.1 操作性能指标 | D19: F-BT关闭成功率 | E19: BT已开启 | F19: 1. 关闭BT启动开关 2.查看是否能关闭 | G19: 1. 成功率100% | H19: 2
... A198: 191 | B198: 蓝牙电话 | C198: I208BT电话需求规格说明书-V4.0-3.4 通话3.4.6 通话记录3.4.6.1 更新 | D198: F-实时在车机端的通话记录进行更新保存 | E198: 1.BT已连接 2.同步联系人开启 | F198: 1.手机端修改联系人名称 婷婷 157178989876 修改为 婷鑫微 157178989876 | G198: 1.修改信息实时在车机端的 通话记录中进行更新保存，车机端显示 婷鑫微 157178989876 | H198: 2

Sheet 鉴权
A1: 总用例 | B1: 26 | C1: XXX零部件测试鉴权用例
A2: passed | B2: =COUNTIF(J:J,"=passed") -> 0
A3: failed | B3: =COUNTIF(J:J,"=failed") -> 0
A4: blocked | B4: =COUNTIF(J:J,"=blocked") -> 0
A5: N/A | B5: =COUNTIF(J:J,"=N/A") -> 0
A6: 项目名称：XXX | C6: 版本: | E6: 编制: | G6: 测试人员: | I6: 测试日期:
A7: 用例序号 | B7: 所属模块 | C7: 相关需求 | D7: 用例标题 | E7: 前置条件 | F7: 步骤 | G7: 预期 | H7: 优先级 | I7: 用例执行方式 | J7: 用例执行结果 | K7: DTM缺陷号
A8: 1 | B8: 车机鉴权 | C8: 车机鉴权规范-V1.6.5-车机系统鉴权 | D8: F-车机系统鉴权基础功能(wifi未连接状态) | E8: 车机启动状态，预生产环境备案ok，wifi未连接 | F8: 1.车机启动开机； 2.使用酷我/喜马拉雅/wifi热点/服务商城/b-CALL/i-CALL/组队出行功能 | G8: 1-2.车联网功能能够正常使用 | H8: 1
A9: 2 | B9: 车机鉴权 | C9: 车机鉴权规范-V1.6.5-车机系统鉴权 | D9: F-车机系统鉴权基础功能(wifi连接状态) | E9: 车机启动状态，预生产环境备案ok，wifi连接 | F9: 1.将车机切换为飞行模式（工程模式切换） 2.关闭车机后重启车机 3.使用酷我/喜马拉雅/WiFi热点/服务商城/b-CALL/i-CALL/组队出行功能 | G9: 3.车联网功能能够正常使用 | H9: 1
A10: 3 | B10: 车机鉴权 | C10: 车机鉴权规范-V1.6.5-车机系统鉴权 | D10: F-车机系统鉴权失败系统不提示开机鉴权 | E10: 车机启动状态，预生产环境备案ok，wifi未连接 | F10: 1.将车机切换为正式环境 2.重启车机 3.观察车机有无鉴权弹窗 | G10: 3.无鉴权弹窗 | H10: 3
A11: 4 | B11: 车机鉴权 | C11: 车机鉴权规范-V1.6.5-车机系统鉴权 | D11: F-车机系统鉴权失败系统不提示token过期自动登录 | E11: 车机启动状态，预生产环境备案ok，wifi未连接 | F11: 1.车机启动开机，打开酷我/喜马拉雅； 2. 将车机切换为正式环境，界面停留在桌面保持12分钟； | G11: 1.酷我/喜马拉雅可以正常使用； 2.无鉴权弹窗 | H11: 3
A12: 5 | B12: 车机鉴权 | C12: 车机鉴权规范-V1.6.5-车机系统鉴权 | D12: F-车机系统鉴权失败系统不提示外部网络从无到有 | E12: 车机启动状态，预生产环境备案ok，wifi未连接 | F12: 1.将车辆驾驶到无网络信号的区域 2.ACC OFF后等待整车休眠 3.ACC ON,车机启动，进入到网络信号正常区域 4.观察车机有无鉴权弹窗 | G12: 4.无鉴权弹窗 | H12: 3
A13: 6 | B13: 车机鉴权 | C13: 车机鉴权规范-V1.6.5-车机系统鉴权 | D13: S-车机系统鉴权失败系统提示D01场景 | E13: 车机启动状态，预生产环境备案ok，wifi未连接 | F13: 1.将车机切换为正式环境 2.重启车机 3.点击酷我/喜马拉雅/wifi热点/服务商城/b-CALL/i-CALL/组队出行功能 4.观察车机有无鉴权弹窗 | G13: 4.弹窗显示“D01:车机系统与平台连接失败” | H13: 2
A14: 7 | B14: 车机鉴权 | C14: 车机鉴权规范-V1.6.5-车机系统鉴权 | D14: S-车机系统鉴权失败系统提示D01场景弹框处理 | E14: 车机启动状态，预生产环境备案ok，wifi未连接 车机无酷我音乐，则应用更换为喜马拉雅 | F14: 1.将车机切换为正式环境 2.重启车机 3.点击酷我音乐 4.在鉴权弹窗“D01:车机系统与平台连接失败”界面点击取消 5.再次点击酷我音乐 6.在弹窗界面，不操作任何按键 7.再次点击酷我，在鉴权弹窗“D01:车机系统与平台连接失败”界面点击重试 8.到工程模式切换为预生产环境 9.回到主页点击酷我 | G14: 4.界面不显示 6.界面无操作5秒后弹窗自动关闭 7.界面仍显示“D01:车机系统与平台连接失败” 9.酷我音乐能够正常使用 | H14: 3
A15: 8 | B15: 车机鉴权 | C15: 车机鉴权规范-V1.6.5-车机系统鉴权 | D15: S-车机系统鉴权失败系统提示D02场景 | E15: 车机启动状态，预生产环境备案ok | F15: 1.车联网同事配合将此设备的基础服务状态修改为其它随机数（不是active inactive pause即可） 2.打开车机，使用酷我/喜马拉雅 3.出现弹框后点击：知道了 | G15: 2.出现D02提示框“车联网基础服务获取失败，请致电呼叫中心400-888-6677” 3.可以退出弹框 | H15: 2
A16: 9 | B16: 车机鉴权 | C16: 车机鉴权规范-V1.6.5-车机系统鉴权 | D16: S-车机系统鉴权失败系统提示W01场景 | E16: 车机启动状态，预生产环境备案ok，wifi未连接 | F16: 1.将车辆行驶到无信号的区域 2.在无信号区域，反复使用酷我/喜马拉雅/wifi热点/服务商城/组队出行功能 3.观察鉴权弹窗 4.10分钟后，驾驶车辆到有信号的区域 5.再使用酷我/喜马拉雅/wifi热点/服务商城/组队出行功能 | G16: 3、对应的功能不能使用，界面显示“W01网络请求超时” 5、对应车联网相关功能能够正常使用 | H16: 3
A17: 10 | B17: 车机鉴权 | C17: 车机鉴权规范-V1.6.5-车机系统鉴权 | D17: S-车机系统鉴权失败系统提示W01场景弹框处理 | E17: 车机启动状态，预生产环境备案ok，wifi未连接 车机无酷我音乐，则应用更换为喜马拉雅 | F17: 1.将车辆行驶到无信号的区域，使用酷我音乐功能 2.在鉴权弹窗“W01:网络请求超时”界面点击取消 3.再次点击酷我音乐功能，在鉴权弹窗“W01:网络请求超时”界面点击重试 | G17: 1.界面显示：W01网络请求超时； 2.取消后弹窗正常关闭； 3.重新点击酷我音乐再次出现鉴权失败提示，W01网络请求超时，点击重试后，界面仍然显示如此； | H17: 3
A18: 11 | B18: 车机鉴权 | C18: 车机鉴权规范-V1.6.5-车机系统鉴权 | D18: S-车机系统鉴权失败系统提示J01场景(wifi未连接状态) | E18: 未进行实名认证的车机，车机启动状态，wifi未连接 | F18: 1.点击使用使用酷我/喜马拉雅/wifi热点/服务商城/b-CALL/i-CALL/组队出行功能 2.观察鉴权弹窗 3.出现弹框点击：知道了 | G18: 1-2.对应的功能不能使用，界面显示“J01您尚未实名认证，车联网基础服务无法使用…….” 3.可以退出弹框 | H18: 3
A19: 12 | B19: 车机鉴权 | C19: 车机鉴权规范-V1.6.5-车机系统鉴权 | D19: S-车机系统鉴权失败系统提示J01场景(wifi连接状态) | E19: 未进行实名认证的车机，车机启动状态，wifi连接 | F19: 1.将车机切换为飞行模式（工程模式切换） 2.关闭车机后重启车机 3.使用酷我/喜马拉雅/移动数据开关/服务商城/BCALL/ECALL等功能 4.出现弹框点击：知道了 | G19: 1-3.对应的功能不能使用，界面显示“J01您尚未实名认证，车联网基础服务无法使用…….” 4.可以退出弹框 | H19: 3
... A33: 26 | B33: 车机鉴权 | C33: 车机鉴权规范-V1.6.5-消息中心 | D33: S-消息中心消息存储与清空 | E33: 车机启动状态，预生产环境备案ok | F33: 1.通过云平台推送给该车机120条消息； 2.在消息底部点击清空全部消息； 3.车机主动向云平台获取5条车机相关消息； | G33: 1.可以成功收到云平台推送消息，超过100条后最先收到的消息被默认删掉； 2.清空全部消息； 3.可以再次收到车机消息； | H33: 3

Sheet 双屏互动
A1: 总用例 | B1: 196 | C1: XXX零部件测试双屏互动用例
A2: passed | B2: =COUNTIF(J:J,"=passed") -> 0
A3: failed | B3: =COUNTIF(J:J,"=failed") -> 0
A4: blocked | B4: =COUNTIF(J:J,"=blocked") -> 0
A5: N/A | B5: =COUNTIF(J:J,"=N/A") -> 0
A6: 项目名称：XXX | C6: 版本: | E6: 编制: | G6: 测试人员: | I6: 测试日期:
A7: 用例序号 | B7: 所属模块 | C7: 相关需求 | D7: 用例标题 | E7: 前置条件 | F7: 步骤 | G7: 预期 | H7: 优先级 | I7: 用例执行方式 | J7: 用例执行结果 | K7: DTM缺陷号
A8: 1 | B8: 多媒体 | C8: FID-01.01 | D8: 待机取消常显 | E8: 1.HU和IP网络通讯互联成功 2.BAT IGN ACC均已上电 3.网络仿真工具与HU IP正常通信 4.HU任意播放源 5.IP 端常显多媒体信息 | F8: 1.HU进入待机 | G8: 1.IP 端常显多媒体信息取消显示 | H8: 1 | I8: 台架
A9: 2 | B9: 多媒体 | C9: FID-01.01 | D9: 关机状态MODE无效 | E9: 1.HU和IP网络通讯互联成功 2.BAT IGN ACC均已上电 3.网络仿真工具与HU IP正常通信 4.HU任意播放源 5.IP 端常显多媒体信息 | F9: 1.HU关机 2.操作mode按键 | G9: 1.无响应 | H9: 1 | I9: 台架
A10: 3 | B10: 多媒体 | C10: FID-01.01.01 | D10: 呼出媒体源菜单 | E10: 1.HU和IP网络通讯互联成功 2.BAT IGN ACC均已上电 3.网络仿真工具与HU IP正常通信 4.HU任意播放源 | F10: 1.短按方控 mode 键（♫） | G10: 1.HU 不动作 2.IP 呼出媒体源菜单 | H10: 1 | I10: 台架
A11: 4 | B11: 多媒体 | C11: FID-01.01.01 | D11: 播放源切换顺序 | E11: 1.HU和IP网络通讯互联成功 2.BAT IGN ACC均已上电 3.网络仿真工具与HU IP正常通信 4.本地音乐有可播放文件，USB里有可播放文件且已连接，蓝牙音乐已连接有可播放蓝牙音乐 | F11: 1.短按方控 mode 键（♫） 2.再次短按方控 mode 键（♫） | G11: 1.1. IP及HU多媒体信息按“蓝牙音乐、在线音乐、本地音乐、 广播电台、在线节目”顺序循环切换 | H11: 1 | I11: 台架
A12: 5 | B12: 多媒体 | C12: FID-01.01.01.01 | D12: 常亮状态 | E12: 1.HU和IP网络通讯互联成功 2.BAT IGN ACC均已上电 3.网络仿真工具与HU IP正常通信 4.本地音乐有可播放文件，USB里有可播放文件且已连接，蓝牙音乐已连接有可播放蓝牙音乐 5.HU 发送给 IP 的[type=0x01] [subtype=0x01]HU 状态信息中 sourceUSB=1、sourceHDD=1、 sourceBT=1 | F12: 1.短按方控 mode 键（♫） | G12: 1.：广播电台图标保持常亮；在线 节目、在线音乐，USB音乐，本地音乐，蓝牙音乐图标点亮 | H12: 1 | I12: 台架
A13: 6 | B13: 多媒体 | C13: FID-01.01.01.01 | D13: 置灰状态 | E13: 1.HU和IP网络通讯互联成功 2.BAT IGN ACC均已上电 3.网络仿真工具与HU IP正常通信 4.本地音乐无可播放文件，USB里无可播放文件且已连接，蓝牙音乐已连接无可播放蓝牙音乐 5.HU 发送给 IP 的[type=0x01] [subtype=0x01]HU 状态信息中 sourceUSB=0、sourceHDD=0、 sourceBT=10 | F13: 1.短按方控 mode 键（♫） | G13: 1.：广播电台图标保持常亮；在线 节目、在线音乐；USB音乐图标置灰，本地音乐图标置灰，蓝牙音乐图标置灰保持常亮 | H13: 1 | I13: 台架
A14: 7 | B14: 多媒体 | C14: FID-01.01.01.01 | D14: 置灰状态 | E14: 1.HU和IP网络通讯互联成功 2.BAT IGN ACC均已上电 3.网络仿真工具与HU IP正常通信 4.本地音乐无可播放文件，USB未连接，蓝牙音乐未连接 5.5.HU 发送给 IP 的[type=0x01] [subtype=0x01]HU 状态信息中 sourceUSB=0、sourceHDD=0、 sourceBT=10 | F14: 1.短按方控 mode 键（♫） | G14: 1.：广播电台图标保持常亮；在线 节目、在线音乐；USB音乐图标置灰，本地音乐图标置灰，蓝牙音乐图标置灰保持常亮 | H14: 1 | I14: 台架
A15: 8 | B15: 多媒体 | C15: FID-01.01.01.02 | D15: 默认进入当前播放的媒体源图标 | E15: 1.HU和IP网络通讯互联成功 2.BAT IGN ACC均已上电 3.网络仿真工具与HU IP正常通信 4.HU当前播放源为蓝牙音乐 | F15: 1.短按方控 mode 键（♫） | G15: 1.IP进入当前蓝牙音乐的媒体源图标 2.仪表根据HU发送给IP的[type=0x01] [subtype=0x01]HU 状态信息中sourceStatus=47 | H15: 1 | I15: 台架
A16: 9 | B16: 多媒体 | C16: FID-01.01.01.02 | D16: 默认进入当前播放的媒体源图标 | E16: 1.HU和IP网络通讯互联成功 2.BAT IGN ACC均已上电 3.网络仿真工具与HU IP正常通信 4.HU当前播放源为在线音乐 | F16: 1.短按方控 mode 键（♫） | G16: 1.IP进入当前在线音乐的媒体源图标 2.仪表根据HU发送给IP的[type=0x01] [subtype=0x01]HU 状态信息中sourceStatus=13 | H16: 1 | I16: 台架
A17: 10 | B17: 多媒体 | C17: FID-01.01.01.02 | D17: 默认进入当前播放的媒体源图标 | E17: 1.HU和IP网络通讯互联成功 2.BAT IGN ACC均已上电 3.网络仿真工具与HU IP正常通信 4.HU当前播放源为USB音乐 | F17: 1.短按方控 mode 键（♫） | G17: 1.IP进入当前USB音乐的媒体源图标 2.仪表根据HU发送给IP的[type=0x01] [subtype=0x01]HU 状态信息中sourceStatus=11 | H17: 1 | I17: 台架
A18: 11 | B18: 多媒体 | C18: FID-01.01.01.02 | D18: 默认进入当前播放的媒体源图标 | E18: 1.HU和IP网络通讯互联成功 2.BAT IGN ACC均已上电 3.网络仿真工具与HU IP正常通信 4.HU当前播放源为本地音乐 | F18: 1.短按方控 mode 键（♫） | G18: 1.IP进入当前本地音乐的媒体源图标 2.仪表根据HU发送给IP的[type=0x01] [subtype=0x01]HU 状态信息中sourceStatus=10 | H18: 1 | I18: 台架
A19: 12 | B19: 多媒体 | C19: FID-01.01.01.02 | D19: 默认进入当前播放的媒体源图标 | E19: 1.HU和IP网络通讯互联成功 2.BAT IGN ACC均已上电 3.网络仿真工具与HU IP正常通信 4.HU当前播放源为广播电台 | F19: 1.短按方控 mode 键（♫） | G19: 1.IP进入当前广播电台的媒体源图标 2.仪表根据HU发送给IP的[type=0x01] [subtype=0x01]HU 状态信息中sourceStatus=1 | H19: 1 | I19: 台架
... A203: 196 | B203: 电话 | C203: FID-02.02.02 | D203: 来电 | E203: 1.HU和IP网络通讯互联成功 2.BAT IGN ACC均已上电 3.网络仿真工具与HU IP正常通信 4.来电中界面 | F203: 1. 左右键切换至挂断 | G203: 1.仪表和HU同步挂断 2.接听电话：挂断电话：[type:0x12] [Subtype:0x07]HU_control_t：cmd=1 ，电话状态：[type=0x01] [subtype=0x01]BTPhoneStatus | H203: 1 | I203: 台架

Sheet 系统设置
A1: 总用例 | B1: 192 | C1: XXX零部件测试系统设置用例
A2: passed | B2: =COUNTIF(J:J,"=passed") -> 0
A3: failed | B3: =COUNTIF(J:J,"=failed") -> 0
A4: blocked | B4: =COUNTIF(J:J,"=blocked") -> 0
A5: N/A | B5: =COUNTIF(J:J,"=N/A") -> 0
A6: 项目名称：XXX | C6: 版本: | E6: 编制: | G6: 测试人员: | I6: 测试日期:
A7: 用例序号 | B7: 所属模块 | C7: 相关需求 | D7: 用例标题 | E7: 前置条件 | F7: 步骤 | G7: 预期 | H7: 优先级 | I7: 用例执行方式 | J7: 用例执行结果 | K7: DTM缺陷号
A8: 1 | B8: 系统设置 | C8: I215.01.01.00-语言设置 | D8: F-系统设置下语言设置界面显示（非海外机型） | E8: 1.之前未进入到语言设置中进行设置语言； 2.进入系统设置→语言设置 | F8: 1. 查看界面显示情况 | G8: 1.界面显示符合UI设置，默认语言为中文； | H8: 1 | I8: 台架
A9: 2 | B9: 系统设置 | C9: I215.01.01.00-语言设置 | D9: F-系统设置下语言设置界面显示（海外机型） | E9: 1.之前未进入到语言设置中进行设置语言； 2.进入系统设置→语言设置 | F9: 1. 查看界面显示情况 | G9: 1.界面显示符合UI设置，默认语言看实际机型要求； | H9: 1 | I9: 台架
A10: 3 | B10: 系统设置 | C10: I215.01.01.00-语言设置 | D10: S-系统设置下语言切换功能（非海外机型） | E10: 进入系统设置→语言设置 | F10: 1. 界面语言切换，从中文切换到英文 2. 回到主页面； 3. 检查电话、文件管理、车辆设置3个APP界面语言显示； | G10: 1. 语言可以切换 2. 主页面显示语言切换成功，英文翻译无明显异常 3. 进入APP后一级菜单语言切换成功 | H10: 1 | I10: 台架
A11: 4 | B11: 系统设置 | C11: I215.01.01.00-语言设置 | D11: S-系统设置下语言切换功能（非海外机型） | E11: 进入系统设置→语言设置 | F11: 1. 界面语言切换，从英文切换到中文 2. 回到主页面； 3. 检查电话、文件管理、车辆设置3个APP界面语言显示； | G11: 1. 语言可以切换 2. 主页面显示语言切换成功 3. 进入APP后一级菜单语言切换成功 | H11: 1 | I11: 台架
A12: 5 | B12: 系统设置 | C12: I215.01.01.00-语言设置 | D12: S-系统设置下语言切换功能（海外机型） | E12: 进入系统设置→语言设置 | F12: 1. 界面语言切换，从英文切换到中文 2. 回到主页面； 3. 检查电话、文件管理、车辆设置3个APP界面语言显示； | G12: 1. 语言可以切换 2. 主页面显示语言切换成功 3. 进入APP后一级菜单语言切换成功 | H12: 1 | I12: 台架
A13: 6 | B13: 系统设置 | C13: I215.01.01.00-语言设置 | D13: S-系统设置下语言切换功能（海外机型） | E13: 进入系统设置→语言设置 | F13: 1. 界面语言切换，从英文切换到阿拉伯文 2. 回到主页面； 3. 检查电话、文件管理、车辆设置3个APP界面语言显示； | G13: 1. 语言可以切换 2. 主页面显示语言切换成功 3. 进入APP后一级菜单语言切换成功 | H13: 1 | I13: 台架
A14: 7 | B14: 系统设置 | C14: I215.01.01.00-语言设置 | D14: S-系统设置下语言切换功能（海外机型） | E14: 进入系统设置→语言设置 | F14: 1. 界面语言切换，从英文切换到俄文 2. 回到主页面； 3. 检查电话、文件管理、车辆设置3个APP界面语言显示； | G14: 1. 语言可以切换 2. 主页面显示语言切换成功 3. 进入APP后一级菜单语言切换成功 | H14: 1 | I14: 台架
A15: 8 | B15: 系统设置 | C15: I215.01.01.00-语言设置 | D15: S-系统设置下语言切换功能（海外机型） | E15: 进入系统设置→语言设置 | F15: 1. 界面语言切换，从英文切换到西班牙文 2. 回到主页面； 3. 检查电话、文件管理、车辆设置3个APP界面语言显示； | G15: 1. 语言可以切换 2. 主页面显示语言切换成功 3. 进入APP后一级菜单语言切换成功 | H15: 1 | I15: 台架
A16: 9 | B16: 系统设置 | C16: I215.01.01.00-语言设置 | D16: S-系统设置下语言切换功能（海外机型） | E16: 进入系统设置→语言设置 | F16: 1. 界面语言切换，从英文切换到葡萄牙文 2. 回到主页面； 3. 检查电话、文件管理、车辆设置3个APP界面语言显示； | G16: 1. 语言可以切换 2. 主页面显示语言切换成功 3. 进入APP后一级菜单语言切换成功 | H16: 1 | I16: 台架
A17: 10 | B17: 系统设置 | C17: I215.01.01.00-语言设置 | D17: S-系统设置仪表语言切换功能 | E17: 1.支持HU与仪表同步机型 2.有仪表 | F17: 1.HU设置系统语言为英文，查看仪表语言； 2.HU设置系统语言切换为中文，查看仪表语言； | G17: 1-2.仪表语言显示同步切换成功，英文翻译无明显异常 | H17: 2 | I17: 台架
A18: 11 | B18: 系统设置 | C18: I215.01.01.00-语言设置 | D18: S-系统设置仪表语言切换功能(CAN仿真) | E18: 无仪表需要仿真测试 1.支持HU与仪表同步机型 2.车机连接kvaser进行CAN仿真 | F18: 1.HU设置系统语言为英文，查看仪表语言； 2.HU设置系统语言切换为中文，查看仪表语言； | G18: 1.CAN仿真软件检查HU发出信号：ID=38E，HU_LanguageSync=0x1，cycle=100ms； 2.CAN仿真软件检查HU发出信号：ID=38E，HU_LanguageSync=0x0，cycle=100ms； | H18: 2 | I18: 仿真
A19: 12 | B19: 系统设置 | C19: I215.01.02.00-时间格式 | D19: F-系统设置下时间格式界面显示 | E19: 1.之前未进入到时间格式中进行设置选择； 2.进入系统设置→时间格式 | F19: 1.查看界面显示情况 2.切换系统语言设置 | G19: 1.默认显示为24小时制 2.时间格式显示无变化 | H19: 4 | I19: 台架
... A199: 192 | B199: 系统设置 | C199: I215系统设置需求规格说明书-V2.2-压力测试 | D199: F-蓝牙开关压力测试 | E199: 1.已连接蓝牙手机，车机端联系人同步开关打开； | F199: 1.播放蓝牙音乐，进入系统设置，反复切换蓝牙开关100次，每个间隔10s； 2.主叫呼出蓝牙电话，接听过程中关闭蓝牙开关，隔10s后开启蓝牙开关，蓝牙开关切换100次，单次蓝牙电话时长要求≥10分钟； | G199: 1.蓝牙断开后，音乐声音不从车机输出，手机是否继续播放取决于手机的逻辑(可以播放即可)，再次连接蓝牙前手机播放音乐； 2.电话中，蓝牙关闭时通话声回到手机输出，蓝牙连接时通话声回到车机蓝牙输出，通话声音切换准确，无明显音质问题； | H199: 3 | I199: 台架

Sheet 智能提示
A1: 总用例 | B1: 57 | C1: XXX零部件测试智能提示用例
A2: passed | B2: =COUNTIF(J:J,"=passed") -> 0
A3: failed | B3: =COUNTIF(J:J,"=failed") -> 0
A4: blocked | B4: =COUNTIF(J:J,"=blocked") -> 0
A5: N/A | B5: =COUNTIF(J:J,"=N/A") -> 0
A6: 项目名称：XXX | C6: 版本: | E6: 编制: | G6: 测试人员: | I6: 测试日期:
A7: 用例序号 | B7: 所属模块 | C7: 相关需求 | D7: 用例标题 | E7: 前置条件 | F7: 步骤 | G7: 预期 | H7: 优先级 | I7: 用例执行方式 | J7: 用例执行结果 | K7: DTM缺陷号
A8: 1 | B8: 智能提示 | C8: I203智能提示需求规格说明书-V1.6-陡坡缓降推荐 | D8: F-陡坡缓降推荐功能测试 | E8: 1.电源处于 ON 档，HU 处于开机状态； 2.系统设置→智能提示→主动推送功能开启 | F8: 1.整车处于下陡坡行驶状态，触发陡坡缓降推荐； 2.立刻启动陡坡缓降功能； 3.行驶至安全地方熄火 | G8: 1.HU发出1次1次语音推荐和文字推送提示： 语音提示文言：“检测到您在下陡坡，可在换挡面板上开启陡坡缓降功能”； 文字弹框提示文言：“检测到您在下陡坡，可在换挡面板上开启陡坡缓降功能” 2.文字弹框立刻消失； | H8: 1
A9: 2 | B9: 智能提示 | C9: I203智能提示需求规格说明书-V1.6-陡坡缓降推荐 | D9: F-陡坡缓降推荐弹框处理 | E9: 1.电源处于 ON 档，HU 处于开机状态； 2.系统设置→智能提示→主动推送功能开启 | F9: 1.整车处于下陡坡行驶状态，触发陡坡缓降推荐弹框，在弹框界面点击“知道了”； 2.行驶至安全地方熄火； 3.再次点火启动进入到下陡坡行驶状态，触发陡坡缓降推荐弹框，等待弹框自动消失； 4.行驶至安全地方熄火； 5.再次点火启动进入到下陡坡行驶状态，触发陡坡缓降推荐弹窗，在弹框界面点击“知道了”，勾选“不再提示”； | G9: 1.点击后正常关闭弹框； 3.10s后弹框自动消失； 5.点击后正常关闭弹框，进入系统设置→智能提示→主动推送查看，功能被置为关闭； | H9: 2
A10: 3 | B10: 智能提示 | C10: I203智能提示需求规格说明书-V1.6-陡坡缓降推荐 | D10: F-陡坡缓降推荐同一个点火周期不重复提示 | E10: 1.电源处于 ON 档，HU 处于开机状态； 2.系统设置→智能提示→主动推送功能开启 | F10: 1.整车行驶在下陡坡行驶状态，触发陡坡缓降推荐弹框，在弹框界面点击“知道了”； 2.然后继续处于下陡坡行驶状态； | G10: 1.点击后正常关闭弹框； 2.继续行驶不再触发弹框； | H10: 3
A11: 4 | B11: 智能提示 | C11: I203智能提示需求规格说明书-V1.6-陡坡缓降推荐 | D11: F-陡坡缓降推荐不提示 | E11: 1.电源处于 ON 档，HU 处于开机状态； 2.系统设置→智能提示→主动推送功能关闭 | F11: 1.整车行驶在下陡坡行驶状态； | G11: 1.不会触发陡坡缓降推荐弹框； | H11: 2
A12: 5 | B12: 智能提示 | C12: I203智能提示需求规格说明书-V1.6-自适应巡航推荐 | D12: F-自适应巡航推荐功能测试 | E12: 1.电源处于 ON 档，HU 处于开机状态； 2.ACC巡航功能处于关闭状态 3.系统设置→智能提示→主动推送功能开启 | F12: 1.整车行驶，同时满足如下几个条件： a）车辆行驶总里程大于 100Km； b）车辆在高速公路或快速路； c）车速在 60-120km/h 之间且大于 60km/h 超过 2 分钟 2.立刻启动ACC巡航功能； | G12: 1.HU发出1次语音提示和文字推送提示； 语音提示文言：“当前路况良好，您可以在方向盘左侧按键打开自适应巡航功能”； 文字弹框提示文言：“当前路况良好，您可以在方向盘左侧按键打开自适应巡航功能”； 2.文字推送弹框立刻消失； | H12: 1
A13: 6 | B13: 智能提示 | C13: I203智能提示需求规格说明书-V1.6-自适应巡航推荐 | D13: F-自适应巡航推荐弹框处理 | E13: 1.电源处于 ON 档，HU 处于开机状态； 2.ACC巡航功能处于关闭状态 3.系统设置→智能提示→主动推送功能开启 | F13: 1.整车处于满足ACC巡航的条件(具体条件参考上一条用例)，触发ACC弹框，在弹框界面点击“知道了”； 2.行驶至安全地方熄火； 3.再次触发ACC巡航推荐，等待弹框自动消失； 4.行驶至安全地方熄火； 5.再次点火启动触发ACC巡航推荐弹窗，在弹框界面点击“知道了”，勾选“不再提示”； | G13: 1.点击后正常关闭弹框； 3.10s后弹框自动消失； 5.点击后正常关闭弹框，进入系统设置→智能提示→主动推送查看，功能被置为关闭； | H13: 2
A14: 7 | B14: 智能提示 | C14: I203智能提示需求规格说明书-V1.6-自适应巡航推荐 | D14: F-自适应巡航推荐同一个点火周期不重复提示 | E14: 1.电源处于 ON 档，HU 处于开机状态； 2.ACC巡航功能处于关闭状态 3.系统设置→智能提示→主动推送功能开启 | F14: 1.整车处于满足ACC巡航的条件(具体条件参考上一条用例)，触发ACC弹框，在弹框界面点击“知道了”； 2.然后继续处于满足触发ACC巡航的条件下； | G14: 1.点击后正常关闭弹框； 2.继续行驶不再触发弹框； | H14: 3
A15: 8 | B15: 智能提示 | C15: I203智能提示需求规格说明书-V1.6-自适应巡航推荐 | D15: F-自适应巡航推荐不提示 | E15: 1.电源处于 ON 档，HU 处于开机状态； 2.系统设置→智能提示→主动推送功能关闭 3.ACC巡航功能处于关闭状态； | F15: 1.在同一个点火周期中，整车行驶处于满足ACC巡航的条件，查看是否有自适应巡航推荐提示； | G15: 1.不会触发自适应巡航推荐弹框； | H15: 2
A16: 9 | B16: 智能提示 | C16: I203智能提示需求规格说明书-V1.6-自适应巡航推荐 | D16: F-自适应巡航推荐路况不满足不提示 | E16: 1.电源处于 ON 档，HU 处于开机状态； 2.ACC巡航功能处于关闭状态 3.系统设置→智能提示→主动推送功能开启 | F16: 1.整车行驶在非高速公路和非快速路上，同时满足如下几个条件： a）车辆行驶总里程大于 100Km； b）车速在60-120km/h之间且大于60km/h超过2分钟 | G16: 1.不会触发自适应巡航推荐弹框； | H16: 2
A17: 10 | B17: 智能提示 | C17: I203智能提示需求规格说明书-V1.6-自适应巡航推荐 | D17: F-自适应巡航推荐车速不满足不提示 | E17: 1.电源处于 ON 档，HU 处于开机状态； 2.ACC巡航功能处于关闭状态 3.系统设置→智能提示→主动推送功能开启 | F17: 1.整车行驶车速处于低于60km/h或大于120km/h的速度范围或处于60~120km/h的速度范围，但大于60km/h的速度保持时间低于2分钟，同时满足如下几个条件： a）车辆行驶总里程大于100Km； b）车辆在高速公路或快速路； | G17: 1.不会触发自适应巡航推荐弹框； | H17: 2
A18: 11 | B18: 智能提示 | C18: I203智能提示需求规格说明书-V1.6-自适应巡航推荐 | D18: F-自适应巡航推荐行驶总里程不满足不提示 | E18: 1.电源处于 ON 档，HU 处于开机状态； 2.ACC巡航功能处于关闭状态 3.系统设置→智能提示→主动推送功能开启 | F18: 1.整车行驶总里程低于100KM，同时满足如下几个条件： a）车辆在高速公路或快速路； b）车速在60-120km/h之间且大于60km/h超过2分钟 | G18: 1.不会触发自适应巡航推荐弹框； | H18: 2
A19: 12 | B19: 智能提示 | C19: I203智能提示需求规格说明书-V1.6-停车熄火引导提示 | D19: F-停车熄火引导提示功能测试 | E19: 需要进行仿真测试 1.电源处于 ON 档，HU 处于开机状态； 2.系统设置→智能提示→主动推送功能开启 | F19: 1.通过CAN仿真触发： a）HU 收到“车速信号 ESP_VehicleSpeed=0x1FFF=Invalid”； b）发动机转速 EMS_EngineSpeed 不为 0； c）车辆行驶总里程行驶信号 IP_TotalOdometer 不再累积增加持续 1s 2.出现弹框提示后，进行强制熄火操作； | G19: 1.HU发出图示+文字提示，文字提示内容：“当前车况可能会影响熄火操作，您可长按一键启动按键 5s 强制熄火” 2.强制熄火操作后，文字弹框提示立刻消失； | H19: 1
... A64: 57 | B64: 智能提示 | C64: I203智能提示需求规格说明书-V1.6-脱眼/疲劳/接管语音提示 | D64: F-脱眼/疲劳/接管语音提示仿真测试 | E64: 1.电源ON档 | F64: 1.HU收到“ADS_PositionOnReq”=0x2=level 2 request； 2.HU收到“ADS_EyesOnReq”=0x1=level 1 request 或“ACC_HandsoffFuncTextinfo” =Handsoff limit by drowsy 3.HU收到“ADS_EyesOnReq”=0x2=level 2 request 或“ACC_HandsoffFuncTextinfo” =Handsoff limit by drowsy 4.HU收到“ADS_EyesOnReq”=0x3=level 3 request 或“ACC_HandsoffFuncTextinfo” =Handsoff limit by drowsy 5.HU收到“ACC_HandsoffFuncTextinfo” =Handsoff limit by distraction 6.HU收到“takeoverInIPFailure”= request | G64: 1.HU执行语音报警，提示内容：请保持正确坐姿； 2-4.HU执行语音报警，提示内容：请勿疲劳驾驶； 5.HU执行语音报警，提示内容：请注视前方道路； 6.HU执行语音报警，提示内容：请立即接管； | H64: 2

Sheet 智能推荐
A1: 总用例 | B1: 55 | C1: XXX零部件测试智能推荐用例
A2: passed | B2: =COUNTIF(J:J,"=passed") -> 0
A3: failed | B3: =COUNTIF(J:J,"=failed") -> 0
A4: blocked | B4: =COUNTIF(J:J,"=blocked") -> 0
A5: N/A | B5: =COUNTIF(J:J,"=N/A") -> 0
A6: 项目名称：XXX | C6: 版本: | E6: 编制: | G6: 测试人员: | I6: 测试日期:
A7: 用例序号 | B7: 所属模块 | C7: 相关需求 | D7: 用例标题 | E7: 前置条件 | F7: 步骤 | G7: 预期 | H7: 优先级 | I7: 用例执行方式 | J7: 用例执行结果 | K7: DTM缺陷号
A8: 1 | B8: 停车辅助推荐（APA 推荐） | C8: I238智能推荐需求规格说明书-V1.9 四、 产品特性 3、 停车辅助推荐（APA 推荐） | D8: S—第一次推荐，未进入非CP停车场 | E8: 1.配置 APA5.0 车型 2用户注册成功（实名认证） 3.网络正常 4.第一次推荐 | F8: 1.未进入非CP停车场 | G8: 1.不进行自动泊车推荐 | H8: 1 | I8: 实车
A9: 2 | B9: 停车辅助推荐（APA 推荐） | C9: I238智能推荐需求规格说明书-V1.9 四、 产品特性 3、 停车辅助推荐（APA 推荐） | D9: S—第一次推荐，进入CP停车场 | E9: 1.配置 APA5.0 车型 2.用户注册成功（实名认证） 3.网络正常 4.第一次推荐 | F9: 1.进入CP停车场 | G9: 1.进行自动泊车推荐，作为功能推广 | H9: 1 | I9: 实车
A10: 3 | B10: 停车辅助推荐（APA 推荐） | C10: I238智能推荐需求规格说明书-V1.9 四、 产品特性 3、 停车辅助推荐（APA 推荐） | D10: S—第一次推荐，进入非CP停车场，且满足特定条件下停车 | E10: 1.配置 APA5.0 车型 2.用户注册成功（实名认证） 3.网络正常 4.第一次推荐 | F10: 1.进入非CP停车场 2.目的地是停车场 3.到达目的地 4.导航语音播报完成 5.当前处于低速状态（低于15km/h） | G10: 1.进行第一次的推荐，并且不根据用户标签推荐 | H10: 1 | I10: 实车
A11: 4 | B11: 停车辅助推荐（APA 推荐） | C11: I238智能推荐需求规格说明书-V1.9 四、 产品特性 3、 停车辅助推荐（APA 推荐） | D11: S—第一次推荐，进入非CP停车场，且满足特定条件下停车，无网络信号 | E11: 1.配置 APA5.0 车型 2.用户注册成功（实名认证） 3.第一次推荐 4.满足特定条件下停车 | F11: 1.进入非CP停车场 2.目的地是停车场 3.到达目的地 4.导航语音播报完成 5.当前处于低速状态（低于15km/h 6.断开网络信号 | G11: 1.不进行自动泊车推荐 | H11: 1 | I11: 实车
A12: 5 | B12: 停车辅助推荐（APA 推荐） | C12: I238智能推荐需求规格说明书-V1.9 四、 产品特性 3、 停车辅助推荐（APA 推荐） | D12: S—第一次推荐，进入非CP停车场，不满足特定条件下停车 | E12: 1.配置 APA5.0 车型 2.用户注册成功（实名认证） 3.网络正常 4.第一次推荐 | F12: 1.进入非CP停车场 2.目的地不是停车场 3.未到达目的地 4.导航语音未播报完成 5.当前处于高速状态（高于15km/h） | G12: 1.不进行自动泊车推荐 | H12: 1 | I12: 实车
A13: 6 | B13: 停车辅助推荐（APA 推荐） | C13: I238智能推荐需求规格说明书-V1.9 四、 产品特性 3、 停车辅助推荐（APA 推荐） | D13: S—第一次推荐，进入非CP停车场，目的地不是停车场 | E13: 1.配置 APA5.0 车型 2.用户注册成功（实名认证） 3.网络正常 4.第一次推荐 | F13: 1.进入非CP停车场 2.目的地不是停车场 3.到达目的地 4.导航语音播报完成 5.当前处于低速状态（低于15km/h） | G13: 1.不进行自动泊车推荐 | H13: 1 | I13: 实车
A14: 7 | B14: 停车辅助推荐（APA 推荐） | C14: I238智能推荐需求规格说明书-V1.9 四、 产品特性 3、 停车辅助推荐（APA 推荐） | D14: S—第一次推荐，进入非CP停车场，未到达目的地 | E14: 1.配置 APA5.0 车型 2.用户注册成功（实名认证） 3.网络正常 4.第一次推荐 | F14: 1.进入非CP停车场 2.目的地是停车场 3.未到达目的地 4.导航语音播报完成 5.当前处于低速状态（低于15km/h） | G14: 1.不进行自动泊车推荐 | H14: 1 | I14: 实车
A15: 8 | B15: 停车辅助推荐（APA 推荐） | C15: I238智能推荐需求规格说明书-V1.9 四、 产品特性 3、 停车辅助推荐（APA 推荐） | D15: S—第一次推荐，进入非CP停车场，导航语音未播报完成 | E15: 1.配置 APA5.0 车型 2.用户注册成功（实名认证） 3.网络正常 4.第一次推荐 | F15: 1.进入非CP停车场 2.目的地是停车场 3.到达目的地 4.导航语音未播报完成 5.当前处于低速状态（低于15km/h） | G15: 1.不进行自动泊车推荐 | H15: 1 | I15: 实车
A16: 9 | B16: 停车辅助推荐（APA 推荐） | C16: I238智能推荐需求规格说明书-V1.9 四、 产品特性 3、 停车辅助推荐（APA 推荐） | D16: S—第一次推荐，进入非CP停车场，当前处于高速状态（>15km/h） | E16: 1.配置 APA5.0 车型 2.用户注册成功（实名认证） 3.网络正常 4.第一次推荐 | F16: 1.进入非CP停车场 2.目的地是停车场 3.到达目的地 4.导航语音播报完成 5.当前处于高速状态（>15km/h） | G16: 1.不进行自动泊车推荐 | H16: 1 | I16: 实车
A17: 10 | B17: 停车辅助推荐（APA 推荐） | C17: I238智能推荐需求规格说明书-V1.9 四、 产品特性 3、 停车辅助推荐（APA 推荐） | D17: S—第二次推荐及以后，未进入CP/非CP停车场 | E17: 1.配置 APA5.0 车型 2.用户注册成功（实名认证） 3.网络正常 4.第二次推荐及以后 | F17: 1.未进入CP/非CP停车场 | G17: 1.不进行自动泊车推荐 | H17: 1 | I17: 实车
A18: 11 | B18: 停车辅助推荐（APA 推荐） | C18: I238智能推荐需求规格说明书-V1.9 四、 产品特性 3、 停车辅助推荐（APA 推荐） | D18: S—第二次推荐及以后，进入CP/非CP停车场，用户停车技术标签未预存储 | E18: 1.配置 APA5.0 车型 2.用户注册成功（实名认证） 3.网络正常 4.第二次推荐及以后 | F18: 1.进入CP/非CP停车场 2.用户无技术标签存储 | G18: 1.不进行自动泊车推荐 | H18: 1 | I18: 实车
A19: 12 | B19: 停车辅助推荐（APA 推荐） | C19: I238智能推荐需求规格说明书-V1.9 四、 产品特性 3、 停车辅助推荐（APA 推荐） | D19: S—第二次推荐及以后，进入CP/非CP停车场，用户停车技术标签预存储为:停车高手 | E19: 1.配置 APA5.0 车型 2.用户注册成功（实名认证） 3.网络正常 4.第二次推荐及以后 | F19: 1.进入CP/非CP停车场 2.用户停车技术标签预存储为:停车高手 | G19: 1.不进行自动泊车推荐 | H19: 1 | I19: 实车
... A62: 55 | B62: 晚下班推荐 | C62: I238智能推荐需求规格说明书-V1.9 四、 产品特性 8、晚下班推荐 | D62: S—晚下班，更换下班时间 | E62: 1.晚下班已推荐 2.带舒适氛围的车型 | F62: 1.车辆在公司附近 2.在满足晚下班的时间点启动车辆（满足10点以后，且在ZZ的2小时之后） 3.等待观察车机是否有显示目的地推送信息 | G62: 可以接受到新的晚下班推荐（按照新的时间规则推荐） | H62: 1 | I62: 实车

Sheet ACC&IACC推荐
A1: 总用例 | B1: 124 | C1: XXX零部件测试ACC&IACC推荐用例
A2: passed | B2: =COUNTIF(J:J,"=passed") -> 0
A3: failed | B3: =COUNTIF(J:J,"=failed") -> 0
A4: blocked | B4: =COUNTIF(J:J,"=blocked") -> 0
A5: N/A | B5: =COUNTIF(J:J,"=N/A") -> 0
A6: 项目名称：XXX | C6: 版本: | E6: 编制: | G6: 测试人员: | I6: 测试日期:
A7: 用例序号 | B7: 所属模块 | C7: 相关需求 | D7: 用例标题 | E7: 前置条件 | F7: 步骤 | G7: 预期 | H7: 优先级 | I7: 用例执行方式 | J7: 用例执行结果 | K7: DTM缺陷号
A8: 1 | B8: ACC主动推送 | C8: 4.1 ACC 主动推送 | D8: ACC主动推送 | E8: 1.完成车辆注册、 启动车辆行驶 2.计巡航里程（（ACC_ACCMode=0x3/0x4/0x5/0x6时的里程））大于等于0公里（可标定）或单次巡航里程（（ACC_ACCMode=0x3/0x4/0x5/0x6时的里程）时的里程）大于等于0公里（可标定） 3.ACC累计次数小于等于50次 4.本周内未触发过ACC特定场景推送（已包含本点火周期内未触发过） 5.未连续3次未接受建议激活ACC（发出提醒后的当前点火循环内ACC被激活：ACC_ACCMode=0x3，则表示用户接受了建议） 6.与推送相关的 语音功能正常（语音/小精灵功能正常且可工作（HU 已启动） 7.车辆启动后以大于60km/h（可标定）车速持续行驶大于等于10分钟（可标定）或大于等于20公里 8.本点火周期内IACC未被推送过（无IACC车型，不会推送IACC，默认满足） 9.本点火周期内ACC未被激活过: ACC_ACCMode！=0x3 10.驾驶员未疲劳：IMS_DrowsinessStatus=0x0或连续行车时间（车速>0）小于等于3小时或者行驶距离小于等于300km(保持与HU疲劳监测一致) 11车辆处于高速路或快速路（无道路类型信号时，默认满足本条要求）：HU_navCurrentRoadType=0x2或0x5 12.ACC巡航功能处于可激活待机状态：ACC_ACCMode=0x2 13.搭载IACC功能的车型但IACC处于非可激活待机状态：LAS_IACCMode!=0x1（无IACC车型，无此信号，默认满足） 14.车速大于60km/h（可标定）且小于120km/h（可标定）：60km/h <ESP_VehicleSpeed≤120km/h 15.白天(车机时间为上午9点至下午5点)且天气不为雨雪雾 16.语音/小精灵功能正常且可工作无其他语音提示（包含通话）或报警正在发生，语音功能未被使用 17.有规划导航路径且距离即将通过的匝道及旅程剩余距离均大于等于30km（可标定） | F8: 是否推送 | G8: U语音（建议小精灵实现）播报：叮当（渐入提示音，避免突兀），当前路况良好，建议您使用自适应巡航，显示操作IACC激活按键动画 及文字提示 | H8: 1
A9: 2 | B9: ACC主动推送 | C9: 4.1 ACC 主动推送 | D9: ACC主动推送 | E9: 1.完成车辆注册、 启动车辆行驶 2.计巡航里程（（ACC_ACCMode=0x3/0x4/0x5/0x6时的里程））大于等于0公里（可标定）或单次巡航里程（（ACC_ACCMode=0x3/0x4/0x5/0x6时的里程）时的里程）大于等于0公里（可标定） 3.累计巡航里程小于等于2000公里（可标定） 4.本周内未触发过ACC特定场景推送（已包含本点火周期内未触发过） 5.未连续3次未接受建议激活ACC（发出提醒后的当前点火循环内ACC被激活：ACC_ACCMode=0x3，则表示用户接受了建议） 6.与推送相关的 语音功能正常（语音/小精灵功能正常且可工作（HU 已启动） 7.车辆启动后以大于60km/h（可标定）车速持续行驶大于等于10分钟（可标定）或大于等于20公里 8.本点火周期内IACC未被推送过（无IACC车型，不会推送IACC，默认满足） 9.本点火周期内ACC未被激活过: ACC_ACCMode！=0x3 10.驾驶员未疲劳：IMS_DrowsinessStatus=0x0或连续行车时间（车速>0）小于等于3小时或者行驶距离小于等于300km(保持与HU疲劳监测一致) 11车辆处于高速路或快速路（无道路类型信号时，默认满足本条要求）：HU_navCurrentRoadType=0x2或0x5 12.ACC巡航功能处于可激活待机状态：ACC_ACCMode=0x2 13.搭载IACC功能的车型但IACC处于非可激活待机状态：LAS_IACCMode!=0x1（无IACC车型，无此信号，默认满足） 14.车速大于60km/h（可标定）且小于120km/h（可标定）：60km/h <ESP_VehicleSpeed≤120km/h 15.白天(车机时间为上午9点至下午5点)且天气不为雨雪雾 16.语音/小精灵功能正常且可工作无其他语音提示（包含通话）或报警正在发生，语音功能未被使用 17.有规划导航路径且距离即将通过的匝道及旅程剩余距离均大于等于30km（可标定） | F9: 是否推送 | G9: U语音（建议小精灵实现）播报：叮当（渐入提示音，避免突兀），当前路况良好，建议您使用自适应巡航，显示操作IACC激活按键动画 及文字提示 | H9: 1
A10: 3 | B10: ACC主动推送 | C10: 4.1 ACC 主动推送 | D10: ACC主动推送 | E10: 1.完成车辆注册、 启动车辆行驶 2.计巡航里程（（ACC_ACCMode=0x3/0x4/0x5/0x6时的里程））大于等于0公里（可标定）或单次巡航里程（（ACC_ACCMode=0x3/0x4/0x5/0x6时的里程）时的里程）大于等于0公里（可标定） 3.使用ACC累计次数（ACC_ACCMode从0x2变为0x3或0x6）小于等于50次（可标定）或累计巡航里程（ACC_ACCMode=0x3/0x4/0x5/0x6时的里程）小于等于2000公里（可标定） 4.本周内未触发过ACC特定场景推送（已包含本点火周期内未触发过） 5.未连续3次未接受建议激活ACC（发出提醒后的当前点火循环内ACC被激活：ACC_ACCMode=0x3，则表示用户接受了建议） 6.与推送相关的 语音功能正常（语音/小精灵功能正常且可工作（HU 已启动） 7.车辆启动后以大于60km/h（可标定）车速持续行驶大于等于10分钟（可标定）或大于等于20公里 8.本点火周期内IACC未被推送过（无IACC车型，不会推送IACC，默认满足） 9.本点火周期内ACC未被激活过: ACC_ACCMode！=0x3 10.驾驶员未疲劳：IMS_DrowsinessStatus=0x0或连续行车时间（车速>0）小于等于3小时或者行驶距离小于等于300km(保持与HU疲劳监测一致) 11车辆处于高速路或快速路（无道路类型信号时，默认满足本条要求）：HU_navCurrentRoadType=0x2或0x5 12.ACC巡航功能处于可激活待机状态：ACC_ACCMode=0x2 13.搭载IACC功能的车型但IACC处于非可激活待机状态：LAS_IACCMode!=0x1（无IACC车型，无此信号，默认满足） 14.车速大于60km/h（可标定）且小于120km/h（可标定）：60km/h <ESP_VehicleSpeed≤120km/h 15.白天(车机时间为上午9点至下午5点)且天气不为雨雪雾 16.语音/小精灵功能正常且可工作无其他语音提示（包含通话）或报警正在发生，语音功能未被使用 17.有规划导航路径且距离即将通过的匝道及旅程剩余距离均大于等于30km（可标定） | F10: 是否推送 | G10: U语音（建议小精灵实现）播报：叮当（渐入提示音，避免突兀），当前路况良好，建议您使用自适应巡航，显示操作IACC激活按键动画 及文字提示 | H10: 1
A11: 4 | B11: ACC主动推送 | C11: 4.1 ACC 主动推送 | D11: ACC主动推送 | E11: 1.完成车辆注册、 启动车辆行驶 2.计巡航里程（（ACC_ACCMode=0x3/0x4/0x5/0x6时的里程））大于等于0公里（可标定）或单次巡航里程（（ACC_ACCMode=0x3/0x4/0x5/0x6时的里程）时的里程）大于等于0公里（可标定） 3.ACC累计次数大于50次且大于2000公里 | F11: 是否推送 | G11: 不推送 | H11: 1
A12: 5 | B12: ACC主动推送 | C12: 4.1 ACC 主动推送 | D12: ACC主动推送 | E12: 1.完成车辆注册、 启动车辆行驶 2.计巡航里程（（ACC_ACCMode=0x3/0x4/0x5/0x6时的里程））大于等于0公里（可标定）或单次巡航里程（（ACC_ACCMode=0x3/0x4/0x5/0x6时的里程）时的里程）大于等于0公里（可标定） 3.使用ACC累计次数（ACC_ACCMode从0x2变为0x3或0x6）小于等于50次（可标定）或累计巡航里程（ACC_ACCMode=0x3/0x4/0x5/0x6时的里程）小于等于2000公里（可标定） 4.本周内已触发过ACC特定场景推送 | F12: 是否推送 | G12: 不推送 | H12: 1
A13: 6 | B13: ACC主动推送 | C13: 4.1 ACC 主动推送 | D13: ACC主动推送 | E13: 1.a)完成车辆注册、 启动车辆行驶 2.计巡航里程（（ACC_ACCMode=0x3/0x4/0x5/0x6时的里程））大于等于0公里（可标定）或单次巡航里程（（ACC_ACCMode=0x3/0x4/0x5/0x6时的里程）时的里程）大于等于0公里（可标定） 3.使用ACC累计次数（ACC_ACCMode从0x2变为0x3或0x6）小于等于50次（可标定）或累计巡航里程（ACC_ACCMode=0x3/0x4/0x5/0x6时的里程）小于等于2000公里（可标定） 4.本周内未触发过ACC特定场景推送（已包含本点火周期内未触发过） 5.连续3次不接受建议激活ACC | F13: 是否推送 | G13: 不推送 | H13: 1
A14: 7 | B14: ACC主动推送 | C14: 4.1 ACC 主动推送 | D14: ACC主动推送 | E14: 1.a)完成车辆注册、 启动车辆行驶 2.计巡航里程（（ACC_ACCMode=0x3/0x4/0x5/0x6时的里程））大于等于0公里（可标定）或单次巡航里程（（ACC_ACCMode=0x3/0x4/0x5/0x6时的里程）时的里程）大于等于0公里（可标定） 3.使用ACC累计次数（ACC_ACCMode从0x2变为0x3或0x6）小于等于50次（可标定）或累计巡航里程（ACC_ACCMode=0x3/0x4/0x5/0x6时的里程）小于等于2000公里（可标定） 4.本周内未触发过ACC特定场景推送（已包含本点火周期内未触发过） 5.未连续3次未接受建议激活ACC（发出提醒后的当前点火循环内ACC被激活：ACC_ACCMode=0x3，则表示用户接受了建议） 6.与推送相关的语音功能不正常 | F14: 是否推送 | G14: 不推送 | H14: 1
A15: 8 | B15: ACC主动推送 | C15: 4.1 ACC 主动推送 | D15: ACC主动推送 | E15: 1.a)完成车辆注册、 启动车辆行驶 2.计巡航里程（（ACC_ACCMode=0x3/0x4/0x5/0x6时的里程））大于等于0公里（可标定）或单次巡航里程（（ACC_ACCMode=0x3/0x4/0x5/0x6时的里程）时的里程）大于等于0公里（可标定） 3.使用ACC累计次数（ACC_ACCMode从0x2变为0x3或0x6）小于等于50次（可标定）或累计巡航里程（ACC_ACCMode=0x3/0x4/0x5/0x6时的里程）小于等于2000公里（可标定） 4.本周内未触发过ACC特定场景推送（已包含本点火周期内未触发过） 5.未连续3次未接受建议激活ACC（发出提醒后的当前点火循环内ACC被激活：ACC_ACCMode=0x3，则表示用户接受了建议） 6.与推送相关的 语音功能正常（语音/小精灵功能正常且可工作（HU 已启动） 7.车辆启动后以大于60km/h（可标定）车速持续行驶大于等于10分钟 8.8.本点火周期内IACC未被推送过（无IACC车型，不会推送IACC，默认满足） 9.本点火周期内ACC未被激活过: ACC_ACCMode！=0x3 10.驾驶员未疲劳：IMS_DrowsinessStatus=0x0或连续行车时间（车速>0）小于等于3小时或者行驶距离小于等于300km(保持与HU疲劳监测一致) 11车辆处于高速路或快速路（无道路类型信号时，默认满足本条要求）：HU_navCurrentRoadType=0x2或0x5 12.ACC巡航功能处于可激活待机状态：ACC_ACCMode=0x2 13.搭载IACC功能的车型但IACC处于非可激活待机状态：LAS_IACCMode!=0x1（无IACC车型，无此信号，默认满足） 14.车速小于等于60km/h（可标定）或大于等于120km/h 15.白天(车机时间为上午9点至下午5点)且天气不为雨雪雾 16.语音/小精灵功能正常且可工作无其他语音提示（包含通话）或报警正在发生，语音功能未被使用 17.有规划导航路径且距离即将通过的匝道及旅程剩余距离均大于等于30km（可标定） | F15: 是否推送 | G15: U语音（建议小精灵实现）播报：叮当（渐入提示音，避免突兀），当前路况良好，建议您使用自适应巡航，显示操作IACC激活按键动画 及文字提示 | H15: 1
A16: 9 | B16: ACC主动推送 | C16: 4.1 ACC 主动推送 | D16: ACC主动推送 | E16: 1.a)完成车辆注册、 启动车辆行驶 2.计巡航里程（（ACC_ACCMode=0x3/0x4/0x5/0x6时的里程））大于等于0公里（可标定）或单次巡航里程（（ACC_ACCMode=0x3/0x4/0x5/0x6时的里程）时的里程）大于等于0公里（可标定） 3.使用ACC累计次数（ACC_ACCMode从0x2变为0x3或0x6）小于等于50次（可标定）或累计巡航里程（ACC_ACCMode=0x3/0x4/0x5/0x6时的里程）小于等于2000公里（可标定） 4.本周内未触发过ACC特定场景推送（已包含本点火周期内未触发过） 5.未连续3次未接受建议激活ACC（发出提醒后的当前点火循环内ACC被激活：ACC_ACCMode=0x3，则表示用户接受了建议） 6.与推送相关的 语音功能正常（语音/小精灵功能正常且可工作（HU 已启动） 7.车辆启动后以大于60km/h（可标定）车速持续行驶大于等于20公里 8.本点火周期内IACC未被推送过（无IACC车型，不会推送IACC，默认满足） 9.本点火周期内ACC未被激活过: ACC_ACCMode！=0x3 10.驾驶员未疲劳：IMS_DrowsinessStatus=0x0或连续行车时间（车速>0）小于等于3小时或者行驶距离小于等于300km(保持与HU疲劳监测一致) 11车辆处于高速路或快速路（无道路类型信号时，默认满足本条要求）：HU_navCurrentRoadType=0x2或0x5 12.ACC巡航功能处于可激活待机状态：ACC_ACCMode=0x2 13.搭载IACC功能的车型但IACC处于非可激活待机状态：LAS_IACCMode!=0x1（无IACC车型，无此信号，默认满足） 14.车速大于60km/h（可标定）且小于120km/h（可标定）：60km/h <ESP_VehicleSpeed≤120km/h 15.白天(车机时间为上午9点至下午5点)且天气不为雨雪雾 16.语音/小精灵功能正常且可工作无其他语音提示（包含通话）或报警正在发生，语音功能未被使用 17.有规划导航路径且距离即将通过的匝道及旅程剩余距离均大于等于30km（可标定） | F16: 是否推送 | G16: U语音（建议小精灵实现）播报：叮当（渐入提示音，避免突兀），当前路况良好，建议您使用自适应巡航，显示操作IACC激活按键动画 及文字提示 | H16: 1
A17: 10 | B17: ACC主动推送 | C17: 4.1 ACC 主动推送 | D17: ACC主动推送 | E17: 1.a)完成车辆注册、 启动车辆行驶 2.计巡航里程（（ACC_ACCMode=0x3/0x4/0x5/0x6时的里程））大于等于0公里（可标定）或单次巡航里程（（ACC_ACCMode=0x3/0x4/0x5/0x6时的里程）时的里程）大于等于0公里（可标定） 3.使用ACC累计次数（ACC_ACCMode从0x2变为0x3或0x6）小于等于50次（可标定）或累计巡航里程（ACC_ACCMode=0x3/0x4/0x5/0x6时的里程）小于等于2000公里（可标定） 4.本周内未触发过ACC特定场景推送（已包含本点火周期内未触发过） 5.未连续3次未接受建议激活ACC（发出提醒后的当前点火循环内ACC被激活：ACC_ACCMode=0x3，则表示用户接受了建议） 6.与推送相关的 语音功能正常（语音/小精灵功能正常且可工作（HU 已启动） 7.车辆启动后以大于60km/h（可标定）车速持续行驶大于等于10分钟（可标定）并且大于等于20公里 8.本点火周期内IACC未被推送过（无IACC车型，不会推送IACC，默认满足） 9.本点火周期内ACC未被激活过: ACC_ACCMode！=0x3 10.驾驶员未疲劳：IMS_DrowsinessStatus=0x0或连续行车时间（车速>0）小于等于3小时或者行驶距离小于等于300km(保持与HU疲劳监测一致) 11车辆处于高速路或快速路（无道路类型信号时，默认满足本条要求）：HU_navCurrentRoadType=0x2或0x5 12.ACC巡航功能处于可激活待机状态：ACC_ACCMode=0x2 13.搭载IACC功能的车型但IACC处于非可激活待机状态：LAS_IACCMode!=0x1（无IACC车型，无此信号，默认满足） 14.车速大于60km/h（可标定）且小于120km/h（可标定）：60km/h <ESP_VehicleSpeed≤120km/h 15.白天(车机时间为上午9点至下午5点)且天气不为雨雪雾 16.语音/小精灵功能正常且可工作无其他语音提示（包含通话）或报警正在发生，语音功能未被使用 17.有规划导航路径且距离即将通过的匝道及旅程剩余距离均大于等于30km（可标定） | F17: 是否推送 | G17: U语音（建议小精灵实现）播报：叮当（渐入提示音，避免突兀），当前路况良好，建议您使用自适应巡航，显示操作IACC激活按键动画 及文字提示 | H17: 1
A18: 11 | B18: ACC主动推送 | C18: 4.1 ACC 主动推送 | D18: ACC主动推送 | E18: 1.a)完成车辆注册、 启动车辆行驶 2.计巡航里程（（ACC_ACCMode=0x3/0x4/0x5/0x6时的里程））大于等于0公里（可标定）或单次巡航里程（（ACC_ACCMode=0x3/0x4/0x5/0x6时的里程）时的里程）大于等于0公里（可标定） 3.使用ACC累计次数（ACC_ACCMode从0x2变为0x3或0x6）小于等于50次（可标定）或累计巡航里程（ACC_ACCMode=0x3/0x4/0x5/0x6时的里程）小于等于2000公里（可标定） 4.本周内未触发过ACC特定场景推送（已包含本点火周期内未触发过） 5.未连续3次未接受建议激活ACC（发出提醒后的当前点火循环内ACC被激活：ACC_ACCMode=0x3，则表示用户接受了建议） 6.与推送相关的 语音功能正常（语音/小精灵功能正常且可工作（HU 已启动） 7.车辆启动后以大于60km/h（可标定）车速持续行驶小于10分钟（可标定）和小于20公里 | F18: 是否推送 | G18: 不推送（返回语音判断） | H18: 1
A19: 12 | B19: ACC主动推送 | C19: 4.1 ACC 主动推送 | D19: ACC主动推送 | E19: 1.a)完成车辆注册、 启动车辆行驶 2.计巡航里程（（ACC_ACCMode=0x3/0x4/0x5/0x6时的里程））大于等于0公里（可标定）或单次巡航里程（（ACC_ACCMode=0x3/0x4/0x5/0x6时的里程）时的里程）大于等于0公里（可标定） 3.使用ACC累计次数（ACC_ACCMode从0x2变为0x3或0x6）小于等于50次（可标定）或累计巡航里程（ACC_ACCMode=0x3/0x4/0x5/0x6时的里程）小于等于2000公里（可标定） 4.本周内未触发过ACC特定场景推送（已包含本点火周期内未触发过） 5.未连续3次未接受建议激活ACC（发出提醒后的当前点火循环内ACC被激活：ACC_ACCMode=0x3，则表示用户接受了建议） 6.与推送相关的 语音功能正常（语音/小精灵功能正常且可工作（HU 已启动） 7.车辆启动后以大于60km/h（可标定）车速持续行驶大于等于10分钟（可标定）或大于等于20公里 8.本点火周期内IACC被推送过 | F19: 是否推送 | G19: 不推送 | H19: 1
... A58: 51 | B58: IACC主动推送 | C58: 4.2 IACC 主动推送 | D58: IACC主动推送 | E58: 1.a)完成车辆注册、 启动车辆行驶 2.计巡航里程（（ACC_ACCMode=0x3/0x4/0x5/0x6时的里程））大于等于0公里（可标定）或单次巡航里程（（ACC_ACCMode=0x3/0x4/0x5/0x6时的里程）时的里程）大于等于0公里（可标定） 3.使用ACC累计次数（ACC_ACCMode从0x2变为0x3或0x6）小于等于50次（可标定）或累计巡航里程（ACC_ACCMode=0x3/0x4/0x5/0x6时的里程）小于等于2000公里（可标定） 4.本周内未触发过ACC特定场景推送（已包含本点火周期内未触发过） 5.未连续3次未接受建议激活ACC（发出提醒后的当前点火循环内ACC被激活：ACC_ACCMode=0x3，则表示用户接受了建议） 6.与推送相关的 语音功能正常（语音/小精灵功能正常且可工作（HU 已启动） 7.车辆启动后以大于60km/h（可标定）车速持续行驶大于等于20公里 8.本点火周期内IACC未被推送过（无IACC车型，不会推送IACC，默认满足） 9.本点火周期内ACC未被激活过: ACC_ACCMode！=0x3 10.驾驶员未疲劳：IMS_DrowsinessStatus=0x0或连续行车时间（车速>0）小于等于3小时或者行驶距离小于等于300km(保持与HU疲劳监测一致) 11车辆处于高速路或快速路（无道路类型信号时，默认满足本条要求）：HU_navCurrentRoadType=0x2或0x5 12.ACC巡航功能处于可激活待机状态：ACC_ACCMode=0x2 13.搭载IACC功能的车型但IACC处于非可激活待机状态：LAS_IACCMode!=0x1（无IACC车型，无此信号，默认满足） 14.车速大于60km/h（可标定）且小于120km/h（可标定）：60km/h <ESP_VehicleSpeed≤120km/h 15.白天(车机时间为上午9点至下午5点)且天气不为雨雪雾 16.语音/小精灵功能正常且可工作无其他语音提示（包含通话）或报警正在发生，语音功能未被使用 17.有规划导航路径且距离即将通过的匝道及旅程剩余距离均大于等于30km（可标定） | F58: 是否推送 | G58: U语音（建议小精灵实现）播报：叮当（渐入提示音，避免突兀），当前路况良好，建议您使用自适应巡航，显示操作IACC激活按键动画 及文字提示 | H58: 1
A59: 52 | E59: 1.a)完成车辆注册、 启动车辆行驶 2.计巡航里程（（ACC_ACCMode=0x3/0x4/0x5/0x6时的里程））大于等于0公里（可标定）或单次巡航里程（（ACC_ACCMode=0x3/0x4/0x5/0x6时的里程）时的里程）大于等于0公里（可标定） 3.使用ACC累计次数（ACC_ACCMode从0x2变为0x3或0x6）小于等于50次（可标定）或累计巡航里程（ACC_ACCMode=0x3/0x4/0x5/0x6时的里程）小于等于2000公里（可标定） 4.本周内未触发过ACC特定场景推送（已包含本点火周期内未触发过） 5.未连续3次未接受建议激活ACC（发出提醒后的当前点火循环内ACC被激活：ACC_ACCMode=0x3，则表示用户接受了建议） 6.与推送相关的 语音功能正常（语音/小精灵功能正常且可工作（HU 已启动） 7.车辆启动后以大于60km/h（可标定）车速持续行驶大于等于10分钟（可标定）并且大于等于20公里 8.本点火周期内IACC未被推送过（无IACC车型，不会推送IACC，默认满足） 9.本点火周期内ACC未被激活过: ACC_ACCMode！=0x3 10.驾驶员未疲劳：IMS_DrowsinessStatus=0x0或连续行车时间（车速>0）小于等于3小时或者行驶距离小于等于300km(保持与HU疲劳监测一致) 11车辆处于高速路或快速路（无道路类型信号时，默认满足本条要求）：HU_navCurrentRoadType=0x2或0x5 12.ACC巡航功能处于可激活待机状态：ACC_ACCMode=0x2 13.搭载IACC功能的车型但IACC处于非可激活待机状态：LAS_IACCMode!=0x1（无IACC车型，无此信号，默认满足） 14.车速大于60km/h（可标定）且小于120km/h（可标定）：60km/h <ESP_VehicleSpeed≤120km/h 15.白天(车机时间为上午9点至下午5点)且天气不为雨雪雾 16.语音/小精灵功能正常且可工作无其他语音提示（包含通话）或报警正在发生，语音功能未被使用 17.有规划导航路径且距离即将通过的匝道及旅程剩余距离均大于等于30km（可标定） | F59: 是否推送 | G59: U语音（建议小精灵实现）播报：叮当（渐入提示音，避免突兀），当前路况良好，建议您使用自适应巡航，显示操作IACC激活按键动画 及文字提示 | H59: 1
A60: 53 | B60: IACC主动推送 | C60: 4.2 IACC 主动推送 | D60: IACC主动推送 | E60: 1.a)完成车辆注册、 启动车辆行驶 2.计巡航里程（（ACC_ACCMode=0x3/0x4/0x5/0x6时的里程））大于等于0公里（可标定）或单次巡航里程（（ACC_ACCMode=0x3/0x4/0x5/0x6时的里程）时的里程）大于等于0公里（可标定） 3.使用ACC累计次数（ACC_ACCMode从0x2变为0x3或0x6）小于等于50次（可标定）或累计巡航里程（ACC_ACCMode=0x3/0x4/0x5/0x6时的里程）小于等于2000公里（可标定） 4.本周内未触发过ACC特定场景推送（已包含本点火周期内未触发过） 5.未连续3次未接受建议激活ACC（发出提醒后的当前点火循环内ACC被激活：ACC_ACCMode=0x3，则表示用户接受了建议） 6.与推送相关的 语音功能正常（语音/小精灵功能正常且可工作（HU 已启动） 7.车辆启动后以大于60km/h（可标定）车速持续行驶小于10分钟（可标定）和小于20公里 | F60: 是否推送 | G60: 不推送（返回语音判断） | H60: 1
A61: 54 | B61: IACC主动推送 | C61: 4.2 IACC 主动推送 | D61: IACC主动推送 | E61: 1.a)完成车辆注册、 启动车辆行驶 2.计巡航里程（（ACC_ACCMode=0x3/0x4/0x5/0x6时的里程））大于等于0公里（可标定）或单次巡航里程（（ACC_ACCMode=0x3/0x4/0x5/0x6时的里程）时的里程）大于等于0公里（可标定） 3.使用ACC累计次数（ACC_ACCMode从0x2变为0x3或0x6）小于等于50次（可标定）或累计巡航里程（ACC_ACCMode=0x3/0x4/0x5/0x6时的里程）小于等于2000公里（可标定） 4.本周内未触发过ACC特定场景推送（已包含本点火周期内未触发过） 5.未连续3次未接受建议激活ACC（发出提醒后的当前点火循环内ACC被激活：ACC_ACCMode=0x3，则表示用户接受了建议） 6.与推送相关的 语音功能正常（语音/小精灵功能正常且可工作（HU 已启动） 7.车辆启动后以大于60km/h（可标定）车速持续行驶大于等于10分钟（可标定）或大于等于20公里 8.本点火周期内IACC被推送过 | F61: 是否推送 | G61: 不推送 | H61: 1
A62: 55 | B62: IACC主动推送 | C62: 4.2 IACC 主动推送 | D62: IACC主动推送 | E62: 1.a)完成车辆注册、 启动车辆行驶 2.计巡航里程（（ACC_ACCMode=0x3/0x4/0x5/0x6时的里程））大于等于0公里（可标定）或单次巡航里程（（ACC_ACCMode=0x3/0x4/0x5/0x6时的里程）时的里程）大于等于0公里（可标定） 3.使用ACC累计次数（ACC_ACCMode从0x2变为0x3或0x6）小于等于50次（可标定）或累计巡航里程（ACC_ACCMode=0x3/0x4/0x5/0x6时的里程）小于等于2000公里（可标定） 4.本周内未触发过ACC特定场景推送（已包含本点火周期内未触发过） 5.未连续3次未接受建议激活ACC（发出提醒后的当前点火循环内ACC被激活：ACC_ACCMode=0x3，则表示用户接受了建议） 6.与推送相关的 语音功能正常（语音/小精灵功能正常且可工作（HU 已启动） 7.车辆启动后以大于60km/h（可标定）车速持续行驶大于等于10分钟（可标定）或大于等于20公里 8.本点火周期内IACC未被推送过（无IACC车型，不会推送IACC，默认满足） 9.本点火周期内ACC已被激活过 | F62: 是否推送 | G62: 不推送 | H62: 1
A63: 56 | B63: IACC主动推送 | C63: 4.2 IACC 主动推送 | D63: IACC主动推送 | E63: 1.a)完成车辆注册、 启动车辆行驶 2.计巡航里程（（ACC_ACCMode=0x3/0x4/0x5/0x6时的里程））大于等于0公里（可标定）或单次巡航里程（（ACC_ACCMode=0x3/0x4/0x5/0x6时的里程）时的里程）大于等于0公里（可标定） 3.使用ACC累计次数（ACC_ACCMode从0x2变为0x3或0x6）小于等于50次（可标定）或累计巡航里程（ACC_ACCMode=0x3/0x4/0x5/0x6时的里程）小于等于2000公里（可标定） 4.本周内未触发过ACC特定场景推送（已包含本点火周期内未触发过） 5.未连续3次未接受建议激活ACC（发出提醒后的当前点火循环内ACC被激活：ACC_ACCMode=0x3，则表示用户接受了建议） 6.与推送相关的 语音功能正常（语音/小精灵功能正常且可工作（HU 已启动） 7.车辆启动后以大于60km/h（可标定）车速持续行驶大于等于10分钟（可标定）或大于等于20公里 8.本点火周期内IACC未被推送过（无IACC车型，不会推送IACC，默认满足） 9.本点火周期内ACC未被激活过: ACC_ACCMode！=0x3 10.驾驶员未疲劳：IMS_DrowsinessStatus=0x0 11.11车辆处于高速路或快速路（无道路类型信号时，默认满足本条要求）：HU_navCurrentRoadType=0x2或0x5 12.ACC巡航功能处于可激活待机状态：ACC_ACCMode=0x2 13.搭载IACC功能的车型但IACC处于非可激活待机状态：LAS_IACCMode!=0x1（无IACC车型，无此信号，默认满足） 14.车速大于60km/h（可标定）且小于120km/h（可标定）：60km/h <ESP_VehicleSpeed≤120km/h 15.白天(车机时间为上午9点至下午5点)且天气不为雨雪雾 16.语音/小精灵功能正常且可工作无其他语音提示（包含通话）或报警正在发生，语音功能未被使用 17.有规划导航路径且距离即将通过的匝道及旅程剩余距离均大于等于30km（可标定） | F63: 是否推送 | G63: U语音（建议小精灵实现）播报：叮当（渐入提示音，避免突兀），当前路况良好，建议您使用自适应巡航，显示操作IACC激活按键动画 及文字提示 | H63: 1
A64: 57 | B64: IACC主动推送 | C64: 4.2 IACC 主动推送 | D64: IACC主动推送 | E64: 1.a)完成车辆注册、 启动车辆行驶 2.计巡航里程（（ACC_ACCMode=0x3/0x4/0x5/0x6时的里程））大于等于0公里（可标定）或单次巡航里程（（ACC_ACCMode=0x3/0x4/0x5/0x6时的里程）时的里程）大于等于0公里（可标定） 3.使用ACC累计次数（ACC_ACCMode从0x2变为0x3或0x6）小于等于50次（可标定）或累计巡航里程（ACC_ACCMode=0x3/0x4/0x5/0x6时的里程）小于等于2000公里（可标定） 4.本周内未触发过ACC特定场景推送（已包含本点火周期内未触发过） 5.未连续3次未接受建议激活ACC（发出提醒后的当前点火循环内ACC被激活：ACC_ACCMode=0x3，则表示用户接受了建议） 6.与推送相关的 语音功能正常（语音/小精灵功能正常且可工作（HU 已启动） 7.车辆启动后以大于60km/h（可标定）车速持续行驶大于等于10分钟（可标定）或大于等于20公里 8.本点火周期内IACC未被推送过（无IACC车型，不会推送IACC，默认满足） 9.本点火周期内ACC未被激活过: ACC_ACCMode！=0x3 10.驾驶员未疲劳：连续行车时间（车速>0）小于等于3小时 11.11车辆处于高速路或快速路（无道路类型信号时，默认满足本条要求）：HU_navCurrentRoadType=0x2或0x5 12.ACC巡航功能处于可激活待机状态：ACC_ACCMode=0x2 13.搭载IACC功能的车型但IACC处于非可激活待机状态：LAS_IACCMode!=0x1（无IACC车型，无此信号，默认满足） 14.车速大于60km/h（可标定）且小于120km/h（可标定）：60km/h <ESP_VehicleSpeed≤120km/h 15.白天(车机时间为上午9点至下午5点)且天气不为雨雪雾 16.语音/小精灵功能正常且可工作无其他语音提示（包含通话）或报警正在发生，语音功能未被使用 17.有规划导航路径且距离即将通过的匝道及旅程剩余距离均大于等于30km（可标定） | F64: 是否推送 | G64: U语音（建议小精灵实现）播报：叮当（渐入提示音，避免突兀），当前路况良好，建议您使用自适应巡航，显示操作IACC激活按键动画 及文字提示 | H64: 1
A65: 58 | B65: IACC主动推送 | C65: 4.2 IACC 主动推送 | D65: IACC主动推送 | E65: 1.a)完成车辆注册、 启动车辆行驶 2.计巡航里程（（ACC_ACCMode=0x3/0x4/0x5/0x6时的里程））大于等于0公里（可标定）或单次巡航里程（（ACC_ACCMode=0x3/0x4/0x5/0x6时的里程）时的里程）大于等于0公里（可标定） 3.使用ACC累计次数（ACC_ACCMode从0x2变为0x3或0x6）小于等于50次（可标定）或累计巡航里程（ACC_ACCMode=0x3/0x4/0x5/0x6时的里程）小于等于2000公里（可标定） 4.本周内未触发过ACC特定场景推送（已包含本点火周期内未触发过） 5.未连续3次未接受建议激活ACC（发出提醒后的当前点火循环内ACC被激活：ACC_ACCMode=0x3，则表示用户接受了建议） 6.与推送相关的 语音功能正常（语音/小精灵功能正常且可工作（HU 已启动） 7.车辆启动后以大于60km/h（可标定）车速持续行驶大于等于10分钟（可标定）或大于等于20公里 8.本点火周期内IACC未被推送过（无IACC车型，不会推送IACC，默认满足） 9.本点火周期内ACC未被激活过: ACC_ACCMode！=0x3 10.驾驶员未疲劳：行驶距离小于等于300km(保持与HU疲劳监测一致) 11.11车辆处于高速路或快速路（无道路类型信号时，默认满足本条要求）：HU_navCurrentRoadType=0x2或0x5 12.ACC巡航功能处于可激活待机状态：ACC_ACCMode=0x2 13.搭载IACC功能的车型但IACC处于非可激活待机状态：LAS_IACCMode!=0x1（无IACC车型，无此信号，默认满足） 14.车速大于60km/h（可标定）且小于120km/h（可标定）：60km/h <ESP_VehicleSpeed≤120km/h 15.白天(车机时间为上午9点至下午5点)且天气不为雨雪雾 16.语音/小精灵功能正常且可工作无其他语音提示（包含通话）或报警正在发生，语音功能未被使用 17.有规划导航路径且距离即将通过的匝道及旅程剩余距离均大于等于30km（可标定） | F65: 是否推送 | G65: U语音（建议小精灵实现）播报：叮当（渐入提示音，避免突兀），当前路况良好，建议您使用自适应巡航，显示操作IACC激活按键动画 及文字提示 | H65: 1
A66: 59 | B66: IACC主动推送 | C66: 4.2 IACC 主动推送 | D66: IACC主动推送 | E66: 1.a)完成车辆注册、 启动车辆行驶 2.计巡航里程（（ACC_ACCMode=0x3/0x4/0x5/0x6时的里程））大于等于0公里（可标定）或单次巡航里程（（ACC_ACCMode=0x3/0x4/0x5/0x6时的里程）时的里程）大于等于0公里（可标定） 3.使用ACC累计次数（ACC_ACCMode从0x2变为0x3或0x6）小于等于50次（可标定）或累计巡航里程（ACC_ACCMode=0x3/0x4/0x5/0x6时的里程）小于等于2000公里（可标定） 4.本周内未触发过ACC特定场景推送（已包含本点火周期内未触发过） 5.未连续3次未接受建议激活ACC（发出提醒后的当前点火循环内ACC被激活：ACC_ACCMode=0x3，则表示用户接受了建议） 6.与推送相关的 语音功能正常（语音/小精灵功能正常且可工作（HU 已启动） 7.车辆启动后以大于60km/h（可标定）车速持续行驶大于等于10分钟（可标定）或大于等于20公里 8.本点火周期内IACC未被推送过（无IACC车型，不会推送IACC，默认满足） 9.本点火周期内ACC未被激活过: ACC_ACCMode！=0x3 10.驾驶员未疲劳：IMS_DrowsinessStatus=0x0且连续行车时间（车速>0）小于等于3小时 11.11车辆处于高速路或快速路（无道路类型信号时，默认满足本条要求）：HU_navCurrentRoadType=0x2或0x5 12.ACC巡航功能处于可激活待机状态：ACC_ACCMode=0x2 13.搭载IACC功能的车型但IACC处于非可激活待机状态：LAS_IACCMode!=0x1（无IACC车型，无此信号，默认满足） 14.车速大于60km/h（可标定）且小于120km/h（可标定）：60km/h <ESP_VehicleSpeed≤120km/h 15.白天(车机时间为上午9点至下午5点)且天气不为雨雪雾 16.语音/小精灵功能正常且可工作无其他语音提示（包含通话）或报警正在发生，语音功能未被使用 17.有规划导航路径且距离即将通过的匝道及旅程剩余距离均大于等于30km（可标定） | F66: 是否推送 | G66: U语音（建议小精灵实现）播报：叮当（渐入提示音，避免突兀），当前路况良好，建议您使用自适应巡航，显示操作IACC激活按键动画 及文字提示 | H66: 1
A67: 60 | B67: IACC主动推送 | C67: 4.2 IACC 主动推送 | D67: IACC主动推送 | E67: 1.a)完成车辆注册、 启动车辆行驶 2.计巡航里程（（ACC_ACCMode=0x3/0x4/0x5/0x6时的里程））大于等于0公里（可标定）或单次巡航里程（（ACC_ACCMode=0x3/0x4/0x5/0x6时的里程）时的里程）大于等于0公里（可标定） 3.使用ACC累计次数（ACC_ACCMode从0x2变为0x3或0x6）小于等于50次（可标定）或累计巡航里程（ACC_ACCMode=0x3/0x4/0x5/0x6时的里程）小于等于2000公里（可标定） 4.本周内未触发过ACC特定场景推送（已包含本点火周期内未触发过） 5.未连续3次未接受建议激活ACC（发出提醒后的当前点火循环内ACC被激活：ACC_ACCMode=0x3，则表示用户接受了建议） 6.与推送相关的 语音功能正常（语音/小精灵功能正常且可工作（HU 已启动） 7.车辆启动后以大于60km/h（可标定）车速持续行驶大于等于10分钟（可标定）或大于等于20公里 8.本点火周期内IACC未被推送过（无IACC车型，不会推送IACC，默认满足） 9.本点火周期内ACC未被激活过: ACC_ACCMode！=0x3 10.驾驶员未疲劳：IMS_DrowsinessStatus=0x0且行驶距离小于等于300km(保持与HU疲劳监测一致) 11.11车辆处于高速路或快速路（无道路类型信号时，默认满足本条要求）：HU_navCurrentRoadType=0x2或0x5 12.ACC巡航功能处于可激活待机状态：ACC_ACCMode=0x2 13.搭载IACC功能的车型但IACC处于非可激活待机状态：LAS_IACCMode!=0x1（无IACC车型，无此信号，默认满足） 14.车速大于60km/h（可标定）且小于120km/h（可标定）：60km/h <ESP_VehicleSpeed≤120km/h 15.白天(车机时间为上午9点至下午5点)且天气不为雨雪雾 16.语音/小精灵功能正常且可工作无其他语音提示（包含通话）或报警正在发生，语音功能未被使用 17.有规划导航路径且距离即将通过的匝道及旅程剩余距离均大于等于30km（可标定） | F67: 是否推送 | G67: U语音（建议小精灵实现）播报：叮当（渐入提示音，避免突兀），当前路况良好，建议您使用自适应巡航，显示操作IACC激活按键动画 及文字提示 | H67: 1
A68: 61 | B68: IACC主动推送 | C68: 4.2 IACC 主动推送 | D68: IACC主动推送 | E68: 1.a)完成车辆注册、 启动车辆行驶 2.计巡航里程（（ACC_ACCMode=0x3/0x4/0x5/0x6时的里程））大于等于0公里（可标定）或单次巡航里程（（ACC_ACCMode=0x3/0x4/0x5/0x6时的里程）时的里程）大于等于0公里（可标定） 3.使用ACC累计次数（ACC_ACCMode从0x2变为0x3或0x6）小于等于50次（可标定）或累计巡航里程（ACC_ACCMode=0x3/0x4/0x5/0x6时的里程）小于等于2000公里（可标定） 4.本周内未触发过ACC特定场景推送（已包含本点火周期内未触发过） 5.未连续3次未接受建议激活ACC（发出提醒后的当前点火循环内ACC被激活：ACC_ACCMode=0x3，则表示用户接受了建议） 6.与推送相关的 语音功能正常（语音/小精灵功能正常且可工作（HU 已启动） 7.车辆启动后以大于60km/h（可标定）车速持续行驶大于等于10分钟（可标定）或大于等于20公里 8.本点火周期内IACC未被推送过（无IACC车型，不会推送IACC，默认满足） 9.本点火周期内ACC未被激活过: ACC_ACCMode！=0x3 10.驾驶员未疲劳：连续行车时间（车速>0）小于等于3小时且者行驶距离小于等于300km(保持与HU疲劳监测一致) 11.11车辆处于高速路或快速路（无道路类型信号时，默认满足本条要求）：HU_navCurrentRoadType=0x2或0x5 12.ACC巡航功能处于可激活待机状态：ACC_ACCMode=0x2 13.搭载IACC功能的车型但IACC处于非可激活待机状态：LAS_IACCMode!=0x1（无IACC车型，无此信号，默认满足） 14.车速大于60km/h（可标定）且小于120km/h（可标定）：60km/h <ESP_VehicleSpeed≤120km/h 15.白天(车机时间为上午9点至下午5点)且天气不为雨雪雾 16.语音/小精灵功能正常且可工作无其他语音提示（包含通话）或报警正在发生，语音功能未被使用 17.有规划导航路径且距离即将通过的匝道及旅程剩余距离均大于等于30km（可标定） | F68: 是否推送 | G68: U语音（建议小精灵实现）播报：叮当（渐入提示音，避免突兀），当前路况良好，建议您使用自适应巡航，显示操作IACC激活按键动画 及文字提示 | H68: 1
A69: 62 | B69: IACC主动推送 | C69: 4.2 IACC 主动推送 | D69: IACC主动推送 | E69: 1.a)完成车辆注册、 启动车辆行驶 2.计巡航里程（（ACC_ACCMode=0x3/0x4/0x5/0x6时的里程））大于等于0公里（可标定）或单次巡航里程（（ACC_ACCMode=0x3/0x4/0x5/0x6时的里程）时的里程）大于等于0公里（可标定） 3.使用ACC累计次数（ACC_ACCMode从0x2变为0x3或0x6）小于等于50次（可标定）或累计巡航里程（ACC_ACCMode=0x3/0x4/0x5/0x6时的里程）小于等于2000公里（可标定） 4.本周内未触发过ACC特定场景推送（已包含本点火周期内未触发过） 5.未连续3次未接受建议激活ACC（发出提醒后的当前点火循环内ACC被激活：ACC_ACCMode=0x3，则表示用户接受了建议） 6.与推送相关的 语音功能正常（语音/小精灵功能正常且可工作（HU 已启动） 7.车辆启动后以大于60km/h（可标定）车速持续行驶大于等于10分钟（可标定）或大于等于20公里 8.本点火周期内IACC未被推送过（无IACC车型，不会推送IACC，默认满足） 9.本点火周期内ACC未被激活过: ACC_ACCMode！=0x3 10.驾驶员未疲劳：IMS_DrowsinessStatus=0x0且连续行车时间（车速>0）小于等于3小时且者行驶距离小于等于300km(保持与HU疲劳监测一致) 11车辆处于高速路或快速路（无道路类型信号时，默认满足本条要求）：HU_navCurrentRoadType=0x2或0x5 12.ACC巡航功能处于可激活待机状态：ACC_ACCMode=0x2 13.搭载IACC功能的车型但IACC处于非可激活待机状态：LAS_IACCMode!=0x1（无IACC车型，无此信号，默认满足） 14.车速大于60km/h（可标定）且小于120km/h（可标定）：60km/h <ESP_VehicleSpeed≤120km/h 15.白天(车机时间为上午9点至下午5点)且天气不为雨雪雾 16.语音/小精灵功能正常且可工作无其他语音提示（包含通话）或报警正在发生，语音功能未被使用 17.有规划导航路径且距离即将通过的匝道及旅程剩余距离均大于等于30km（可标定） | F69: 是否推送 | G69: U语音（建议小精灵实现）播报：叮当（渐入提示音，避免突兀），当前路况良好，建议您使用自适应巡航，显示操作IACC激活按键动画 及文字提示 | H69: 1
A70: 63 | B70: IACC主动推送 | C70: 4.2 IACC 主动推送 | D70: IACC主动推送 | E70: 1.a)完成车辆注册、 启动车辆行驶 2.计巡航里程（（ACC_ACCMode=0x3/0x4/0x5/0x6时的里程））大于等于0公里（可标定）或单次巡航里程（（ACC_ACCMode=0x3/0x4/0x5/0x6时的里程）时的里程）大于等于0公里（可标定） 3.使用ACC累计次数（ACC_ACCMode从0x2变为0x3或0x6）小于等于50次（可标定）或累计巡航里程（ACC_ACCMode=0x3/0x4/0x5/0x6时的里程）小于等于2000公里（可标定） 4.本周内未触发过ACC特定场景推送（已包含本点火周期内未触发过） 5.未连续3次未接受建议激活ACC（发出提醒后的当前点火循环内ACC被激活：ACC_ACCMode=0x3，则表示用户接受了建议） 6.与推送相关的 语音功能正常（语音/小精灵功能正常且可工作（HU 已启动） 7.车辆启动后以大于60km/h（可标定）车速持续行驶大于等于10分钟（可标定）或大于等于20公里 8.本点火周期内IACC未被推送过（无IACC车型，不会推送IACC，默认满足） 9.本点火周期内ACC未被激活过: ACC_ACCMode！=0x3 10.驾驶员已疲劳 | F70: 是否推送 | G70: 不推送 | H70: 1
A71: 64 | B71: IACC主动推送 | C71: 4.2 IACC 主动推送 | D71: IACC主动推送 | E71: 1.a)完成车辆注册、 启动车辆行驶 2.计巡航里程（（ACC_ACCMode=0x3/0x4/0x5/0x6时的里程））大于等于0公里（可标定）或单次巡航里程（（ACC_ACCMode=0x3/0x4/0x5/0x6时的里程）时的里程）大于等于0公里（可标定） 3.使用ACC累计次数（ACC_ACCMode从0x2变为0x3或0x6）小于等于50次（可标定）或累计巡航里程（ACC_ACCMode=0x3/0x4/0x5/0x6时的里程）小于等于2000公里（可标定） 4.本周内未触发过ACC特定场景推送（已包含本点火周期内未触发过） 5.未连续3次未接受建议激活ACC（发出提醒后的当前点火循环内ACC被激活：ACC_ACCMode=0x3，则表示用户接受了建议） 6.与推送相关的 语音功能正常（语音/小精灵功能正常且可工作（HU 已启动） 7.车辆启动后以大于60km/h（可标定）车速持续行驶大于等于10分钟（可标定）或大于等于20公里 8.本点火周期内IACC未被推送过（无IACC车型，不会推送IACC，默认满足） 9.本点火周期内ACC未被激活过: ACC_ACCMode！=0x3 10.驾驶员未疲劳：IMS_DrowsinessStatus=0x0或连续行车时间（车速>0）小于等于3小时或者行驶距离小于等于300km(保持与HU疲劳监测一致) 11.本点火周期内 ACC 未被推送过 12.车辆处于高速路或快速路（无道路类型信号时，默认满足本条要求）：HU_navCurrentRoadType=0x2或0x5 13.搭载IACC功能的车型但IACC处于非可激活待机状态：LAS_IACCMode!=0x1（无IACC车型，无此信号，默认满足） 14.IACC 巡航功能处于可激活待机状态且持续大于等于 20 秒（可标定）：LAS_IACCMode=0x1 15.车速大于 60km/h （可标定）且小于 120km/h （可标定）：60km/h <ESP_VehicleSpeed≤120km/h 16.白天(车机时间为上午9点至下午5点)且天气不为雨雪雾 17.语音/小精灵功能正常且可工作无其他语音提示（包含通话）或报警正在发生，语音功能未被使用 18.有规划导航路径且距离即将通过的匝道及旅程剩余距离均大于等于30km（可标定） | F71: 是否推送 | G71: U语音（建议小精灵实现）播报：叮当（渐入提示音，避免突兀），当前路况良好，建议您使用自适应巡航，显示操作IACC激活按键动画 及文字提示 | H71: 1
... A131: 124 | B131: 功能介绍 | C131: 低功能活跃度提醒 | D131: 低功能活跃度提醒 | E131: 收集单个用户 ACC/IACC 使用频率，使用频率较低时 | F131: / | G131: 通过APP 定向推送 ACC/IACC 功能价值信息，鼓励用户尝试使用 ACC/IACC | H131: 1

Sheet 车辆设置
A1: 总用例 | B1: =COUNT(A8:A541) -> 534 | C1: XXX零部件测试车辆设置用例
A2: passed | B2: =COUNTIF(J:J,"=passed") -> 33
A3: failed | B3: =COUNTIF(J:J,"=failed") -> 3
A4: blocked | B4: =COUNTIF(J:J,"=blocked") -> 14
A5: N/A | B5: =COUNTIF(J:J,"=N/A") -> 120
A6: 项目名称：XXX | C6: 版本: | E6: 编制: | G6: 测试人员: | I6: 测试日期:
A7: 用例序号 | B7: 所属模块 | C7: 相关需求 | D7: 用例标题 | E7: 前置条件 | F7: 步骤 | G7: 预期 | H7: 优先级 | I7: 用例执行方式 | J7: 用例执行结果 | K7: DTM缺陷号
A8: 1 | B8: 驾驶操控 | C8: HDC 开关 I218.01.01.00 | D8: S-电源档位处于 ACC/OFF 档时， HU 处于工作状态，设置界面置灰显示，不能进行设置； | E8: 1.电源处于ACC/OFF 档， HU 处于开机状态。 | F8: 1. 打开“车辆设置-驾驶操控" 2.查看"驾驶操控”界面 | G8: 设置界面置灰显示，不能进行设置； | H8: 1 | I8: 仿真 | J8: passed
A9: 2 | B9: 驾驶操控 | C9: HDC 开关 I218.01.01.01 | D9: S-ESC故障灯点亮时， HDC 开关置灰显示不可操作 | E9: 1.电源处于ON 档， HU 处于开机状态。 | F9: 1. 打开“车辆设置-驾驶操控"; 2.发送ID187 TCS/ESP故障信号：“ESP_TCSFailStatus”=0x1，Error; 3.查看"驾驶操控-HDC开关”界面。 | G9: 1.设置项置灰显示，不能进行设置； | H9: 2 | I9: 仿真 | J9: passed
A10: 3 | B10: 驾驶操控 | C10: HDC 开关 I218.01.01.02 | D10: S-HDC出厂默认状态为关闭 | E10: 1.电源处于ON 档， HU 处于开机状态。 2.需要实车静态验证 | F10: 1. 第一次使用车机/点击恢复出厂设置/升级完成； 2.车机重启后打开"车辆设置-驾驶操控"； 3.查看HDC设置。 | G10: 1.HDC状态显示为关闭。 2.查看ID32A信号：HDC工作状态ESP_HDC_STATUS=0x0，OFF | H10: 1 | I10: 实车 | J10: N/A
A11: 4 | B11: 驾驶操控 | C11: HDC 开关 I218.01.01.01 | D11: S-通过HU 设置 HDC 为开启 | E11: 1.电源处于ON 档， HU 处于开机状态。 | F11: 1. 打开“车辆设置-驾驶操控"界面 2..HDC设置，选择 开启 | G11: 1.HDC设置为开启，并高亮状态。 | H11: 1 | I11: 实车 | J11: N/A
A12: 5 | B12: 驾驶操控 | C12: HDC 开关 I218.01.01.01 | D12: S-通过HU 设置 HDC 为开启 | E12: 1.电源处于ON 档， HU 处于开机状态。 | F12: 1.以周期100ms 发送ID277HDC 工作状态 ESP_HDC_STATUS” =0x1/0x2 2.打开“车辆设置-驾驶操控"界面 2..查看HDC开关设置 | G12: 1.HDC设置为开启，并高亮状态。 | H12: 1 | I12: 仿真 | J12: passed
A13: 6 | B13: 驾驶操控 | C13: HDC 开关 I218.01.01.02 | D13: S-通过HU 设置 HDC 为关闭 | E13: 1.电源处于ON 档， HU 处于开机状态。 2.HDC设置为开启状态。 | F13: 1. 打开“车辆设置-驾驶操控"界面 2..HDC设置，选择 关闭 3.仿真发送HDC关闭信号 | G13: 1.HDC设置为关闭 | H13: 1 | I13: 仿真 | J13: passed | K13: DTM20200720000119 关闭后依然高亮
A14: 7 | B14: 驾驶操控 | C14: HDC 开关 I218.01.01.02 | D14: S-通过HU 设置 HDC 为关闭 | E14: 1.电源处于ON 档， HU 处于开机状态。 2.HDC设置为开启状态。 | F14: 1.以周期100ms 发送ID277HDC 工作状态 ESP_HDC_STATUS” = 0x0 2.打开“车辆设置-驾驶操控"界面 2..查看HDC开关设置 | G14: 1.HDC设置为关闭 | H14: 1 | I14: 仿真 | J14: passed
A15: 8 | B15: 驾驶操控 | C15: HDC 开关 I218.01.01.03 | D15: S-HDC开启时，没有进行任何操作，保持显示当前设置状态为开启 | E15: 1.电源处于ON 档， HU 处于开机状态。 2.HDC设置为开启状态。 | F15: 1.进入"车辆设置-驾驶操控”界面 2..查看HDC设置状态 3.不做任何操作 4..10min后查看HDC设置状态 | G15: 1. HDC设置一直为开启状态 | H15: 2 | I15: 实车 | J15: N/A
A16: 9 | B16: 驾驶操控 | C16: HDC 开关 I218.01.01.04 | D16: S-HDC关闭时，没有进行任何操作，保持显示当前设置状态为关闭 | E16: 1.电源处于ON 档， HU 处于开机状态。 2.HDC设置为关闭状态。 | F16: 1.进入"车辆设置-驾驶操控”界面 2..查看HDC设置状态 3.不做任何操作 4..10min后查看HDC设置状态 | G16: 1. HDC设置一直为关闭状态 | H16: 2 | I16: 实车 | J16: N/A
A17: 10 | B17: 驾驶操控 | C17: ESC 开关 I218.01.02.00 | D17: S-电源档位处于 ACC/OFF 档时， HU 处于工作状态，设置界面置灰显示，不能进行设置； | E17: 1.电源处于ACC/OFF 档， HU 处于开机状态。 | F17: 1. 打开“车辆设置-驾驶操控" 2.查看"驾驶操控”界面 | G17: 设置界面置灰显示，不能进行设置； | H17: 2 | I17: 台架 | J17: passed
A18: 11 | B18: 驾驶操控 | C18: ESC 开关 I218.01.02.00 | D18: S-ESC故障灯点亮时， ESC 开关置灰显示不可操作 | E18: 1.电源处于ON 档， HU 处于开机状态。 | F18: 1. 打开“车辆设置-驾驶操控"; 2.发送ID187 TCS/ESP故障信号：“ESP_TCSFailStatus”=0x1，Error; 3.查看"驾驶操控-HDC开关”界面。 | G18: 1.设置项置灰显示，不能进行设置； 2.通过CAN工具查看ID52D 信号“ESP 功能状态设置请求：HU_ESPStatusSetReq= 0x0，Inactive。 | H18: 1 | I18: 仿真 | J18: passed
A19: 12 | B19: 驾驶操控 | C19: ESC 开关 I218.01.02.00 | D19: S-ESC出厂默认状态为关闭 | E19: 1.电源处于ON 档， HU 处于开机状态。 2.需要实车静态验证 | F19: 1. 第一次使用车机/点击恢复出厂设置/升级完成； 2.车机重启后打开"车辆设置-驾驶操控"； 3.查看ESC设置。 | G19: 1.ESC状态显示为关闭。 | H19: 1 | I19: 实车 | J19: N/A
A20: 13 | B20: 驾驶操控 | C20: ESC 开关 I218.01.02.00 | D20: S-通过HU 设置 ESC为开启 | E20: 1.电源处于ON 档， HU 处于开机状态。 | F20: 1. 打开“车辆设置-驾驶操控"界面 2..ESC设置，选择 开启 | G20: 1.ESC 开关设置为开启； | H20: 1 | I20: 实车 | J20: N/A
A21: 14 | B21: 驾驶操控 | C21: ESC 开关 I218.01.02.00 | D21: S-通过HU 设置 ESC为开启 | E21: 1.电源处于ON 档， HU 处于开机状态。 | F21: 1. 以100ms周期发送ID187“ESP 功能开启状态 ESP_ESPFunctionStatus”==0x1 2.打开“车辆设置-驾驶操控"界面 3.查看.ESC开关设置 | G21: 1.ESC 开关设置为开启； | H21: 1 | I21: 仿真 | J21: passed
A22: 15 | B22: 驾驶操控 | C22: ESC 开关 I218.01.02.00 | D22: S-通过HU 设置 ESC为关闭 | E22: 1.电源处于ON 档， HU 处于开机状态。 2.ESC设置为开启状态。 | F22: 1. 打开“车辆设置-驾驶操控"界面 2..ESC设置，选择 关闭 | G22: 1.ESC 功能设置为关闭； | H22: 1 | I22: 实车 | J22: passed | K22: DTM20200720000119 关闭后依然高亮
A23: 16 | B23: 驾驶操控 | C23: ESC 开关 I218.01.02.00 | D23: S-通过HU 设置 ESC为关闭 | E23: 1.电源处于ON 档， HU 处于开机状态。 2.ESC设置为开启状态。 | F23: 1. 以100ms周期发送ID187“ESP 功能关闭状态 ESP_ESPFunctionStatus”==0x0 2.打开“车辆设置-驾驶操控"界面 3.查看.ESC开关设置 | G23: 1.ESC 功能设置为关闭； | H23: 1 | I23: 仿真 | J23: passed
A24: 17 | B24: 驾驶操控 | C24: ESC 开关 I218.01.02.00 | D24: S-ESC开启时，没有进行任何操作，保持显示当前设置状态为开启 | E24: 1.电源处于ON 档， HU 处于开机状态。 2.ESC设置为开启状态。 | F24: 1.进入"车辆设置-驾驶操控”界面 2..查看ESC设置状态 3.不做任何操作 4..10min后查看ESC设置状态 | G24: 1. ESC设置一直为开启状态 | H24: 3 | I24: 实车 | J24: N/A
A25: 18 | B25: 驾驶操控 | C25: ESC 开关 I218.01.02.00 | D25: S-ESC关闭时，没有进行任何操作，保持显示当前设置状态为关闭 | E25: 1.电源处于ON 档， HU 处于开机状态。 2.ESC设置为关闭状态。 | F25: 1.进入"车辆设置-驾驶操控”界面 2.查看ESC设置状态 3.不做任何操作号 4.10min后查看ESC设置状态 | G25: 1. ESC设置一直为关闭状态 | H25: 3 | I25: 实车 | J25: N/A
A26: 19 | B26: 驾驶操控 | C26: 转向助力模式I218.01.03.00 | D26: S-电源档位处于 ACC/OFF 档时， HU 处于工作状态，设置界面置灰显示，不能进行设置 | E26: 1.电源处于ACC/OFF 档， HU 处于开机状态。 | F26: 1. 打开“车辆设置-驾驶操控" 2.查看"转向助力模式”界面 | G26: 设置界面置灰显示，不能进行设置； | H26: 1 | I26: 台架 | J26: passed
A27: 20 | B27: 驾驶操控 | C27: 转向助力模式I218.01.03.00 | D27: S-转向助力模式 出厂 默认为“标准” | E27: 1.电源处于ON 档， HU 处于开机状态。 2.需要实车静态验证 | F27: 1. 第一次使用车机/点击恢复出厂设置/升级完成； 2.车机重启后打开"车辆设置-驾驶操控-转向助力模式 "； 3.查看转向助力模式设置。 | G27: 1.转向助力模式 显示为“标准” 。 | H27: 2 | I27: 实车 | J27: N/A
A28: 21 | B28: 驾驶操控 | C28: 转向助力模式I218.01.03.00 | D28: S-通过HU 设置方向盘的转向力度为标准 | E28: 1.电源处于ON 档， HU 处于开机状态。 | F28: 1. 打开“车辆设置-驾驶操控-转向助力模式"页面 2. 设置转向助力模式为标准 | G28: 1.转向助力模式 显示为“标准” 。 | H28: 1 | I28: 实车 | J28: N/A
A29: 22 | B29: 驾驶操控 | C29: 转向助力模式I218.01.03.00 | D29: S-通过HU 设置方向盘的转向力度为标准 | E29: 1.电源处于ON 档， HU 处于开机状态。 | F29: 1. 以100ms周期发送ID387驾驶模式转向助力设置反馈 BCM_EPSTorqueModeFeedback”=0x0= normal 时显示“标准” 2.查看“车辆设置-驾驶操控-转向助力模式"设置 | G29: 1.转向助力模式 显示为“标准” 。 | H29: 1 | I29: 仿真 | J29: passed
A30: 23 | B30: 驾驶操控 | C30: 转向助力模式I218.01.03.00 | D30: S-通过HU 设置方向盘的转向力度为舒适 | E30: 1.电源处于ON 档， HU 处于开机状态。 | F30: 1. 打开“车辆设置-驾驶操控-转向助力模式"页面 2. 设置转向助力模式为舒适 | G30: 1.转向助力模式 显示为“舒适” 。 | H30: 1 | I30: 实车 | J30: N/A
A31: 24 | B31: 驾驶操控 | C31: 转向助力模式I218.01.03.00 | D31: S-通过HU 设置方向盘的转向力度为舒适 | E31: 1.电源处于ON 档， HU 处于开机状态。 | F31: 1. 以100ms周期发送ID387驾驶模式转向助力设置反馈 BCM_EPSTorqueModeFeedback”=0x1=light 显示“舒适 2.查看“车辆设置-驾驶操控-转向助力模式"设置 | G31: 1.转向助力模式 显示为“舒适” 。 | H31: 1 | I31: 仿真 | J31: passed
A32: 25 | B32: 驾驶操控 | C32: 转向助力模式I218.01.03.00 | D32: S-通过HU 设置方向盘的转向力度为运动 | E32: 1.电源处于ON 档， HU 处于开机状态。 | F32: 1. 打开“车辆设置-驾驶操控-转向助力模式"页面 2. 设置转向助力模式为运动 | G32: 1.转向助力模式 显示为“运动” 。 | H32: 1 | I32: 实车 | J32: N/A
A33: 26 | B33: 驾驶操控 | C33: 转向助力模式I218.01.03.00 | D33: S-通过HU 设置方向盘的转向力度为运动 | E33: 1.电源处于ON 档， HU 处于开机状态。 | F33: 1. 以100ms周期发送ID387驾驶模式转向助力设置反馈 BCM_EPSTorqueModeFeedback”==0x2= heavy 显示“运动” 2.查看“车辆设置-驾驶操控-转向助力模式"设置 | G33: 1.转向助力模式 显示为“运动” 。 | H33: 1 | I33: 仿真 | J33: passed
A34: 27 | B34: 驾驶操控 | C34: 转向助力模式I218.01.03.00 | D34: S-转向助力模式为“标准”时，没有进行任何操作，保持显示当前设置状态为标准 | E34: 1.电源处于ON 档， HU 处于开机状态。 2.当前转向助力模式为标准 | F34: 1. 打开“车辆设置-驾驶操控-转向助力模式"页面 2. 静置3min，不做任何操作。 3.查看转向力助力模式 | G34: 1.转向助力模式 显示为“标准” 。 | H34: 2 | I34: 实车 | J34: N/A
... A41: 34 | B41: 驾驶操控 | C41: 驾驶模式与转向联动 I218.01.0 6 .00 | D41: S-关闭驾驶模式与转向联动 | E41: 电源处于ON 档，HU处于工作状态 | F41: 1. 打开“车辆设置-驾驶操控-驾驶操控-驾驶模式与转向联动”界面 3.关闭驾驶模式与转向联动功能 | G41: 驾驶模式与转向联动设置为关闭 | H41: 1 | I41: 实车 | J41: N/A
A42: 35 | B42: 驾驶操控 | C42: 驾驶模式与转向联动 I218.01.0 6 .00 | D42: S-关闭驾驶模式与转向联动 | E42: 电源处于ON 档，HU处于工作状态 | F42: 1.以100ms周期发送ID3FD助力模式驾驶模式 联动设置反馈 BCM_EPSTorqSYNStatus=0x2 2查看车辆设置-驾驶操控-驾驶操控-驾驶模式与转向联动”设置 | G42: 驾驶模式与转向联动设置为关闭 | H42: 1 | I42: 仿真 | J42: passed | K42: DTM20200720000119 关闭后依然高亮
A43: 36 | B43: 驾驶操控 | C43: 驾驶模式与转向联动 I218.01.0 6 .00 | D43: S-驾驶模式与转向联动开启时，没有进行任何操作，保持显示当前设置状态为开启 | E43: 1.电源处于ON 档，HU处于工作状态 2.驾驶模式与转向联动开启 | F43: 1. 1. 打开“车辆设置-驾驶操控-驾驶操控-驾驶模式与转向联动”界面 2. 静置3min，不做任何操作 3.查看驾驶模式与转向联动设置 | G43: 保持显示当前设置状态为开启 | H43: 2 | I43: 实车 | J43: N/A
A44: 37 | B44: 驾驶操控 | C44: 驾驶模式与转向联动 I218.01.0 6 .00 | D44: S-驾驶模式与转向联动关闭时，没有进行任何操作，保持显示当前设置状态为关闭 | E44: 1.电源处于ON 档，HU处于工作状态 2.驾驶模式与转向联动关闭 | F44: 1. 1. 打开“车辆设置-驾驶操控-驾驶操控-驾驶模式与转向联动”界面 2. 静置3min，不做任何操作 4.查看驾驶模式与转向联动设置 | G44: 保持显示当前设置状态为关闭 | H44: 2 | I44: 实车 | J44: N/A
A45: 38 | B45: 车身设置 | C45: 天窗控制 I218.02.01.00 | D45: S-通风状态位置为垂直时，点击开启 按键 HU 发送天窗 75% 开启请求， 天窗同时控制天窗与遮阳帘运动到 75%开度 位置 ，并将天窗位置调整为水平。 | E45: 1.电源ON 档， HU 处于开机状态2.BCM 和天窗处于工作状态。 3.需要实车静态验证 | F45: 1. 天窗处于通风状态位置为垂直 2. 进入“车辆设置-车身设置”界面，点击天窗“开启”按键。 | G45: 1.HU 发送天窗 75 开启请求， 天窗同时控制天窗与遮阳帘运动到 75%开度 位置 2.并将天窗位置调整为水平 | H45: 1 | I45: 实车 | J45: N/A
A46: 39 | B46: 车身设置 | C46: 天窗控制 I218.02.01.00 | D46: S-开度为 5%时，点击开启 按键 HU 发送天窗 75% 开启请求， 天窗同时控制天窗与遮阳帘运动到 75%开度 位置 ，并将天窗位置调整为水平。 | E46: 1.电源ON 档， HU 处于开机状态2.BCM 和天窗处于工作状态。 3.需要实车静态验证 | F46: 1. 天窗开度为 5%. 2. 进入“车辆设置-车身设置”界面，点击天窗“开启”按键。 | G46: 1.HU 发送天窗 75 开启请求， 天窗同时控制天窗与遮阳帘运动到 75%开度 位置 2.并将天窗位置调整为水平 | H46: 2 | I46: 实车 | J46: N/A
A47: 40 | B47: 车身设置 | C47: 天窗控制 I218.02.01.00 | D47: S-通风状态位置为垂直，开度为 25%时，点击开启 按键 HU 发送天窗 75% 开启请求， 天窗同时控制天窗与遮阳帘运动到 75%开度 位置 ，并将天窗位置调整为水平。 | E47: 1.电源ON 档， HU 处于开机状态2.BCM 和天窗处于工作状态。 3.需要实车静态验证 | F47: 1. 天窗开度为 25%. 2. 进入“车辆设置-车身设置”界面，点击天窗“开启”按键。 | G47: 1.HU 发送天窗 75 开启请求， 天窗同时控制天窗与遮阳帘运动到 75%开度 位置 2.并将天窗位置调整为水平 | H47: 2 | I47: 实车 | J47: N/A
A48: 41 | B48: 车身设置 | C48: 天窗控制 I218.02.01.00 | D48: S-通风状态位置为垂直，开度为 50%时，点击开启 按键 HU 发送天窗 75% 开启请求， 天窗同时控制天窗与遮阳帘运动到 75%开度 位置 ，并将天窗位置调整为水平。 | E48: 1.电源ON 档， HU 处于开机状态2.BCM 和天窗处于工作状态。 3.需要实车静态验证 | F48: 1. 天窗开度为 50%. 2. 进入“车辆设置-车身设置”界面，点击天窗“开启”按键。 | G48: 1.HU 发送天窗 75 开启请求， 天窗同时控制天窗与遮阳帘运动到 75%开度 位置 2.并将天窗位置调整为水平 | H48: 2 | I48: 实车 | J48: N/A
A49: 42 | B49: 车身设置 | C49: 天窗控制 I218.02.01.00 | D49: S-天窗关闭状态时,点击开启 按键 HU 发送天窗 75% 开启请求， 天窗同时控制天窗与遮阳帘运动到 75%开度 位置 ，并将天窗位置调整为水平。 | E49: 1.电源ON 档， HU 处于开机状态2.BCM 和天窗处于工作状态。 3.需要实车静态验证 | F49: 1. 天窗开度为 0%. 2. 进入“车辆设置-车身设置”界面，点击天窗“开启”按键。 | G49: 1.HU 发送天窗 75 开启请求， 天窗同时控制天窗与遮阳帘运动到 75%开度 位置 2.并将天窗位置调整为水平 | H49: 1 | I49: 实车 | J49: N/A
A50: 43 | B50: 车身设置 | C50: 天窗控制 I218.02.01.00 | D50: S-如当前 天窗 处于 75% 开度且天窗 位置为水平时，点击 开启 按键 HU 发 送天窗 100 开启请求， 天窗同时控制天窗与遮阳帘运动到 100% 开度位置，天窗位置保持为水平 | E50: 1.电源ON 档， HU 处于开机状态2.BCM 和天窗处于工作状态。 3.需要实车静态验证 | F50: 1. 天窗位置为水平，开度为75%. 2. 进入“车辆设置-车身设置”界面，点击天窗“开启”按键。 | G50: 1. HU 发 送天窗 100 开启请求， 天窗同时控制天窗与遮阳帘运动到 100% 开度位置 2.天窗位置保持为水平； | H50: 1 | I50: 实车 | J50: N/A
A51: 44 | B51: 车身设置 | C51: 天窗控制 I218.02.01.00 | D51: S-如当前 天窗 处于 100% 开度且天窗 位置为水平时，点击 开启 按键 HU 发 送天窗 100 开启请求， 天窗同时控制天窗与遮阳帘运动到 100% 开度位置，天窗位置保持为水平 | E51: 1.电源ON 档， HU 处于开机状态2.BCM 和天窗处于工作状态。 3.需要实车静态验证 | F51: 1. 天窗位置为水平，开度为100%. 2. 进入“车辆设置-车身设置”界面，点击天窗“开启”按键 | G51: 1. HU 发 送天窗 100 开启请求， 天窗同时控制天窗与遮阳帘运动到 100% 开度位置 2.天窗位置保持为水平； | H51: 1 | I51: 实车 | J51: N/A
A52: 45 | B52: 车身设置 | C52: 天窗控制 I218.02.01.00 | D52: S-开度为0时，HU收到BCM反馈信号，天窗“开启”按键常亮显示。 | E52: 1.电源ON 档， HU 处于开机状态2.BCM 和天窗处于工作状态。 | F52: 1. 天窗开度为0 2. 发送ID396帧，天窗开度反馈信号：BCM_Sunroof_POS_VIT=0 | G52: 天窗“开启”按键常亮显示。 | H52: 1 | I52: 仿真
A53: 46 | B53: 车身设置 | C53: 天窗控制 I218.02.01.00 | D53: S-开度为5%时，HU收到BCM反馈信号，天窗“开启”按键常亮显示。 | E53: 1.电源ON 档， HU 处于开机状态2.BCM 和天窗处于工作状态。 | F53: 1. 天窗开度为5 2. 发送ID396帧，天窗开度反馈信号：BCM_Sunroof_POS_VIT=5 | G53: 天窗“开启”按键常亮显示。 | H53: 2 | I53: 仿真
A54: 47 | B54: 车身设置 | C54: 天窗控制 I218.02.01.00 | D54: S-开度为25%时，HU收到BCM反馈信号，天窗“开启”按键常亮显示。 | E54: 1.电源ON 档， HU 处于开机状态2.BCM 和天窗处于工作状态。 | F54: 1. 天窗开度为25 2. 发送ID396帧，天窗开度反馈信号：BCM_Sunroof_POS_VIT=25 | G54: 天窗“开启”按键常亮显示。 | H54: 2 | I54: 仿真
A55: 48 | B55: 车身设置 | C55: 天窗控制 I218.02.01.00 | D55: S-开度为50%时，HU收到BCM反馈信号，天窗“开启”按键常亮显示。 | E55: 1.电源ON 档， HU 处于开机状态2.BCM 和天窗处于工作状态。 | F55: 1. 天窗开度为50 2. 发送ID396帧，天窗开度反馈信号：BCM_Sunroof_POS_VIT=50 | G55: 天窗“开启”按键常亮显示。 | H55: 2 | I55: 仿真
A56: 49 | B56: 车身设置 | C56: 天窗控制 I218.02.01.00 | D56: S-开度为75%时，HU收到BCM反馈信号，天窗“开启”按键常亮显示。 | E56: 1.电源ON 档， HU 处于开机状态2.BCM 和天窗处于工作状态。 | F56: 1. 天窗开度为75 2. 发送ID396帧，天窗开度反馈信号：BCM_Sunroof_POS_VIT=75 | G56: 天窗“开启”按键常亮显示。 | H56: 2 | I56: 仿真
A57: 50 | B57: 车身设置 | C57: 天窗控制 I218.02.01.00 | D57: S-开度为100%时，HU收到BCM反馈信号，天窗“开启”按键常亮显示。 | E57: 1.电源ON 档， HU 处于开机状态2.BCM 和天窗处于工作状态。 | F57: 1. 天窗开度为100 2. 发送ID396帧，天窗开度反馈信号：BCM_Sunroof_POS_VIT=100 | G57: 天窗“开启”按键常亮显示。 | H57: 1 | I57: 仿真
A58: 51 | B58: 车身设置 | C58: 天窗控制 I218.02.01.00 | D58: S-天窗开度为0，HU收不到BCM反馈信号时，天窗“开启”按键置灰显示，不可操作，不显示开启关闭状态，只有进度条显示天窗开度。 | E58: 1.电源ON 档， HU 处于开机状态2.BCM 和天窗处于工作状态。 | F58: 1.发送一分钟ID396: “天窗开度反馈BCM_Sunroof_POS_VIT”=0 2.停止发送该信号 | G58: 1.天窗“开启”按键置灰显示，不可操作 2.不显示开启关闭状态，只有进度条显示天窗开度0%。 | H58: 1 | I58: 仿真
A59: 52 | B59: 车身设置 | C59: 天窗控制 I218.02.01.00 | D59: S-天窗开度为5，HU收不到BCM反馈信号时，天窗“开启”按键置灰显示，不可操作，不显示开启关闭状态，只有进度条显示天窗开度。 | E59: 1.电源ON 档， HU 处于开机状态2.BCM 和天窗处于工作状态。 | F59: 1.发送一分钟ID396: “天窗开度反馈BCM_Sunroof_POS_VIT”=5 2.停止发送该信号 | G59: 1.天窗“开启”按键置灰显示，不可操作 2.不显示开启关闭状态，只有进度条显示天窗开度5%。 | H59: 2 | I59: 仿真
A60: 53 | B60: 车身设置 | C60: 天窗控制 I218.02.01.00 | D60: S-天窗开度为25，HU收不到BCM反馈信号时，天窗“开启”按键置灰显示，不可操作，不显示开启关闭状态，只有进度条显示天窗开度。 | E60: 1.电源ON 档， HU 处于开机状态2.BCM 和天窗处于工作状态。 | F60: 1.发送一分钟ID396: “天窗开度反馈BCM_Sunroof_POS_VIT”=25 2.停止发送该信号 | G60: 1.天窗“开启”按键置灰显示，不可操作 2.不显示开启关闭状态，只有进度条显示天窗开度25%。 | H60: 2 | I60: 仿真
A61: 54 | B61: 车身设置 | C61: 天窗控制 I218.02.01.00 | D61: S-天窗开度为50，HU收不到BCM反馈信号时，天窗“开启”按键置灰显示，不可操作，不显示开启关闭状态，只有进度条显示天窗开度。 | E61: 1.电源ON 档， HU 处于开机状态2.BCM 和天窗处于工作状态。 | F61: 1.发送一分钟ID396: “天窗开度反馈BCM_Sunroof_POS_VIT”=50 2.停止发送该信号 | G61: 1.天窗“开启”按键置灰显示，不可操作 2.不显示开启关闭状态，只有进度条显示天窗开度50%。 | H61: 2 | I61: 仿真
A62: 55 | B62: 车身设置 | C62: 天窗控制 I218.02.01.00 | D62: S-天窗开度为75，HU收不到BCM反馈信号时，天窗“开启”按键置灰显示，不可操作，不显示开启关闭状态，只有进度条显示天窗开度。 | E62: 1.电源ON 档， HU 处于开机状态2.BCM 和天窗处于工作状态。 | F62: 1.发送一分钟ID396: “天窗开度反馈BCM_Sunroof_POS_VIT”=75 2.停止发送该信号 | G62: 1.天窗“开启”按键置灰显示，不可操作 2.不显示开启关闭状态，只有进度条显示天窗开度75%。 | H62: 2 | I62: 仿真
A63: 56 | B63: 车身设置 | C63: 天窗控制 I218.02.01.00 | D63: S-天窗开度为100，HU收不到BCM反馈信号时，天窗“开启”按键置灰显示，不可操作，不显示开启关闭状态，只有进度条显示天窗开度。 | E63: 1.电源ON 档， HU 处于开机状态2.BCM 和天窗处于工作状态。 | F63: 1.发送一分钟ID396: “天窗开度反馈BCM_Sunroof_POS_VIT”=100 2.停止发送该信号 | G63: 1.天窗“开启”按键置灰显示，不可操作 2.不显示开启关闭状态，只有进度条显示天窗开度100%。 | H63: 2 | I63: 仿真
A64: 57 | B64: 车身设置 | C64: 天窗控制 I218.02.01.00 | D64: S-天窗开度为0%，恢复车辆设置时不改变天窗状态 | E64: 1.电源ON 档， HU 处于开机状态2.BCM 和天窗处于工作状态。 3.需要实车静态验证 | F64: 1.天窗开度为0% 2. 点击恢复车辆设置 3. 重启车机后观察天窗状态 | G64: 天窗状态不改变，开度显示为0% | H64: 1 | I64: 实车 | J64: N/A
A65: 58 | B65: 车身设置 | C65: 天窗控制 I218.02.01.00 | D65: S-天窗开度为5%，恢复车辆设置时不改变天窗状态 | E65: 1.电源ON 档， HU 处于开机状态2.BCM 和天窗处于工作状态。 3.需要实车静态验证 | F65: 1.天窗开度为5% 2. 点击恢复车辆设置 3. 重启车机后观察天窗状态 | G65: 天窗状态不改变，开度显示为5% | H65: 1 | I65: 实车 | J65: N/A
A66: 59 | B66: 车身设置 | C66: 天窗控制 I218.02.01.00 | D66: S-天窗开度为25%，恢复车辆设置时不改变天窗状态 | E66: 1.电源ON 档， HU 处于开机状态2.BCM 和天窗处于工作状态。 3.需要实车静态验证 | F66: 1.天窗开度为5% 2. 点击恢复车辆设置 3. 重启车机后观察天窗状态 | G66: 天窗状态不改变，开度显示为25% | H66: 2 | I66: 实车 | J66: N/A
A67: 60 | B67: 车身设置 | C67: 天窗控制 I218.02.01.00 | D67: S-天窗开度为50%，恢复车辆设置时不改变天窗状态 | E67: 1.电源ON 档， HU 处于开机状态2.BCM 和天窗处于工作状态。 3.需要实车静态验证 | F67: 1.天窗开度为5% 2. 点击恢复车辆设置 3. 重启车机后观察天窗状态 | G67: 天窗状态不改变，开度显示为50% | H67: 2 | I67: 实车 | J67: N/A
A68: 61 | B68: 车身设置 | C68: 天窗控制 I218.02.01.00 | D68: S-天窗开度为75%，恢复车辆设置时不改变天窗状态 | E68: 1.电源ON 档， HU 处于开机状态2.BCM 和天窗处于工作状态。 3.需要实车静态验证 | F68: 1.天窗开度为5% 2. 点击恢复车辆设置 3. 重启车机后观察天窗状态 1.ID396: “天窗开度反馈BCM_Sunroof_POS_VIT”=5 2.点击恢复车辆设置 3.重启后停止发送信号 | G68: 天窗状态不改变，开度显示为75% | H68: 2 | I68: 实车 | J68: N/A
A69: 62 | B69: 车身设置 | C69: 天窗控制 I218.02.01.00 | D69: S-天窗开度为100%，恢复车辆设置时不改变天窗状态 | E69: 1.电源ON 档， HU 处于开机状态2.BCM 和天窗处于工作状态。 3.需要实车静态验证 | F69: 1.天窗开度为5% 2. 点击恢复车辆设置 3. 重启车机后观察天窗状态 | G69: 天窗状态不改变，开度显示为100% | H69: 1 | I69: 实车 | J69: N/A
A70: 63 | B70: 车身设置 | C70: 天窗控制 I218.02.01.00 | D70: S-开度设置为5%时，点击“关闭”按键， HU 发送天窗关闭控制请求，控制天窗运动到关闭，并将天窗位置调整为垂直 | E70: 1.电源ON 档， HU 处于开机状态2.BCM 和天窗处于工作状态。 3.需要实车静态验证 | F70: 1.天窗开度为5% 2.进入“车辆设置-车身设置”界面，点击天窗“关闭”按键。 3. 查看天窗响应 | G70: 1.HU 发送天窗关闭控制请求，控制天窗运动到关闭 2.将天窗位置调整为垂直 | H70: 1 | I70: 实车 | J70: N/A
A71: 64 | B71: 车身设置 | C71: 天窗控制 I218.02.01.00 | D71: S-开度设置为25%时，点击“关闭”按键， HU 发送天窗关闭控制请求，控制天窗运动到关闭，并将天窗位置调整为垂直 | E71: 1.电源ON 档， HU 处于开机状态2.BCM 和天窗处于工作状态。 3.需要实车静态验证 | F71: 1.天窗开度为25% 2.进入“车辆设置-车身设置”界面，点击天窗“关闭”按键。 3. 查看天窗响应 | G71: 1.HU 发送天窗关闭控制请求，控制天窗运动到关闭 2.将天窗位置调整为垂直 | H71: 2 | I71: 实车 | J71: N/A
A72: 65 | B72: 车身设置 | C72: 天窗控制 I218.02.01.00 | D72: S-开度设置为50%时，点击“关闭”按键， HU 发送天窗关闭控制请求，控制天窗运动到关闭，并将天窗位置调整为垂直 | E72: 1.电源ON 档， HU 处于开机状态2.BCM 和天窗处于工作状态。 3.需要实车静态验证 | F72: 1.天窗开度为50% 2.进入“车辆设置-车身设置”界面，点击天窗“关闭”按键。 3. 查看天窗响应 | G72: 1.HU 发送天窗关闭控制请求，控制天窗运动到关闭 2.将天窗位置调整为垂直 | H72: 2 | I72: 实车 | J72: N/A
A73: 66 | B73: 车身设置 | C73: 天窗控制 I218.02.01.00 | D73: S-开度设置为75%时，点击“关闭”按键， HU 发送天窗关闭控制请求，控制天窗运动到关闭，并将天窗位置调整为垂直 | E73: 1.电源ON 档， HU 处于开机状态2.BCM 和天窗处于工作状态。 3.需要实车静态验证 | F73: 1.天窗开度为75% 2.进入“车辆设置-车身设置”界面，点击天窗“关闭”按键。 3. 查看天窗响应 | G73: 1.HU 发送天窗关闭控制请求，控制天窗运动到关闭 2.将天窗位置调整为垂直 | H73: 2 | I73: 实车 | J73: N/A
A74: 67 | B74: 车身设置 | C74: 天窗控制 I218.02.01.00 | D74: S-开度设置为100%时，点击“关闭”按键， HU 发送天窗关闭控制请求，控制天窗运动到关闭，并将天窗位置调整为垂直 | E74: 1.电源ON 档， HU 处于开机状态2.BCM 和天窗处于工作状态。 3.需要实车静态验证 | F74: 1.天窗开度为100% 2.进入“车辆设置-车身设置”界面，点击天窗“关闭”按键。 3. 查看天窗响应 | G74: 1.HU 发送天窗关闭控制请求，控制天窗运动到关闭 2.将天窗位置调整为垂直 | H74: 1 | I74: 实车 | J74: N/A
A75: 68 | B75: 车身设置 | C75: 天窗控制 I218.02.01.00 | D75: S-收到 BCM 天窗反馈信号时 HU 天窗“关闭”按键常亮显示 | E75: 1.电源ON 档， HU 处于开机状态2.BCM 和天窗处于工作状态。 | F75: 1以100ms周期发送ID396.“天窗开度反馈信号 BCM_Sunroof_POS_VIT=0x0。 | G75: 1.HU 发送天窗关闭控制请求，控制天窗运动到关闭 2.将天窗位置调整为垂直 3.天窗“关闭”按键常亮显示 | H75: 1 | I75: 仿真 | J75: passed
A76: 69 | B76: 车身设置 | C76: 天窗控制 I218.02.01.00 | D76: S-收不到 BCM 反馈信号时天窗“关闭”按键置灰显示，不可操作。不显示开启 关闭状态，只在进度条显示天窗开度 | E76: 1.电源ON 档， HU 处于开机状态2.天窗处于工作状态。 | F76: 1.设置开度5%：以100ms周期发送ID396.“天窗开度反馈信号 BCM_Sunroof_POS_VIT=0x6 2.停止发送天窗开度反馈信号 | G76: 1.天窗开度显示5% 2.天窗“关闭”按键置灰显示，不可操作。不显示开启 关闭状态，只在进度条显示天窗开度。 | H76: 2 | I76: 仿真
A77: 70 | B77: 车身设置 | C77: 天窗控制 I218.02.01.00 | D77: S-通过操作HU 天窗进度条，调整天窗开度5%，天窗同时控制天窗和遮阳帘运动到相应 位置。 | E77: 1.电源ON 档， HU 处于开机状态2.BCM 和天窗处于工作状态。 | F77: 1. 进入“车辆设置 进入“车辆设置 -车身设置”界面，点击或滑动天窗进度条到开度5%. | G77: 1. 天窗同时控制天窗和遮阳帘运动到开度5%的位置 2. 查看ID396天窗开度反馈 BCM_Sunroof_POS_VIT=5 | H77: 1 | I77: 实车 | J77: N/A
A78: 71 | B78: 车身设置 | C78: 天窗控制 I218.02.01.00 | D78: S-通过操作HU 天窗进度条，调整天窗开度25%，天窗同时控制天窗和遮阳帘运动到相应 位置。 | E78: 1.电源ON 档， HU 处于开机状态2.BCM 和天窗处于工作状态。 | F78: 1. 进入“车辆设置 进入“车辆设置 -车身设置”界面，点击或滑动天窗进度条到开度25%. | G78: 1. 天窗同时控制天窗和遮阳帘运动到开度25%的位置 2. 查看ID396天窗开度反馈 BCM_Sunroof_POS_VIT=25 | H78: 2 | I78: 实车 | J78: N/A
A79: 72 | B79: 车身设置 | C79: 天窗控制 I218.02.01.00 | D79: S-通过操作HU 天窗进度条，调整天窗开度50%，天窗同时控制天窗和遮阳帘运动到相应 位置。 | E79: 1.电源ON 档， HU 处于开机状态2.BCM 和天窗处于工作状态。 | F79: 1. 进入“车辆设置 进入“车辆设置 -车身设置”界面，点击或滑动天窗进度条到开度50%. | G79: 1. 天窗同时控制天窗和遮阳帘运动到开度50%的位置 2. 查看ID396天窗开度反馈 BCM_Sunroof_POS_VIT=50 | H79: 1 | I79: 实车 | J79: N/A
A80: 73 | B80: 车身设置 | C80: 天窗控制 I218.02.01.00 | D80: S-通过操作HU 天窗进度条，调整天窗开度75%，天窗同时控制天窗和遮阳帘运动到相应 位置。 | E80: 1.电源ON 档， HU 处于开机状态2.BCM 和天窗处于工作状态。 | F80: 1. 进入“车辆设置 进入“车辆设置 -车身设置”界面，点击或滑动天窗进度条到开度75%. | G80: 1. 天窗同时控制天窗和遮阳帘运动到开度75%的位置 2. 查看ID396天窗开度反馈 BCM_Sunroof_POS_VIT=75 | H80: 1 | I80: 实车 | J80: N/A
A81: 74 | B81: 车身设置 | C81: 天窗控制 I218.02.01.00 | D81: S-通过操作HU 天窗进度条，调整天窗开度100%，天窗同时控制天窗和遮阳帘运动到相应 位置。 | E81: 1.电源ON 档， HU 处于开机状态2.BCM 和天窗处于工作状态。 | F81: 1. 进入“车辆设置 进入“车辆设置 -车身设置”界面，点击或滑动天窗进度条到开度100%. | G81: 1. 天窗同时控制天窗和遮阳帘运动到开度100%的位置 2. 查看ID396天窗开度反馈 BCM_Sunroof_POS_VIT=100 | H81: 1 | I81: 实车 | J81: N/A
A82: 75 | B82: 车身设置 | C82: 天窗控制 I218.02.01.00 | D82: S-开度为5%，操作HU 天窗进度条，调整天窗开度，HU收不到天窗开度反馈信号时，天窗进度条默认显示上次记忆的位置并置灰显示，不可操作 | E82: 1.电源ON 档， HU 处于开机状态2.BCM 和天窗处于工作状态。 | F82: 1.发送一分钟ID396: “天窗开度反馈BCM_Sunroof_POS_VIT”=5 2.停止发送该信号 | G82: 天窗进度条默认显示上次记忆的位置并置灰显示，不可操作 | H82: 2 | I82: 仿真 | J82: failed | K82: DTM20200706000114 DTM20200720000168
A83: 76 | B83: 车身设置 | C83: 天窗控制 I218.02.01.00 | D83: S-操作HU 天窗进度条，调整天窗开度为25%，HU收不到天窗开度反馈信号时，天窗进度条默认显示上次记忆的位置并置灰显示，不可操作 | E83: 1.电源ON 档， HU 处于开机状态2.BCM 和天窗处于工作状态。 | F83: 1.发送一分钟ID396: “天窗开度反馈BCM_Sunroof_POS_VIT”=25 2.停止发送该信号 | G83: 天窗进度条默认显示上次记忆的位置并置灰显示，不可操作 | H83: 2 | I83: 仿真 | J83: blocked | K83: DTM20200706000114 DTM20200720000168
A84: 77 | B84: 车身设置 | C84: 天窗控制 I218.02.01.00 | D84: S-操作HU 天窗进度条，调整天窗开度为50%，HU收不到天窗开度反馈信号时，天窗进度条默认显示上次记忆的位置并置灰显示，不可操作 | E84: 1.电源ON 档， HU 处于开机状态2.BCM 和天窗处于工作状态。 | F84: 1.发送一分钟ID396: “天窗开度反馈BCM_Sunroof_POS_VIT”=50 2.停止发送该信号 | G84: 天窗进度条默认显示上次记忆的位置并置灰显示，不可操作 | H84: 2 | I84: 仿真 | J84: blocked | K84: DTM20200706000114 DTM20200720000168
A85: 78 | B85: 车身设置 | C85: 天窗控制 I218.02.01.00 | D85: S-操作HU 天窗进度条，调整天窗开度为75%，HU收不到天窗开度反馈信号时，天窗进度条默认显示上次记忆的位置并置灰显示，不可操作 | E85: 1.电源ON 档， HU 处于开机状态2.BCM 和天窗处于工作状态。 | F85: 1.发送一分钟ID396: “天窗开度反馈BCM_Sunroof_POS_VIT”=75 2.停止发送该信号 | G85: 天窗进度条默认显示上次记忆的位置并置灰显示，不可操作 | H85: 2 | I85: 仿真 | J85: blocked | K85: DTM20200706000114 DTM20200720000168
A86: 79 | B86: 车身设置 | C86: 天窗控制 I218.02.01.00 | D86: S-操作HU 天窗进度条，调整天窗开度为100%，HU收不到天窗开度反馈信号时，天窗进度条默认显示上次记忆的位置并置灰显示，不可操作 | E86: 1.电源ON 档， HU 处于开机状态2.BCM 和天窗处于工作状态。 | F86: 1.发送一分钟ID396: “天窗开度反馈BCM_Sunroof_POS_VIT”=100 2.停止发送该信号 | G86: 天窗进度条默认显示上次记忆的位置并置灰显示，不可操作 | H86: 1 | I86: 仿真 | J86: blocked | K86: DTM20200706000114 DTM20200720000168
A87: 80 | B87: 车身设置 | C87: 天窗控制 I218.02.01.00 | D87: S-操作HU 天窗进度条，调整天窗开度为0%，HU收不到天窗开度反馈信号时，天窗进度条默认显示上次记忆的位置并置灰显示，不可操作 | E87: 1.电源ON 档， HU 处于开机状态2.BCM 和天窗处于工作状态。 | F87: 1.发送一分钟ID396: “天窗开度反馈BCM_Sunroof_POS_VIT”=0 3.停止发送该信号 | G87: 天窗进度条默认显示上次记忆的位置并置灰显示，不可操作 | H87: 1 | I87: 仿真 | J87: blocked | K87: DTM20200706000114 DTM20200720000168
A88: 81 | B88: 车身设置 | C88: 天窗控制 I218.02.01.00 | D88: S-当天窗开度为5%时，点击“通风”按键， HU 发送起翘控制请求，天窗同时控制天窗与遮阳帘运动到起翘位置。 | E88: 1.电源ON 档， HU 处于开机状态2.BCM 和天窗处于工作状态。 | F88: 1. 进入“车辆设置 进入“车辆设置 -车身设置”界面，点击或滑动天窗进度条到开度5%. 2. 点击“通风”按键 3.观察天窗和遮阳帘的运动状态 | G88: 1. 天窗开度为5% 2.天窗和遮阳帘运动到起翘位置。 | H88: 1 | I88: 实车 | J88: N/A
A89: 82 | B89: 车身设置 | C89: 天窗控制 I218.02.01.00 | D89: S-当天窗开度为25%时，点击“通风”按键， HU 发送起翘控制请求，天窗同时控制天窗与遮阳帘运动到起翘位置。 | E89: 1.电源ON 档， HU 处于开机状态2.BCM 和天窗处于工作状态。 | F89: 1. 进入“车辆设置 进入“车辆设置 -车身设置”界面，点击或滑动天窗进度条到开度25%. 2. 点击“通风”按键 3.观察天窗和遮阳帘的运动状态 | G89: 1. 天窗开度为25% 2.天窗和遮阳帘运动到起翘位置。 | H89: 2 | I89: 实车 | J89: N/A
A90: 83 | B90: 车身设置 | C90: 天窗控制 I218.02.01.00 | D90: S-当天窗开度为50%时，点击“通风”按键， HU 发送起翘控制请求，天窗同时控制天窗与遮阳帘运动到起翘位置。 | E90: 1.电源ON 档， HU 处于开机状态2.BCM 和天窗处于工作状态。 | F90: 1. 进入“车辆设置 进入“车辆设置 -车身设置”界面，点击或滑动天窗进度条到开度50%. 2. 点击“通风”按键 3.观察天窗和遮阳帘的运动状态 | G90: 1. 天窗开度为50% 2.天窗和遮阳帘运动到起翘位置。 | H90: 2 | I90: 实车 | J90: N/A
A91: 84 | B91: 车身设置 | C91: 天窗控制 I218.02.01.00 | D91: S-当天窗开度为75%时，点击“通风”按键， HU 发送起翘控制请求，天窗同时控制天窗与遮阳帘运动到起翘位置。 | E91: 1.电源ON 档， HU 处于开机状态2.BCM 和天窗处于工作状态。 | F91: 1. 进入“车辆设置 进入“车辆设置 -车身设置”界面，点击或滑动天窗进度条到开度75%. 2. 点击“通风”按键 3.观察天窗和遮阳帘的运动状态 | G91: 1. 天窗开度为75% 2.天窗和遮阳帘运动到起翘位置。 | H91: 2 | I91: 实车 | J91: N/A
A92: 85 | B92: 车身设置 | C92: 天窗控制 I218.02.01.00 | D92: S-当天窗开度为100%时，点击“通风”按键， HU 发送起翘控制请求，天窗同时控制天窗与遮阳帘运动到起翘位置。 | E92: 1.电源ON 档， HU 处于开机状态2.BCM 和天窗处于工作状态。 | F92: 1. 进入“车辆设置 进入“车辆设置 -车身设置”界面，点击或滑动天窗进度条到开度100%. 2. 点击“通风”按键 3.观察天窗和遮阳帘的运动状态 | G92: 1. 天窗开度为100% 2.天窗和遮阳帘运动到起翘位置。 | H92: 1 | I92: 实车 | J92: N/A
A93: 86 | B93: 车身设置 | C93: 天窗控制 I218.02.01.00 | D93: S-当天窗开度为0%时，点击“通风”按键， HU 发送起翘控制请求，天窗同时控制天窗与遮阳帘运动到起翘位置。 | E93: 1.电源ON 档， HU 处于开机状态2.BCM 和天窗处于工作状态。 | F93: 1. 进入“车辆设置 进入“车辆设置 -车身设置”界面，点击或滑动天窗进度条到开度0%. 2. 点击“通风”按键 3.观察天窗和遮阳帘的运动状态 | G93: 1. 天窗开度为0% 2.天窗和遮阳帘运动到起翘位置。 | H93: 1 | I93: 实车 | J93: N/A
A94: 87 | B94: 车身设置 | C94: 天窗控制 I218.02.01.00 | D94: S-点击“通风”按键，收不到天窗开度反馈信号时，天窗进度条默认显示上次记忆的位置并置灰显示，不可操作； | E94: 1.电源ON 档， HU 处于开机状态2.BCM 和天窗处于工作状态。 3.车辆设置 -车身设置-天窗控制界面 | F94: 1.发送 ID396: “天窗开度反馈BCM_Sunroof_POS_VIT”=50 2.点击“通风”按键 3.停止发送ID396信号 | G94: 1.天窗开度显示50% 3.天窗进度条默认显示上次记忆的位置并置灰显示，不可操作 | H94: 1 | I94: 仿真 | J94: blocked | K94: DTM20200706000114 DTM20200720000168
A95: 88 | B95: 车身设置 | C95: 天窗控制 I218.02.01.00 | D95: S-天窗在打开翘起的运动过程中，点击“停止”按键时遮阳帘及天窗同时停止工作。 | E95: 1.电源ON 档， HU 处于开机状态2.BCM 和天窗处于工作状态。 | F95: 1. 天窗执行打开翘起的指令 2. 点击“停止”按键 3.观察天窗和遮阳帘的状态 | G95: 遮阳帘及天窗同时停止工作，保持之前的天窗开度 | H95: 1 | I95: 实车 | J95: N/A
A96: 89 | B96: 车身设置 | C96: 天窗控制 I218.02.01.00 | D96: S-天窗在关闭翘起的运动过程中，点击“停止”按键时遮阳帘及天窗同时停止工作。 | E96: 1.电源ON 档， HU 处于开机状态2.BCM 和天窗处于工作状态。 | F96: 1. 天窗执行关闭翘起的指令 2. 点击“停止”按键 3.观察天窗和遮阳帘的状态 | G96: 遮阳帘及天窗同时停止工作，保持之前的天窗开度 | H96: 1 | I96: 实车 | J96: N/A
A97: 90 | B97: 车身设置 | C97: 天窗控制 I218.02.01.00 | D97: S-天窗在天窗全开的运动过程中，点击“停止”按键时遮阳帘及天窗同时停止工作。 | E97: 1.电源ON 档， HU 处于开机状态2.BCM 和天窗处于工作状态。 | F97: 1. 天窗执行天窗全开的指令 2. 点击“停止”按键 3.观察天窗和遮阳帘的状态 | G97: 遮阳帘及天窗同时停止工作，保持之前的天窗开度 | H97: 1 | I97: 实车 | J97: N/A
A98: 91 | B98: 车身设置 | C98: 天窗控制 I218.02.01.00 | D98: S-天窗在天窗全关的运动过程中，点击“停止”按键时遮阳帘及天窗同时停止工作。 | E98: 1.电源ON 档， HU 处于开机状态2.BCM 和天窗处于工作状态。 | F98: 1. 天窗执行天窗全关的指令 2. 点击“停止”按键 3.观察天窗和遮阳帘的状态 | G98: 遮阳帘及天窗同时停止工作，保持之前的天窗开度 | H98: 1 | I98: 实车 | J98: N/A
A99: 92 | B99: 车身设置 | C99: 天窗控制 I218.02.01.00 | D99: S-遮阳帘全开的运动过程中，点击“停止”按键时遮阳帘及天窗同时停止工作。 | E99: 1.电源ON 档， HU 处于开机状态2.BCM 和天窗处于工作状态。 | F99: 1. 遮阳帘执行全开的指令 2. 点击“停止”按键 3.观察天窗和遮阳帘的状态 | G99: 遮阳帘及天窗同时停止工作，保持之前的天窗开度 | H99: 1 | I99: 实车 | J99: N/A
A100: 93 | B100: 车身设置 | C100: 天窗控制 I218.02.01.00 | D100: S-遮阳帘关的运动过程中，点击“停止”按键时遮阳帘及天窗同时停止工作。 | E100: 1.电源ON 档， HU 处于开机状态2.BCM 和天窗处于工作状态。 | F100: 1. 遮阳帘执行全关的指令 2. 点击“停止”按键 3.观察天窗和遮阳帘的状态 | G100: 遮阳帘及天窗同时停止工作，保持之前的天窗开度 | H100: 1 | I100: 实车 | J100: N/A
A101: 94 | B101: 车身设置 | C101: 遮阳帘控制 I218.02.02.00 | D101: F-通过操作HU 遮阳帘“开启”按键，可控制遮阳帘全部打开。 | E101: 1.电源ON 档， HU 处于开机状态2.BCM 和天窗处于工作状态。 | F101: 1. 进入“车辆设置 进入“车辆设置 -车身设置”界面，点击遮阳帘“开启按键。 2.查看遮阳帘状态 | G101: 遮阳帘全部打开 | H101: 1 | I101: 实车 | J101: N/A
A102: 95 | B102: 车身设置 | C102: 遮阳帘控制 I218.02.02.00 | D102: F-通过操作HU 遮阳帘“开启”按键，可控制遮阳帘全部打开。 | E102: 1.电源ON 档， HU 处于开机状态2.BCM 和天窗处于工作状态。 3.车辆设置 -车身设置-遮阳帘控制”界面 | F102: 1.发送ID396: “天窗开度反馈BCM_Sunroof_POS_VIT”=0 2.点击遮阳帘“开启” 3.查看遮阳帘状态 | G102: 遮阳帘设置为开启 | H102: 1 | I102: 实车 | J102: N/A
A103: 96 | B103: 车身设置 | C103: 遮阳帘控制 I218.02.02.00 | D103: S-收不到 BCM 遮阳帘位置反馈信号时遮阳帘“开启”按键置灰显示不可操作； | E103: 1.电源ON 档， HU 处于开机状态2.BCM 和天窗处于工作状态。 3.车辆设置 -车身设置-遮阳帘控制”界面 | F103: 1. 发送ID396: “天窗开度反馈BCM_Sunroof_POS_VIT”=0 2. 点击遮阳帘开启按键 3.停止发送ID396信号 | G103: 遮阳帘“开启”按键置灰显示不可操作。 | H103: 1 | I103: 仿真 | J103: blocked | K103: DTM20200706000114 DTM20200720000168
A104: 97 | B104: 车身设置 | C104: 遮阳帘控制 I218.02.02.00 | D104: S-单独调节遮阳帘不影响天窗状态，遮阳帘全开状态，点击遮阳帘“开启” 按键，遮 阳帘位置不变，保持全开状态 | E104: 1.电源ON 档， HU 处于开机状态2.BCM 和天窗处于工作状态。 3.车辆设置 -车身设置-遮阳帘控制”界面 | F104: 1.设置遮阳帘为全开状态 2. 进入“车辆设置 进入“车辆设置 -车身设置”界面，点击遮阳帘“开启按键。 3.观察遮阳帘状态 | G104: 遮阳帘位置不变，保持全开状态 | H104: 1 | I104: 实车 | J104: N/A
A105: 98 | B105: 车身设置 | C105: 遮阳帘控制 I218.02.02.00 | D105: S-遮阳帘全开时，恢复车辆设置不改变遮阳帘状态。 | E105: 1.电源ON 档， HU 处于开机状态2.BCM 和天窗处于工作状态。 3.车辆设置 -车身设置-遮阳帘控制”界面 | F105: 1.设置遮阳帘为全开状态 2. 点击恢复车辆设置 3.重启后查看遮阳帘状态 | G105: 1. 遮阳帘状态不改变，保持全开状态 | H105: 1 | I105: 实车 | J105: N/A
A106: 99 | B106: 车身设置 | C106: 遮阳帘控制 I218.02.02.00 | D106: S-遮阳帘半开时，恢复车辆设置不改变遮阳帘状态。 | E106: 1.电源ON 档， HU 处于开机状态2.BCM 和天窗处于工作状态。 3.车辆设置 -车身设置-遮阳帘控制”界面 | F106: 1.设置遮阳帘为半开状态 2. 点击恢复车辆设置 3.重启后查看遮阳帘状态 | G106: 1. 遮阳帘状态不改变，保持半开状态 | H106: 1 | I106: 实车 | J106: N/A
...

Sheet 全景影像
A1: 总用例 | B1: 173 | C1: XXX零部件测试全景影像用例
A2: passed | B2: =COUNTIF(J:J,"=passed") -> 0
A3: failed | B3: =COUNTIF(J:J,"=failed") -> 0
A4: blocked | B4: =COUNTIF(J:J,"=blocked") -> 0
A5: N/A | B5: =COUNTIF(J:J,"=N/A") -> 0
A6: 项目名称：XXX | C6: 版本: | E6: 编制: | G6: 测试人员: | I6: 测试日期:
A7: 用例序号 | B7: 所属模块 | C7: 相关需求 | D7: 用例标题 | E7: 前置条件 | F7: 步骤 | G7: 预期 | H7: 优先级 | I7: 用例执行方式 | J7: 用例执行结果 | K7: DTM缺陷号
A8: 1 | B8: 全景影像 | C8: I223-3全景影像显示需求规格说明书-V1.0（内置）3.1.1.1 视图界面 | D8: F—启动画面显示 | E8: 1.电源非 OFF 档 2.全景影像激活状态 | F8: 1.首次按AVM按键 2.按键退出全景，再次按键进入 3.APA、R档、转向灯、雷达、移动物体分别触发全景 4.按键退出全景，再次按键进入全景 5.DVR触发后退出，按键进入全景 | G8: 1.HU显示3D全景画面，并旋转360°，持续5秒，然后恢复到全景2D，显示全景+前视界面 2.不显示启动画面，直接进入全景 3.不显示启动画面，直接进入全景 4.不显示启动画面，直接进入全景 5.不显示启动画面，直接进入全景 | H8: 1
A9: 2 | B9: 全景影像 | C9: I223-3全景影像显示需求规格说明书-V1.0（内置）3.1.1.1 视图界面 | D9: F—2D视图显示 | E9: 1.电源ON档 2.全景进入 | F9: 1.选择2D视图，查看显示 2.挂入非R档，查看显示 3.挂入R挡，查看显示 4.点击2D视图设置 | G9: 1.2D视图下由左侧的全景车体与右侧的全景+单视图组成，单视图为2D; 2.非R档，关闭按键可触发，2D视图按键置灰，3D视图按键可触发 3.R档，关闭按键置灰，无法退出全景 4.屏幕无闪动，设置选项中：引导线、移动物体检测、转向灯触发全景、雷达触发全景、图像标定可正常设置 | H9: 1
A10: 3 | B10: 全景影像 | C10: I223-3全景影像显示需求规格说明书-V1.0（内置）3.1.1.1 视图界面 | D10: F—2D视图切换 | E10: 1.电源ON档 2.全景进入 | F10: 2D视图下，点击屏幕区域 1.点击车辆前方，显示全景+前视 2.点击车辆后方，显示全景+后视 3.点击车辆左方，显示全景+左视 4.点击车辆右方，显示全景+右视 5.点击车辆上方，显示全景+左右视 6.点击全景+视图界面 | G10: 1.显示全景+前视 2.显示全景+后视 3.显示全景+左视 4.显示全景+右视 5.显示全景+左右视 6.全景在120°与180°之间切换，不改变视图显示方向(只能在全景+前视/后视界面切换，左视、右视、左右视无法切换) 切换过程中，系统响应灵敏，不出现卡滞、花屏、闪屏、黑屏等现象 | H10: 1
A11: 4 | B11: 全景影像 | C11: I223-3全景影像显示需求规格说明书-V1.0（内置）3.1.2 2D 视图切换 | D11: F— 2D 视图“全景+前视”影像模式下，点击右侧的单视图 | E11: 1.电源 ACC、ON 档 2.在 2D 视图“全景+前视”影像模式下 | F11: 1.点击右侧的单视图 | G11: 1.切换至前视 180°视图 | H11: 1
A12: 5 | B12: 全景影像 | C12: I223-3全景影像显示需求规格说明书-V1.0（内置）3.1.2 2D 视图切换 | D12: F—2D 视图“全景+后视”影像模式下，点击右侧的单视图 | E12: 1.电源 ACC、ON 档 2.在2D 视图“全景+后视”影像模式下 | F12: 1.点击右侧的单视图 | G12: 1.切换至后视 180°视图 | H12: 1
A13: 6 | B13: 全景影像 | C13: I223-3全景影像显示需求规格说明书-V1.0（内置）3.1.2 2D 视图切换 | D13: F—前视 180°单视图进入 R 挡 | E13: 1.电源 ACC、ON 档 2.在前视 180°单视图 | F13: 1.2D视图下点击前视 180°单视图 2.仿真发送 换挡器位置1A8发送 TCU_GearShiftPosition=0x1 | G13: 1.显示后视 180°单视图 | H13: 1
A14: 7 | B14: 全景影像 | C14: I223-3全景影像显示需求规格说明书-V1.0（内置）3.1.2 2D 视图切换 | D14: F—前视 180°单视图进入 R 挡，从 R 档退到 非 R 档 | E14: 1.电源 ACC、ON 档 2.在前视 180°单视图 | F14: 1.2D视图下点击前视 180°单视图 2.仿真发送 换挡器位置1A8发送 TCU_GearShiftPosition=0x1 3.仿真发送 换挡器位置1A8发送 TCU_GearShiftPosition=0x0 | G14: 1.显示前视 180 度视图 | H14: 1
A15: 8 | B15: 全景影像 | C15: I223-3全景影像显示需求规格说明书-V1.0（内置）3.1.2 2D 视图切换 | D15: F—点击全景 180°前视图图像区域 | E15: 1.电源 ACC、ON 档 2.在前视 180°单视图 | F15: 1.点击全景 180°前视图图像区域 | G15: 1.AVM 切换到全景+前视影像显示 | H15: 1
A16: 9 | B16: 全景影像 | C16: I223-3全景影像显示需求规格说明书-V1.0（内置）3.1.2 2D 视图切换 | D16: F—点击全景 180°后视图图像区域 | E16: 1.电源 ACC、ON 档 2.在后视 180°单视图 | F16: 1.点击全景 180°后视图图像区域 | G16: 1.AVM 切换到全景+后视影像显示 | H16: 1
A17: 10 | B17: 全景影像 | C17: I223-3全景影像显示需求规格说明书-V1.0（内置）3.1.1.1 视图界面 | D17: F—打开右前侧车门 ，3D 车模显示 | E17: 1.电源非 OFF 档 2.全景影像激活状态 3.AVM和HU已连接且网络通信正常 | F17: can工具仿真发送 1.右前门状态信号298 发送BCM_PassengerDoorStatus=0x1 | G17: 1.3D 车模开启右前车门 | H17: 1
A18: 11 | B18: 全景影像 | C18: I223-3全景影像显示需求规格说明书-V1.0（内置）3.1.1.1 视图界面 | D18: F—打开右后侧车门 ，3D 车模显示 | E18: 1.电源非 OFF 档 2.全景影像激活状态 3.AVM和HU已连接且网络通信正常 | F18: can工具仿真发送 1.右后门状态信号298 发送BCM_RightRearDoorStatus=0x1 | G18: 1.3D 车模开启右后车门 | H18: 1
A19: 12 | B19: 全景影像 | C19: I223-3全景影像显示需求规格说明书-V1.0（内置）3.1.1.1 视图界面 | D19: F—打开左前侧车门 ，3D 车模显示 | E19: 1.电源非 OFF 档 2.全景影像激活状态 3.AVM和HU已连接且网络通信正常 | F19: can工具仿真发送 1.左前门状态信号298 发送BCM_DriverDoorStatus =0x1 | G19: 1.3D 车模开启左前车门 | H19: 1
... A180: 173 | B180: 全景影像 | C180: I223.2AVM界面功能逻辑交互-V2.3 | D180: S— 进入全景影像方式 1.打转向灯智能触发 2.前雷达智能触发 3.按下全景开关 | E180: 1.其他工作界面 | F180: 1.打转向灯智能触发 2.前雷达智能触发 3.按下全景开关 | G180: 1.进入全景影像界面 | H180: 2

Sheet 雷达动态显示
A1: 总用例 | B1: 91 | C1: XXX零部件测试雷达动态显示用例
A2: passed | B2: =COUNTIF(J:J,"=passed") -> 0
A3: failed | B3: =COUNTIF(J:J,"=failed") -> 0
A4: blocked | B4: =COUNTIF(J:J,"=blocked") -> 0
A5: N/A | B5: =COUNTIF(J:J,"=N/A") -> 0
A6: 项目名称：XXX | C6: 版本: | E6: 编制: | G6: 测试人员: | I6: 测试日期:
A7: 用例序号 | B7: 所属模块 | C7: 相关需求 | D7: 用例标题 | E7: 前置条件 | F7: 步骤 | G7: 预期 | H7: 优先级 | I7: 用例执行方式 | J7: 用例执行结果 | K7: DTM缺陷号
A8: 1 | B8: 雷达动态显示 | C8: I253雷达动态显示需求规格书-V1.0-泊车雷达 | D8: 左前中扇区域雷达红色警报 | E8: 1.电源处于 ON 档 2.HU 处于影像模式界面 3.雷达正常工作 | F8: 1.将障碍物放在车辆左前中扇区域距离车辆0-30cm处 | G8: 1.车辆发生警报，并且在HU界面左前中扇区域显示红色
A9: 2 | B9: 雷达动态显示 | C9: I253雷达动态显示需求规格书-V1.0-泊车雷达 | D9: 左前中扇区域雷达橙色警报 | E9: 1.电源处于 ON 档 2.HU 处于影像模式界面 3.雷达正常工作 | F9: 1.将障碍物放在车辆左前中扇区域距离车辆30-80cm处 | G9: 1.车辆发生警报，并且在HU界面左前中扇区域显示橙色
A10: 3 | B10: 雷达动态显示 | C10: I253雷达动态显示需求规格书-V1.0-泊车雷达 | D10: 左前中扇区域雷达黄色警报 | E10: 1.电源处于 ON 档 2.HU 处于影像模式界面 3.雷达正常工作 | F10: 1.将障碍物放在车辆左前中扇区域距离车辆80-100cm处 | G10: 1.车辆发生警报，并且在HU界面左前中扇区域显示黄色
A11: 4 | B11: 雷达动态显示 | C11: I253雷达动态显示需求规格书-V1.0-泊车雷达 | D11: 左前中扇区域雷达不报警 | E11: 1.电源处于 ON 档 2.HU 处于影像模式界面 3.雷达正常工作 | F11: 1.将障碍物放在车辆左前中扇区域距离车辆100cm以外处 | G11: 1.车辆不发生警报，HU界面没有任何变化
A12: 5 | B12: 雷达动态显示 | C12: I253雷达动态显示需求规格书-V1.0-泊车雷达 | D12: 右前中扇区域雷达红色警报 | E12: 1.电源处于 ON 档 2.HU 处于影像模式界面 3.雷达正常工作 | F12: 1.将障碍物放在车辆右前中扇区域距离车辆0-30cm处 | G12: 1.车辆发生警报，并且在HU界面右前中扇区域显示红色
A13: 6 | B13: 雷达动态显示 | C13: I253雷达动态显示需求规格书-V1.0-泊车雷达 | D13: 右前中扇区域雷达橙色警报 | E13: 1.电源处于 ON 档 2.HU 处于影像模式界面 3.雷达正常工作 | F13: 1.将障碍物放在车辆右前中扇区域距离车辆30-80cm处 | G13: 1.车辆发生警报，并且在HU界面右前中扇区域显示橙色
A14: 7 | B14: 雷达动态显示 | C14: I253雷达动态显示需求规格书-V1.0-泊车雷达 | D14: 右前中扇区域雷达黄色警报 | E14: 1.电源处于 ON 档 2.HU 处于影像模式界面 3.雷达正常工作 | F14: 1.将障碍物放在车辆右前中扇区域距离车辆80-100cm处 | G14: 1.车辆发生警报，并且在HU界面右前中扇区域显示黄色
A15: 8 | B15: 雷达动态显示 | C15: I253雷达动态显示需求规格书-V1.0-泊车雷达 | D15: 右前中扇区域雷达不报警 | E15: 1.电源处于 ON 档 2.HU 处于影像模式界面 3.雷达正常工作 | F15: 1.将障碍物放在车辆右前中扇区域距离车辆100cm以外处 | G15: 1.车辆不发生警报，HU界面没有任何变化
A16: 9 | B16: 雷达动态显示 | C16: I253雷达动态显示需求规格书-V1.0-泊车雷达 | D16: 左前边扇区域雷达红色警报 | E16: 1.电源处于 ON 档 2.HU 处于影像模式界面 3.雷达正常工作 | F16: 1.将障碍物放在车辆左前边扇区域距离车辆0-30cm处 | G16: 1.车辆发生警报，并且在HU界面左前边扇区域显示红色
A17: 10 | B17: 雷达动态显示 | C17: I253雷达动态显示需求规格书-V1.0-泊车雷达 | D17: 左前边扇区域雷达橙色警报 | E17: 1.电源处于 ON 档 2.HU 处于影像模式界面 3.雷达正常工作 | F17: 1.将障碍物放在车辆左前边扇区域距离车辆30-50cm处 | G17: 1.车辆发生警报，并且在HU界面左前边扇区域显示橙色
A18: 11 | B18: 雷达动态显示 | C18: I253雷达动态显示需求规格书-V1.0-泊车雷达 | D18: 左前边扇区域雷达黄色警报 | E18: 1.电源处于 ON 档 2.HU 处于影像模式界面 3.雷达正常工作 | F18: 1.将障碍物放在车辆左前边扇区域距离车辆50-80cm处 | G18: 1.车辆发生警报，并且在HU界面左前边扇区域显示黄色
A19: 12 | B19: 雷达动态显示 | C19: I253雷达动态显示需求规格书-V1.0-泊车雷达 | D19: 左前边扇区域雷达不报警 | E19: 1.电源处于 ON 档 2.HU 处于影像模式界面 3.雷达正常工作 | F19: 1.将障碍物放在车辆左前边扇区域距离车辆80cm以外处 | G19: 1.车辆不发生警报，HU界面没有任何变化
... A98: 91 | B98: 雷达动态显示 | C98: I253雷达动态显示需求规格书-V1.0-普通倒车雷达 | D98: 右后中扇区域雷达不报警 | E98: 1.电源处于 ON 档 2.HU 处于影像模式界面 3.雷达正常工作 | F98: 1.将障碍物放在车辆右后中扇区域距离车辆150cm以外处 | G98: 1.车辆不发生警报，HU界面没有任何变化

Sheet 升级
A1: 总用例 | B1: 48 | C1: XXX零部件测试升级用例
A2: passed | B2: =COUNTIF(J:J,"=passed") -> 0
A3: failed | B3: =COUNTIF(J:J,"=failed") -> 0
A4: blocked | B4: =COUNTIF(J:J,"=blocked") -> 0
A5: N/A | B5: =COUNTIF(J:J,"=N/A") -> 0
A6: 项目名称：XXX | C6: 版本: | E6: 编制: | G6: 测试人员: | I6: 测试日期:
A7: 用例序号 | B7: 所属模块 | C7: 相关需求 | D7: 用例标题 | E7: 前置条件 | F7: 步骤 | G7: 预期 | H7: 优先级 | I7: 用例执行方式 | J7: 用例执行结果 | K7: DTM缺陷号
A8: 1 | B8: 升级 | C8: FOTA2.0功能需求文档-1.6-版本检测 | D8: F-开机自动检测升级 | E8: 1.车机与网络、网关、服务器通信正常； | F8: 1.服务器上挂高于车机终端版本的车机OS升级包、MCU升级包、4G升级包， 2.车机正常开机； | G8: 2.车机开机上电后提示3个版本可以升级，分别是OS、MCU、4G； | H8: 1 | I8: 台架
A9: 2 | B9: 升级 | C9: FOTA2.0功能需求文档-1.6-版本检测 | D9: F-开机自动检测升级(含ECU) | E9: 1.车机与网络、网关、服务器通信正常； | F9: 1.服务器上挂高于车机终端版本的车机OS升级包、MCU升级包、ECU升级包，4G包低于车机终端版本； 2.车机正常开机，车机电源置于ON档； | G9: 2.车机开机上电后提示3个版本可以升级，分别是OS、MCU、ECU； | H9: 1 | I9: 台架
A10: 3 | B10: 升级 | C10: FOTA2.0功能需求文档-1.6-版本检测 | D10: F-开机自动检测升级（没有更高版本的软件） | E10: 1.车机与网络、网关、服务器通信正常； | F10: 1.服务器上挂低于车机终端版本的车载类和车控类软件包； 2.车机正常开机，电源置于ON档； | G10: 1.不提示升级； | H10: 1 | I10: 台架
A11: 4 | B11: 升级 | C11: FOTA2.0功能需求文档-1.6-版本检测 | D11: S-开机自动检测异常(断网) | E11: 1.车机与网络、网关、服务器通信正常； | F11: 1.断开车机网络，然后再服务器上挂高于车机终端版本的车载类和车控类软件包； 2.恢复网络连接，进入升级界面主动触发检测； | G11: 1.自动检测异常并进行提示； 2.网络恢复后可以主动检测，并检测成功 | H11: 3 | I11: 台架
A12: 5 | B12: 升级 | C12: FOTA2.0功能需求文档-1.6-下载 | D12: F-WIFI环境下载升级包 | E12: 1.车机与网络、网关、服务器通信正常； 2.服务器上挂高于车机终端版本的任意3个车载类和车控类软件包，包括全量包和差分包； | F12: 1.车机正常开机，电源置于ON档，网络连接wifi，车机处于非fota界面，非导航状态； 2.点击下载升级包； | G12: 1.检测到更新提示用户下载； 2.成功启动下载，下载过程中显示下载速率； | H12: 1 | I12: 台架
A13: 6 | B13: 升级 | C13: FOTA2.0功能需求文档-1.6-下载 | D13: F-WIFI环境下载升级包(关闭提示） | E13: 1.车机与网络、网关、服务器通信正常； 2.服务器上挂高于车机终端版本的任意3个车载类和车控类软件包，包括全量包和差分包； 3.升级设置中关闭wifi下载提示； | F13: 1.车机正常开机，电源置于ON档，网络连接wifi，车机处于非fota界面，非导航状态； | G13: 1.后台默认下载升级包； | H13: 1 | I13: 台架
A14: 7 | B14: 升级 | C14: FOTA2.0功能需求文档-1.6-下载 | D14: F-4G环境下载升级包 | E14: 1.车机与网络、网关、服务器通信正常； 2.服务器上挂高于车机终端版本的任意3个车载类和车控类软件包，包括全量包和差分包； | F14: 1.车机正常开机，电源置于ON档，4G网络连接； | G14: 1.后台默认下载升级包； | H14: 1 | I14: 台架
A15: 8 | B15: 升级 | C15: FOTA2.0功能需求文档-1.6-下载 | D15: F-下载前检测本地剩余空间 | E15: 1.车机与网络、网关、服务器通信正常； 2.服务器上挂高于车机终端版本的任意3个车载类和车控类软件包，包括全量包和差分包； | F15: 1.填充本地剩余空间小于100M，进入FOTA界面点击下载； | G15: 1.系统提示剩余空间不足； | H15: 3 | I15: 台架
A16: 9 | B16: 升级 | C16: FOTA2.0功能需求文档-1.6-下载 | D16: S-下载网络中断断点续传 | E16: 1.车机与网络、网关、服务器通信正常； 2.服务器上挂高于车机终端版本的任意3个车载类和车控类软件包，包括全量包和差分包； | F16: 1.远程升级包下载过程中断开外部网络 2.重新连接网络 | G16: 1.网络断开后提示下载异常 2.下载升级成功 | H16: 2 | I16: 台架
A17: 10 | B17: 升级 | C17: FOTA2.0功能需求文档-1.6-下载 | D17: F-单独为OTA分配分区的升级 | E17: 1.车机与网络、网关、服务器通信正常； 2.服务器上挂高于车机终端的4G包； | F17: 1.填充本地剩余空间小于10M，进入FOTA界面点击下载； | G17: 1.可以正常下载升级包； | H17: 1 | I17: 台架
A18: 11 | B18: 升级 | C18: FOTA2.0功能需求文档-1.6-下载 | D18: S-下载提示框处理 | E18: 1.车机与网络、网关、服务器通信正常； 2.服务器上挂高于车机终端版本的任意3个车载类和车控类软件包，包括全量包和差分包； | F18: 1.车机正常开机，电源置于ON档，网络连接wifi，车机处于非fota界面，非导航状态； 2.提示框中勾选下次提示； 3.车机下电后重新上电，弹出提示框后勾选不再提示； 4.车机下电后重新上电； | G18: 1.检测到更新提示用户下载； 2.弹框处理后可以关闭； 3.车机重新开机上电后，再次进行提示； 4.车机重新上电后，不弹出提示框； | H18: 2 | I18: 台架
A19: 12 | B19: 升级 | C19: FOTA2.0功能需求文档-1.6-下载 | D19: F-下载校验功能 | E19: 1.车机与网络、网关、服务器通信正常； 2.服务器上挂高于车机终端版本的任意3个车载类和车控类软件包，包括全量包和差分包； | F19: 1.车机开机，下载升级包，下载完成后，使用MD5校验工具比对路径下对应的文件MD5是否正确，下载目录：/sdcard/FotaUpdate | G19: 1.下载升级包完成，校验成功； | H19: 2 | I19: 台架
... A55: 48 | B55: 升级 | C55: FOTA2.0功能需求文档-1.6-升级 | D55: S-升级性能测试 | E55: 1.车机与网络、网关、服务器通信正常； 2.车速为0，电源为非OFF档； | F55: 记录完成如下1~4步骤的时长： 1.服务器上挂高于车机终端版本的车机OS升级包、MCU升级包、4G升级包； 2.车机正常开机，下载3个升级包； 3.点击普通安装； 4.安装完成后等待车机自动重启； | G55: 1.升级时长在10分钟内； | H55: 3 | I55: 台架

Sheet 爱奇艺
A1: 总用例 | B1: 79 | C1: XXX零部件测试爱奇艺用例
A2: passed | B2: =COUNTIF(J:J,"=passed") -> 0
A3: failed | B3: =COUNTIF(J:J,"=failed") -> 0
A4: blocked | B4: =COUNTIF(J:J,"=blocked") -> 0
A5: N/A | B5: =COUNTIF(J:J,"=N/A") -> 0
A6: 项目名称：XXX | C6: 版本: | E6: 编制: | G6: 测试人员: | I6: 测试日期:
A7: 用例序号 | B7: 所属模块 | C7: 相关需求 | D7: 用例标题 | E7: 前置条件 | F7: 步骤 | G7: 预期 | H7: 优先级 | I7: 用例执行方式 | J7: 用例执行结果 | K7: DTM缺陷号
A8: 1 | B8: 免责与规范 | C8: 长安CD569项目爱奇艺PRD需求文档20200525.pdf/4.1 免责与规范 | D8: F-免责与规范_免责声明与安全提示优先级 | E8: 1. 用户从未进入车机端爱奇艺APP | F8: 1. 启动车机后，用户点击爱奇艺入口 2. 点击条款中的《爱奇艺PPS 用户网络服务使用协议》与《爱奇艺隐私政策》 3. 返回免责声明页面，点击【同意并继续】按钮 4. 查看安全提示弹框UI 5. 用户选择【好的】按钮 6. 再次启动车机，点击爱奇艺入口 | G8: 1. 进入到免责声明页面，显示用户协议与隐私保护授权 2. 可跳转对应的H5 页面显示协议与政策内容 3. 免责声明页面关闭。弹出安全提示的弹框。 4. 提示文案：“请务必在车辆停驻时观看视频，注意行车安全”。 两个按钮：【好的】、【不再提示】 5. 跳转到爱奇艺在线视频首页 6. 弹出安全提示的弹框，不再显示免责声明页面 | H8: 3 | I8: 台架
A9: 2 | B9: 免责与规范 | C9: 长安CD569项目爱奇艺PRD需求文档20200525.pdf/4.1 免责与规范 | D9: F-免责与规范_安全提示_提示规则 | E9: 1. 车机端爱奇艺APP，安全提示弹框用户选择的是【好的】 | F9: 1. 启动车机后，用户点击爱奇艺入口 2. 用户选择【好的】按钮 3. 再次启动车机，点击爱奇艺入口 4. 用户选择【不再提示】按钮 5. 再次启动车机，点击爱奇艺入口 | G9: 1. 弹出安全提示的弹框，不再显示免责声明页面 2. 跳转到爱奇艺在线视频首页 3. 仍然弹出安全提示的弹框 4. 跳转到爱奇艺在线视频首页 5. 跳转到爱奇艺在线视频首页，不再弹出安全提示的弹框 | H9: 3 | I9: 台架
A10: 3 | B10: 爱奇艺视频 | C10: 长安CD569项目爱奇艺PRD需求文档20200525.pdf/4.1.1 导航栏 | D10: F-爱奇艺视频_导航栏 | E10: 1. 车机端联网 | F10: 1. 启动车机后，用户点击爱奇艺入口 2. 查看导航栏 3. 切换TAB页 | G10: 1. 进入爱奇艺在线视频首页 2. 导航栏提供不同类型和频道的在线视频内容，包括基于用户ID 的个性化视频推荐、不同频道的视频资源以及不同频道的视频排行榜，以分TAB 的形式展现。 3. 不同TAB 页下，显示能够获取到的全量视频内容，每个视频或者专辑均以封面图的形式展示，需要显示专辑或者视频的名称，封面图，以及一句话看点。 | H10: 2 | I10: 台架
A11: 4 | B11: 爱奇艺视频 | C11: 长安CD569项目爱奇艺PRD需求文档20200525.pdf/4.1.1 导航栏 | D11: F-爱奇艺视频_导航栏_筛选 | E11: 1. 车机端联网 | F11: 1. 启动车机后，用户点击爱奇艺入口 2. 对首页部分频道进行筛选，诸如电影、电视剧等 3. 筛选爱奇艺没有的视频 | G11: 1. 进入爱奇艺在线视频首页 2. 用户在点击相关筛选项之后刷新视频列表，展示相关联的视频内容。 3. 若无相关联的视频内容，显示为空 | H11: 3 | I11: 台架
A12: 5 | B12: 爱奇艺视频 | C12: 长安CD569项目爱奇艺PRD需求文档20200525.pdf/4.1.1.1 猜你喜欢 | D12: F-爱奇艺视频_猜你喜欢 | E12: 1. 车机端联网 | F12: 1. 启动车机后，用户点击爱奇艺入口 2. 查看猜你喜欢 3. 点击任意频道 | G12: 1. 进入爱奇艺在线视频首页 2. 基于设备ID 的个性化视频内容推荐，包括电视剧、电影、综艺、少儿和动漫5 种视频频道的内容推荐。 3. 可查看特定频道下的视频内容， 每页最多显示20个视频 | H12: 3 | I12: 台架
A13: 6 | B13: 爱奇艺视频 | C13: 长安CD569项目爱奇艺PRD需求文档20200525.pdf/4.1.1.2 资源位 | D13: F-爱奇艺视频_资源位 | E13: 1. 车机端联网 | F13: 1. 启动车机后，用户点击爱奇艺入口 2. 查看资源位 3. 用户切换TAB页 | G13: 1. 进入爱奇艺在线视频首页 2. 分TAB 显示爱奇艺提供的VIP 专区、电视剧、电影、动漫、综艺、搞笑、娱乐、少儿、游戏、体育、财经、汽车、时尚这13个频道的视频内容。 3. 可查看特定频道下的视频内容， 每页最多显示20个视频 | H13: 3 | I13: 台架
A14: 7 | B14: 爱奇艺视频 | C14: 长安CD569项目爱奇艺PRD需求文档20200525.pdf/4.1.1.3 风云榜 | D14: F-爱奇艺视频_风云榜 | E14: 1. 车机端联网 | F14: 1. 启动车机后，用户点击爱奇艺入口 2. 查看风云榜 3. 用户切换TAB页 | G14: 1. 进入爱奇艺在线视频首页 2. 显示综合、电影、电视剧、记录片、动漫、少儿和综艺这7 种不同频道视频的排行榜，每个榜单的视频数量显示个数为20 个。 3. 可查看特定频道下的视频内容， 每页最多显示20个视频 | H14: 3 | I14: 台架
A15: 8 | B15: 爱奇艺视频 | C15: 长安CD569项目爱奇艺PRD需求文档20200525.pdf/4.1.2.1 热词搜索 | D15: F-爱奇艺视频_热词搜索 | E15: 1. 车机端联网 | F15: 1. 启动车机后，用户点击爱奇艺入口 2. 用户进行视频搜索 3. 用户点击任意热词 | G15: 1. 进入爱奇艺在线视频首页 2. 通过爱奇艺的热词搜索接口，显示最多20 个搜索的热词 3. 热词自动带入到搜索栏中进行关键字检索。搜索结果页展示相关的视频内容 | H15: 2 | I15: 台架
A16: 9 | B16: 爱奇艺视频 | C16: 长安CD569项目爱奇艺PRD需求文档20200525.pdf/4.1.2.2 历史记录 | D16: F-爱奇艺视频_历史记录_显示 | E16: 1. 车机端联网 2. 用户未使用过爱奇艺的搜索功能 | F16: 1. 启动车机后，用户点击爱奇艺入口 2. 用户查看搜索区的历史记录 3. 用户进行搜索视频操作，包括用户手动输入的关键字/搜索热词 4. 用户使用历史记录搜索视频 5. 再次启动车机，查看爱奇艺APP的历史记录 | G16: 1. 进入爱奇艺在线视频首页 2. 没有历史搜索记录 3. 搜索记录都会保存在历史记录里，最多支持显示10 个 4. 历史记录同样也会保存在历史记录里 5. 历史记录仍然保留 | H16: 3 | I16: 台架
A17: 10 | B17: 爱奇艺视频 | C17: 长安CD569项目爱奇艺PRD需求文档20200525.pdf/4.1.2.2 历史记录 | D17: F-爱奇艺视频_历史记录_清空 | E17: 1. 车机端联网 2. 用户使用过爱奇艺的搜索功能 | F17: 1. 启动车机后，用户点击爱奇艺入口 2. 用户查看搜索区的历史记录 3. 一键清空历史记录 4. 再次启动车机，查看爱奇艺APP的历史记录 | G17: 1. 进入爱奇艺在线视频首页 2. 显示用户的历史搜索记录 3. 历史记录成功清空 4. 没有历史搜索记录 | H17: 3 | I17: 台架
A18: 11 | B18: 爱奇艺视频 | C18: 长安CD569项目爱奇艺PRD需求文档20200525.pdf/4.1.2.3 搜索结果排序 | D18: F-爱奇艺视频_搜索结果排序 | E18: 1. 车机端联网 | F18: 1. 启动车机后，用户点击爱奇艺入口 2. 用户进行搜索视频操作，包括用户手动输入的关键字/搜索热词/历史记录 3. 查看搜索结果排序 | G18: 1. 进入爱奇艺在线视频首页 2. 显示搜索结果。当没有搜索结果的时候，需要显示推荐的视频 3. 通过“相关”、“最新”和“最热”三个维度进行展示，优先显示“相关”的视频搜索结果 | H18: 3 | I18: 台架
A19: 12 | B19: 爱奇艺视频 | C19: 长安CD569项目爱奇艺PRD需求文档20200525.pdf/4.1.2.4 关键字推荐 | D19: F-爱奇艺视频_关键字推荐 | E19: 1. 车机端联网 | F19: 1. 启动车机后，用户点击爱奇艺入口 2. 用户手动输入的关键字 | G19: 1. 进入爱奇艺在线视频首页 2. 在输入关键字后，会基于已输入的关键字进行推荐，默认返回和已输入关键字相关的20 条推荐关键字 | H19: 3 | I19: 台架
... A86: 79 | B86: 语音需求 | C86: 长安CD569项目爱奇艺PRD需求文档20200525.pdf/4.6 语音需求 | D86: F-语音需求_视频语音搜索_视频类型 | E86: 1. 车机端联网 | F86: 1. 用户用语音搜索视频类型。说法举例： 1）我想看电视剧 2）我想看电影 3）我想看综艺 2. 用户用语音搜索视频类型。说法举例： 1）我想看电视剧（没有此视频类型） | G86: 1. 搜索到视频便跳转到该视频类型的首页 2. 提示未找到该视频类型 | H86: 1 | I86: 台架

Sheet 长安品牌电台
A1: 总用例 | B1: 9 | C1: XXX零部件测试长安品牌电台用例
A2: passed | B2: =COUNTIF(J:J,"=passed") -> 0
A3: failed | B3: =COUNTIF(J:J,"=failed") -> 0
A4: blocked | B4: =COUNTIF(J:J,"=blocked") -> 0
A5: N/A | B5: =COUNTIF(J:J,"=N/A") -> 0
A6: 项目名称：XXX | C6: 版本: | E6: 编制: | G6: 测试人员: | I6: 测试日期:
A7: 用例序号 | B7: 所属模块 | C7: 相关需求 | D7: 用例标题 | E7: 前置条件 | F7: 步骤 | G7: 预期 | H7: 优先级 | I7: 用例执行方式 | J7: 用例执行结果 | K7: DTM缺陷号
A8: 1 | B8: 长安品牌电台 | C8: 长安品牌电台 | D8: F-长安品牌电台界面 | E8: 1.车机ACC ON档 2.车机正常联网 | F8: 1. 进入娱乐主页，选择品牌电台，进入后查看界面； | G8: 1.界面有显示：长安汽车radio、长安车研所、长安车情局、长安车生活、新闻电台、搞笑电台、流行音乐电台 7个板块功能； | H8: 1 | I8: 台架
A9: 2 | B9: 长安品牌电台 | C9: 长安品牌电台 | D9: F-长安品牌电台界面卡片播放 | E9: 1.车机ACC ON档 2.车机正常联网 | F9: 1. 进入娱乐主页，选择品牌电台，在各个节目卡片界面的点击播放暂停按钮； | G9: 1.可以在卡片界面正确控制节目播放暂停； | H9: 1 | I9: 台架
A10: 3 | B10: 长安品牌电台 | C10: 长安品牌电台 | D10: F-长安品牌电台长安汽车radio播放 | E10: 1.车机ACC ON档 2.车机正常联网 | F10: 1. 进入娱乐主页，选择品牌电台，进入后选择长安汽车radio播放； 2.按键暂停播放； | G10: 1.可以正常播放，有电台节目声音输出； 2.电台声音暂停； | H10: 1 | I10: 台架
A11: 4 | B11: 长安品牌电台 | C11: 长安品牌电台 | D11: F-长安品牌电台长安车研所播放 | E11: 1.车机ACC ON档 2.车机正常联网 | F11: 1. 进入娱乐主页，选择品牌电台，进入后选择长安车研所播放； 2.按键暂停播放； | G11: 1.可以正常播放，有电台节目声音输出； 2.电台声音暂停； | H11: 1 | I11: 台架
A12: 5 | B12: 长安品牌电台 | C12: 长安品牌电台 | D12: F-长安品牌电台长安车情局播放 | E12: 1.车机ACC ON档 2.车机正常联网 | F12: 1. 进入娱乐主页，选择品牌电台，进入后选择长安车情局播放； 2.按键暂停播放； | G12: 1.可以正常播放，有电台节目声音输出； 2.电台声音暂停； | H12: 1 | I12: 台架
A13: 6 | B13: 长安品牌电台 | C13: 长安品牌电台 | D13: F-长安品牌电台长安车生活播放 | E13: 1.车机ACC ON档 2.车机正常联网 | F13: 1. 进入娱乐主页，选择品牌电台，进入后选择长安车生活播放； 2.按键暂停播放； | G13: 1.可以正常播放，有电台节目声音输出； 2.电台声音暂停； | H13: 1 | I13: 台架
A14: 7 | B14: 长安品牌电台 | C14: 长安品牌电台 | D14: F-长安品牌电台新闻电台播放 | E14: 1.车机ACC ON档 2.车机正常联网 | F14: 1. 进入娱乐主页，选择品牌电台，进入后选择新闻电台播放； 2.按键暂停播放； | G14: 1.可以正常播放，有电台节目声音输出； 2.电台声音暂停； | H14: 1 | I14: 台架
A15: 8 | B15: 长安品牌电台 | C15: 长安品牌电台 | D15: F-长安品牌电台搞笑电台播放 | E15: 1.车机ACC ON档 2.车机正常联网 | F15: 1. 进入娱乐主页，选择品牌电台，进入后选择搞笑电台播放； 2.按键暂停播放； | G15: 1.可以正常播放，有电台节目声音输出； 2.电台声音暂停； | H15: 1 | I15: 台架
A16: 9 | B16: 长安品牌电台 | C16: 长安品牌电台 | D16: F-长安品牌电台流行音乐电台播放 | E16: 1.车机ACC ON档 2.车机正常联网 | F16: 1. 进入娱乐主页，选择品牌电台，进入后选择流行音乐电台播放； 2.按键暂停播放； | G16: 1.可以正常播放，有电台节目声音输出； 2.电台声音暂停； | H16: 1 | I16: 台架

Sheet 空调APP
A1: 总用例 | B1: 83 | C1: XXX零部件测试空调APP用例
A2: passed | B2: =COUNTIF(J:J,"=passed") -> 0
A3: failed | B3: =COUNTIF(J:J,"=failed") -> 0
A4: blocked | B4: =COUNTIF(J:J,"=blocked") -> 0
A5: N/A | B5: =COUNTIF(J:J,"=N/A") -> 0
A6: 项目名称：XXX | C6: 版本: | E6: 编制: | G6: 测试人员: | I6: 测试日期:
A7: 用例序号 | B7: 所属模块 | C7: 相关需求 | D7: 用例标题 | E7: 前置条件 | F7: 步骤 | G7: 预期 | H7: 优先级 | I7: 用例执行方式 | J7: 用例执行结果 | K7: DTM缺陷号
A8: 1 | B8: 空调控制-空气质量监控 | C8: 空调控制需求规格说明书V1.7 车外PM2.5显示-I230.01.01.00 | D8: 车外PM2.5 6个等级显示 | E8: 1.电源处于ON档，HU处于开机状态 | F8: 1. 车外PM2.5传感器上报数据 发送ID510 AC_PM25OutCar=35 2.发送ID510 AC_PM25OutCar=75 3.发送ID510 AC_PM25OutCar=115 4.发送ID510 AC_PM25OutCar=150 5.发送ID510 AC_PM25OutCar=250 6.发送ID510 AC_PM25OutCar=251 | G8: 1. 在空气质量监控界面显示绿色车外 PM2.5=35优 2. 在空气质量监控界面显示浅绿色车外 PM2.5=75良 3.在空气质量监控界面显示黄色车外 PM2.5=115 轻度污染 4.在空气质量监控界面显示橙色车外 PM2.5=150 中度污染 5.在空气质量监控界面显示浅红色车外 PM2.5=150 重度污染 6.在空气质量监控界面显示深红色车外 PM2.5=251 严重污染 | H8: 1 | I8: 台架
A9: 2 | B9: 空调控制-空气质量监控 | C9: 空调控制需求规格说明书V1.7 车外PM2.5显示-I230.01.01.00 | D9: 车外PM2.5无效数据显示 | E9: 1.电源处于ON档，HU处于开机状态 | F9: 1. 车外PM2.5传感器上报无效数据 发送ID510 AC_PM25OutCar=invalid | G9: 1. PM2.5显示计算中... | H9: 2 | I9: 台架
A10: 3 | B10: 空调控制-空气质量监控 | C10: 空调控制需求规格说明书V1.7 车外PM2.5显示-I230.01.01.00 | D10: 车外PM2.5长显和空调主界面显示 | E10: 1.电源处于ON档，HU处于开机状态 | F10: 1. 车外PM2.5传感器上报数据 任何有效数据如：发送ID510 AC_PM25OutCar=75 | G10: 1. 常显界面和空调主界面显示对应的PM2.5=75 良 | H10: 1 | I10: 台架
A11: 4 | B11: 空调控制-空气质量监控 | C11: 空调控制需求规格说明书V1.7 车外PM2.5显示-I230.01.01.00 | D11: 车外PM2.5电源非on档状态显示 | E11: 1.电源OFF或ACC | F11: 1. 车外PM2.5传感器上报数据 任何有效数据如：发送ID510 AC_PM25OutCar=75 | G11: 1. 车外PM2.5 显示为“- -”，不显示空气质量等级 | H11: 2 | I11: 台架
A12: 5 | B12: 空调控制-空气质量监控 | C12: 空调控制需求规格说明书V1.7 车外PM2.5显示-I230.01.01.00 | D12: 车外PM2.5显示，无PM2.5传感器 | E12: 1.电源处于ON档，HU处于开机状态，GPS已定位 车型配置LV1 | F12: 1.车机已连接有线网络，状态后15min内 2.车机未连接有效网络或电源档位非on档时 | G12: 1. 显示当前位置的空气质量和等级 2.显示网络连接异常 | H12: 2 | I12: 台架
A13: 6 | B13: 空调控制-空气质量监控 | C13: 空调控制需求规格说明书V1.7 车内PM2.5显示I230.01.02.00 | D13: 车内PM2.5显示 | E13: 1.电源处于ON 档，HU 和AC 处于工作状态 2.AC_PM25InCarValid=valid | F13: 1. 空调app界面，发送ID510C_PM25InCar=0~1000任意值 2.空调app界面，发送 ID510C_PM25InCar=invalid | G13: 1. 实时显示车内PM2.5 数值、空气质量等级显示（空气质量等级和颜色同车外车外PM2.5显示） 2. 显示“计算中…” | H13: 1 | I13: 台架
A14: 7 | B14: 空调控制-空气质量监控 | C14: 空调控制需求规格说明书V1.7 车内PM2.5显示I230.01.02.00 | D14: 车内PM2.5电源非on档状态显示 | E14: 1.电源OFF或ACC | F14: 1. 空调app界面，发送ID510AC_PM25InCar=0~1000任意值 | G14: 1. 车内PM2.5 显示为“- -”，不显示空气质量等级 | H14: 2 | I14: 台架
A15: 8 | B15: 空调控制-空气质量监控 | C15: 空调控制需求规格说明书V1.7 车内PM2.5显示I230.01.02.00 | D15: 车内PM2.5显示，车内PM2.5浓度非有效 | E15: 1.电源处于ON 档，HU 和AC 处于工作状态 | F15: 1. 空调app界面，发送AC_PM25InCarValid=Calculating/valid2.发送AC_PM25InCarValid=failure | G15: 1. 车内 PM2.5 数值显示 “计算 中... ”，不显示车内空气 2. 车内 PM2.5 数值显示 “--”，不显示车内空气 | H15: 2 | I15: 台架
A16: 9 | B16: 空调控制-空气质量监控 | C16: 空调控制需求规格说明书V1.7 车内PM2.5显示I230.01.02.00 | D16: 车内和车外PM2.5显示，反复上下电 | E16: 1.电源处于ON 档，HU 和AC 处于工作状态 2.车内和车外PM2.5上报都是有效值 | F16: 1. 反复修改ID288 PowerStatusFeedBack= off 、acc 、on start四个档位 | G16: 1. 车内和车外PM2.5显示对应空气质量和等级颜色 | H16: 1 | I16: 台架
A17: 10 | B17: 空调控制-自动空气净化 及提示 | C17: 空调控制需求规格说明书V1.7 自动空气净化及提示I230.01.03.00 | D17: 自动开启空气净化和提示 | E17: 1.电源处于ON 档，HU 和AC 处于工作状态 2.自动气净化，空气净化语音和动画提示提示全部开启 | F17: 1. 发送ID510 AC_PM25InCar=76~1000 ID340 AC_PlasmaSt=active 2. 当前界面非电话、待机、导航、全景行车记录仪等界面（满足弹出空气净化条件） 3.发送ID340 AC_PlasmaSt=inactive | G17: 1. 启动空气净化（输出 三帧ID2F8 HU_IonizerReq=Ionizer On 后置0），弹出动画5s后自动退出，语音播报车内PM2.5超标，已为您开启智能净化，主页常显界面显示净化标识 2.离子净化器状态为inactive时，不显示净化标识 | H17: 1 | I17: 台架
A18: 11 | B18: 空调控制-自动空气净化 及提示 | C18: 空调控制需求规格说明书V1.7 自动空气净化及提示 I230.01.03.00 | D18: 自动空气净化完成 | E18: 1.电源处于ON档，自动空气净化持续进行中 | F18: 1. 发送ID510AC_PM25InCar=0~35 空气净化时间小于10min | G18: 1. 输出 三帧ID2F8 HU_IonizerReq=Ionizer off 后置0，关闭离子发生器 | H18: 1 | I18: 台架
A19: 12 | B19: 空调控制-自动空气净化 及提示 | C19: 空调控制需求规格说明书V1.7 自动空气净化及提示I230.01.03.00 | D19: 自动空气净化时间超过10min | E19: 1.电源处于ON档，自动空气净化持续进行中 | F19: 1. 空气净化时间大于10min后，发送ID510AC_PM25InCar=0~35 | G19: 1. 不输出ID2F8 HU_IonizerReq=Ionizer off | H19: 2 | I19: 台架
... A90: 83 | B90: 空调控制-车型配置 | C90: 空调控制需求规格说明书V1.7 | D90: 空气净化和动画-车型匹配 | E90: 1.电源处于 ON 档，HU 处于开机状态且工作正常 | F90: 1.车型配置成lv1 2.车型配置成其他车型 | G90: 1.空气净化动画开关，空气净化状态都无此功能 2.空气净化动画开关，空气净化状态正常显示 | H90: 3 | I90: 台架

Sheet 行车记录仪
A1: 总用例 | B1: 299 | C1: XXX零部件测试行车记录仪用例
A2: passed | B2: =COUNTIF(J:J,"=passed") -> 0
A3: failed | B3: =COUNTIF(J:J,"=failed") -> 0
A4: blocked | B4: =COUNTIF(J:J,"=blocked") -> 0
A5: N/A | B5: =COUNTIF(J:J,"=N/A") -> 0
A6: 项目名称：XXX | C6: 版本: | E6: 编制: | G6: 测试人员: | I6: 测试日期:
A7: 用例序号 | B7: 所属模块 | C7: 相关需求 | D7: 用例标题 | E7: 前置条件 | F7: 步骤 | G7: 预期 | H7: 优先级 | I7: 用例执行方式 | J7: 用例执行结果 | K7: DTM缺陷号
A8: 1 | B8: DVR录制显示 | C8: I226 -2 360°行车记录仪需求规格说明书（内置）-V1.3-3.1.1.1 | D8: 使用场景说明 | E8: 1.电源处于非 OFF 档， 2.HU 处于工作状态 | F8: 1.HU主页打开DVR 图标 | G8: 1.进入 DVR界面，显示前视角视频,频的录制功能依然正常工作 | H8: 1 | I8: 台架
A9: 2 | B9: DVR录制显示 | C9: I226 -2 360°行车记录仪需求规格说明书（内置）-V1.3-3.1.1.1 | D9: 使用场景说明 | E9: 1.电源处于非 OFF 档， 2.HU 处于工作状态 | F9: 1.语言打开DVR | G9: 1.进入 DVR界面，显示前视角视频，频的录制功能依然正常工作 | H9: 1 | I9: 台架
A10: 3 | B10: DVR录制显示 | C10: I226 -2 360°行车记录仪需求规格说明书（内置）-V1.3-3.1.1.1 | D10: 使用场景说明 | E10: 1.电源处于非 OFF 档， 2.HU 处于工作状态 3.打开DVR | F10: 1.打开循环录制 | G10: 1.实时显示过程中，视频的录制功能依然正常工作 | H10: 1 | I10: 台架
A11: 4 | B11: DVR录制显示 | C11: I226 -2 360°行车记录仪需求规格说明书（内置）-V1.3-3.1.1.1 | D11: 使用场景说明 | E11: 1.电源处于非 OFF 档， 2.HU 处于工作状态 3.打开DVR | F11: 1.打开紧急录制 | G11: 1.实时显示过程中，视频的录制功能依然正常工作 | H11: 1 | I11: 台架
A12: 5 | B12: DVR录制显示 | C12: I226 -2 360°行车记录仪需求规格说明书（内置）-V1.3-3.1.1.1 | D12: 使用场景说明 | E12: 1.电源处于非 OFF 档， 2.HU 处于工作状态 3.打开DVR | F12: 1. 断开LVDS 线 | G12: 1.无视频输出 | H12: 3 | I12: 台架
A13: 6 | B13: DVR录制显示 | C13: I226 -2 360°行车记录仪需求规格说明书（内置）-V1.3-3.1.1.1 | D13: 使用场景说明 | E13: 1.电源处于非 OFF 档， 2.HU 处于工作状态 3.DVR存在故障 | F13: 1.HU主页打开DVR 图标 | G13: 1.能够进入 DVR 应用画面 | H13: 3 | I13: 台架
A14: 7 | B14: DVR录制显示 | C14: I226 -2 360°行车记录仪需求规格说明书（内置）-V1.3-3.1.2.1 | D14: 使用场景说明 | E14: 1.电源处于非 OFF 档， 2.HU 处于工作状态 3.打开DVR | F14: 1.打开循环录制 | G14: 1.菜单栏中的行车记录仪图标点亮 | H14: 2 | I14: 台架
A15: 8 | B15: DVR录制显示 | C15: I226 -2 360°行车记录仪需求规格说明书（内置）-V1.3-3.1.2.1 | D15: 使用场景说明 | E15: 1.电源处于非 OFF 档， 2.HU 处于工作状态 3.打开DVR 4.打开循环录制 | F15: 1.关闭循环录制 | G15: 1.菜单栏中的行车记录仪图标不点亮 | H15: 2 | I15: 台架
A16: 9 | B16: DVR录制显示 | C16: I226 -2 360°行车记录仪需求规格说明书（内置）-V1.3-3.1.2.1 | D16: 使用场景说明 | E16: 1.电源处于非 OFF 档， 2.HU 处于工作状态 3.SD卡格式错误 4.打开DVR | F16: 1.点击存储 | G16: 1.此时系统仍处于激活状态，可以显示实时视频信息，但不能进行存储操作 | H16: 2 | I16: 台架
A17: 10 | B17: DVR录制显示 | C17: I226 -2 360°行车记录仪需求规格说明书（内置）-V1.3-3.1.2.1 | D17: 使用场景说明 | E17: 1.电源处于非 OFF 档， 2.HU 处于工作状态 3.SD卡格式错误 4.打开DVR | F17: 1.点击回放 | G17: 1.此时系统仍处于激活状态，可以显示实时视频信息，但不能进行回放操作 | H17: 2 | I17: 台架
A18: 11 | B18: DVR录制显示 | C18: I226 -2 360°行车记录仪需求规格说明书（内置）-V1.3-3.1.2.1 | D18: 使用场景说明 | E18: 1.电源处于非 OFF 档， 2.HU 处于工作状态 3.无 SD 卡 4.打开DVR | F18: 1.点击存储 | G18: 1.此时系统仍处于激活状态，可以显示实时视频信息，但不能进行存储操作 | H18: 2 | I18: 台架
A19: 12 | B19: DVR录制显示 | C19: I226 -2 360°行车记录仪需求规格说明书（内置）-V1.3-3.1.2.1 | D19: 使用场景说明 | E19: 1.电源处于非 OFF 档， 2.HU 处于工作状态 3.无 SD 卡 4.打开DVR | F19: 1.点击回放 | G19: 1.此时系统仍处于激活状态，可以显示实时视频信息，但不能进行回放操作 | H19: 2 | I19: 台架
... A93: 86 | B93: DVR存储功能 | C93: I226 -2 360°行车记录仪需求规格说明书（内置）-V1.3-3.1.7.1 | D93: 存储文件命名 | E93: 1.电源处于非 OFF 档， 2.HU 处于工作状态 3.打开DVR， | F93: 1.点击拍照 | G93: 1.查看视频命名：PHO_年月日_开始时间_方位_序号 | H93: 2 | I93: 台架
A94: 87 | B94: 驾驶辅助录制功能 | C94: 待定 | H94: 2 | I94: 台架
A95: 88 | B95: 车辆运行状态录制功能 | C95: 待定 | H95: 2 | I95: 台架
A96: 89 | B96: 文件目录 | C96: I226 -2 360°行车记录仪需求规格说明书（内置）-V1.3-3.2.1.1 | D96: 相册界面 | E96: 1.电源处于非 OFF 档， 2.HU 处于工作状态 3.打开DVR， | F96: 1.按下相册按键 | G96: 1.用户可查看存储在 SD 卡里面的视频或照片，默认进入循环录制回放浏览 | H96: 2 | I96: 台架
A97: 90 | B97: 文件目录 | C97: I226 -2 360°行车记录仪需求规格说明书（内置）-V1.3-3.2.1.1 | D97: 循环录制 | E97: 1.电源处于非 OFF 档， 2.HU 处于工作状态 3.打开DVR， 4.按下相册按键 | F97: 1.按下“循环录制” | G97: 1.切换至循环视图列表画面，文件格式为*.ts | H97: 2 | I97: 台架
A98: 91 | B98: 文件目录 | C98: I226 -2 360°行车记录仪需求规格说明书（内置）-V1.3-3.2.1.1 | D98: 紧急保存 | E98: 1.电源处于非 OFF 档， 2.HU 处于工作状态 3.打开DVR， 4.按下相册按键 | F98: 1.按下“紧急保存” | G98: 1.切换至紧急保存列表画面，文件格式为*.ts | H98: 2 | I98: 台架
A99: 92 | B99: 文件目录 | C99: I226 -2 360°行车记录仪需求规格说明书（内置）-V1.3-3.2.1.1 | D99: 图片格式 | E99: 1.电源处于非 OFF 档， 2.HU 处于工作状态 3.打开DVR， 4.按下相册按键 | F99: 1.按下“图片” | G99: 1.切换至图片列表画面，文件格式为*.JPG。 | H99: 2 | I99: 台架
A100: 93 | B100: 文件目录 | C100: I226 -2 360°行车记录仪需求规格说明书（内置）-V1.3-3.2.1.1 | D100: 驾驶辅助 | E100: 1.电源处于非 OFF 档， 2.HU 处于工作状态 3.打开DVR， 4.按下相册按键 | F100: 1.按下“驾驶辅助” | G100: 1.切换至驾驶辅助列表画面，文件格式为*.ts | H100: 2 | I100: 台架
A101: 94 | B101: 文件目录 | C101: I226 -2 360°行车记录仪需求规格说明书（内置）-V1.3-3.2.1.1 | D101: 紧急录制不能进入回放模式 | E101: 1.电源处于非 OFF 档， 2.HU 处于工作状态 3.打开DVR， 4.紧急录制中 | F101: 1.按下相册按键 | G101: 1.不能进入回放模式 | H101: 2 | I101: 台架
A102: 95 | B102: 文件目录 | C102: I226 -2 360°行车记录仪需求规格说明书（内置）-V1.3-3.2.1.1 | D102: 进入回放后不再进行实时显示 | E102: 1.电源处于非 OFF 档， 2.HU 处于工作状态 3.打开DVR， | F102: 1.按下相册按键 | G102: 1.进入回放后不再进行实时显示 | H102: 2 | I102: 台架
A103: 96 | B103: 文件目录 | C103: I226 -2 360°行车记录仪需求规格说明书（内置）-V1.3-3.2.1.1 | D103: 录制过程进入回放 | E103: 1.电源处于非 OFF 档， 2.HU 处于工作状态 3.打开DVR， 4.循环录制中 | F103: 1.按下相册按键 | G103: 1.DVR 将正在录制的视频保存、并暂停视频录制功能，进入回放模式；此时回放列表中会存在刚才录制的这个视频，是完整的可解码的视频 | H103: 2 | I103: 台架
A104: 97 | B104: 文件目录 | C104: I226 -2 360°行车记录仪需求规格说明书（内置）-V1.3-3.2.1.1 | D104: 退出回放 | E104: 1.电源处于非 OFF 档， 2.HU 处于工作状态 3.打开DVR， 4.循环录制中 5.按下相册按键 | F104: 1.退出回放模式 | G104: 1.视频录制恢复正常，工作指示图标同步恢复，此时将开始新的一段视频录制； | H104: 2 | I104: 台架
A105: 98 | B105: 文件目录 | C105: I226 -2 360°行车记录仪需求规格说明书（内置）-V1.3-3.2.1.1 | D105: 无文件提示 | E105: 1.电源处于非 OFF 档， 2.HU 处于工作状态 3.打开DVR，无循环录制视频 4.按下相册按键 | F105: 1.按下“循环录制” | G105: 1.提示无视频 | H105: 2 | I105: 台架
A106: 99 | B106: 文件目录 | C106: I226 -2 360°行车记录仪需求规格说明书（内置）-V1.3-3.2.1.1 | D106: 无文件提示 | E106: 1.电源处于非 OFF 档， 2.HU 处于工作状态 3.打开DVR，无紧急保存视频 4.按下相册按键 | F106: 1.按下“紧急保存” | G106: 1.提示无视频 | H106: 2 | I106: 台架
A107: 100 | B107: 文件目录 | C107: I226 -2 360°行车记录仪需求规格说明书（内置）-V1.3-3.2.1.1 | D107: 无文件提示 | E107: 1.电源处于非 OFF 档， 2.HU 处于工作状态 3.打开DVR，无照片 4.按下相册按键 | F107: 1.按下“照片” | G107: 1.提示无照片 | H107: 2 | I107: 台架
... A306: 299 | B306: 故障提示 | C306: I226 -2 360°行车记录仪需求规格说明书（内置）-V1.3-3.4.1.1 | D306: DVR 系统故障 | E306: 1.电源处于非 OFF 档， 2.HU 处于工作状态 3.打开DVR， | F306: 1.DVR 系统故障 | G306: 1.弹窗提示：DVR 系统故障 | H306: 2 | I306: 台架

Sheet 智慧ID
A1: 总用例 | B1: 83 | C1: XXX零部件测试智慧ID用例
A2: passed | B2: =COUNTIF(J:J,"=passed") -> 0
A3: failed | B3: =COUNTIF(J:J,"=failed") -> 0
A4: blocked | B4: =COUNTIF(J:J,"=blocked") -> 0
A5: N/A | B5: =COUNTIF(J:J,"=N/A") -> 0
A6: 项目名称：XXX | C6: 版本: | E6: 编制: | G6: 测试人员: | I6: 测试日期:
A7: 用例序号 | B7: 所属模块 | C7: 相关需求 | D7: 用例标题 | E7: 前置条件 | F7: 步骤 | G7: 预期 | H7: 优先级 | I7: 用例执行方式 | J7: 用例执行结果 | K7: DTM缺陷号
A8: 1 | B8: 多模式身份验证（车端） | C8: 智慧ID需求规格书V0.3.doc/3.3.1 基于RKE钥匙识别 I219.01.01.00 | D8: S-基于RKE钥匙识别解锁_钥匙与账号已绑定 | E8: 1. 车辆处于OFF档，闭锁状态，HU休眠 2. 当前解锁的钥匙与用户账号绑定 | F8: 1. 用户按压钥匙解锁，或车辆感应钥匙主动完成解锁 | G8: 1. 1) HU通过解锁钥匙识别用户身份，用户解锁开车门后，在中控显示屏欢迎界面上呈现欢迎信息“XXX（昵称），欢迎您！” 2) 系统设置，车辆设置根据用户身份自动完成同步（当前user有绑定钥匙时，HU通过解锁钥匙识别用户身份） 3) 进入“驾驶员中心”界面，头像，用户昵称和签名同步为识别的用户信息 | H8: 1 | I8: 台架
A9: 2 | B9: 多模式身份验证（车端） | C9: 智慧ID需求规格书V0.3.doc/3.3.1 基于RKE钥匙识别 I219.01.01.00 | D9: S-基于RKE钥匙识别解锁_非OFF档_上次熄火无用户身份信息 | E9: 1. 车辆处于非OFF档 2. 当前解锁的钥匙与账号未绑定 3. 驾驶员中心记忆上一次熄火前没有用户信息 | F9: 1. 用户按压钥匙解锁，或车辆感应钥匙主动完成解锁 | G9: 1. 解锁后无法通过钥匙识别用户身份，使用车辆时，则默认进入访客模式（即没有用户登录的状态） | H9: 1 | I9: 台架
A10: 3 | B10: 多模式身份验证（车端） | C10: 智慧ID需求规格书V0.3.doc/3.3.1 基于RKE钥匙识别 I219.01.01.00 | D10: S-基于RKE钥匙识别解锁_钥匙与账号未绑定_上次熄火无用户身份信息 | E10: 1. 当前解锁的钥匙与账号未绑定 2. 驾驶员中心记忆上一次熄火前没有用户信息 | F10: 1. 用户按压钥匙解锁，或车辆感应钥匙主动完成解锁 | G10: 1. 解锁后无法通过钥匙识别用户身份，使用车辆时，则默认进入访客模式（即没有用户登录的状态） | H10: 1 | I10: 台架
A11: 4 | B11: 多模式身份验证（车端） | C11: 智慧ID需求规格书V0.3.doc/3.3.1 基于RKE钥匙识别 I219.01.01.00 | D11: S-基于RKE钥匙识别解锁_钥匙与账号未绑定_上次熄火有用户身份信息 | E11: 1. 当前解锁的钥匙与账号未绑定 2. 驾驶员中心记忆上一次熄火前有用户信息 | F11: 1. 用户按压钥匙解锁，或车辆感应钥匙主动完成解锁 | G11: 1. 解锁后无法通过钥匙识别用户身份，使用车辆时，驾驶员中心记忆上一次熄火前的用户信息 | H11: 1 | I11: 台架
A12: 5 | B12: 多模式身份验证（车端） | C12: 智慧ID需求规格书V0.3.doc/3.3.1 基于RKE钥匙识别 I219.01.01.01 | D12: S-基于RKE钥匙识别解锁_HU已唤醒 | E12: HU已经唤醒 | F12: 1. 用户按压钥匙解锁，或车辆感应钥匙主动完成解锁 | G12: 1. 1) 识别到用户身份后，则保持黑屏状态 2) 系统设置，车辆设置根据用户身份自动完成同步（当前user有绑定钥匙时，HU通过解锁钥匙识别用户身份） 3) 进入“驾驶员中心”界面，头像，用户昵称和签名同步为识别的用户信息 | H12: 1 | I12: 台架
A13: 6 | B13: 多模式身份验证（车端） | C13: 智慧ID需求规格书V0.3.doc/3.3.2 基于手机蓝牙钥匙识别 I219.01.02.00 | D13: S-基于手机蓝牙钥匙识别解锁_钥匙与账号已绑定 | E13: 1. 车辆处于OFF档，闭锁状态，HU休眠 2. 用户已设定当前解锁的手机蓝牙钥匙与用户账号绑定 | F13: 1. 用户使用手机蓝牙钥匙连接车辆 | G13: 1. 1) HU通过解锁的手机蓝牙钥匙的User_ID识别用户身份，用户解锁开车门后，在中控显示屏欢迎界面上呈现欢迎信息“XXX（昵称），欢迎您” 2) 系统设置，车辆设置根据用户身份自动完成同步 3) 进入“驾驶员中心”界面，头像，用户昵称和签名同步为识别的用户信息 | H13: 1 | I13: 台架
A14: 7 | B14: 多模式身份验证（车端） | C14: 智慧ID需求规格书V0.3.doc/3.3.2 基于手机蓝牙钥匙识别 I219.01.02.00 | D14: S-基于手机蓝牙钥匙识别解锁_钥匙与账号未绑定_上次熄火无用户身份信息 | E14: 1. 当前解锁的钥匙与账号未绑定 2. 驾驶员中心记忆上一次熄火前没有用户信息 | F14: 1. 用户按压钥匙解锁，或车辆感应钥匙主动完成解锁 | G14: 1. 解锁后无法通过钥匙识别用户身份，使用车辆时，则默认进入访客模式（即没有用户登录的状态） | H14: 1 | I14: 台架
A15: 8 | B15: 多模式身份验证（车端） | C15: 智慧ID需求规格书V0.3.doc/3.3.2 基于手机蓝牙钥匙识别 I219.01.02.00 | D15: S-基于手机蓝牙钥匙识别解锁_钥匙与账号未绑定_上次熄火有用户身份信息 | E15: 1. 当前解锁的钥匙与账号未绑定 2. 驾驶员中心记忆上一次熄火前有用户信息 | F15: 1. 用户按压钥匙解锁，或车辆感应钥匙主动完成解锁 | G15: 1. 解锁后无法通过钥匙识别用户身份，使用车辆时，驾驶员中心记忆上一次熄火前的用户信息 | H15: 1 | I15: 台架
A16: 9 | B16: 多模式身份验证（车端） | C16: 智慧ID需求规格书V0.3.doc/3.3.4 基于人脸识别 I219.01.04.00 | D16: S-基于人脸识别解锁_人脸与账号已绑定_HU未开机 | E16: 1. 车辆处于OFF档 2. 用户已将人脸属性录入登录过车辆的用户账号 | F16: 1. 解锁后用户开主驾车门后关闭主驾车门或主驾座椅上有人坐下 2. HU通过人脸ID识别到用户身份，HU 没有开机 | G16: 1. 主驾车门已关闭或主驾座椅已经有人坐下 2. 1) 在中控显示屏欢迎界面上呈现欢迎信息“XXX，欢迎您” 2) 系统设置，车辆设置根据用户身份自动完成同步 3) 进入“驾驶员中心”界面，头像，用户昵称和签名同步为识别的用户信息 | H16: 1 | I16: 台架
A17: 10 | B17: 多模式身份验证（车端） | C17: 智慧ID需求规格书V0.3.doc/3.3.4 基于人脸识别 I219.01.04.00 | D17: S-基于人脸识别解锁_人脸与账号已绑定_HU已开机_完成人脸识别 | E17: 1. 车辆处于OFF档 2. 用户已将人脸属性录入登录过车辆的用户账号 | F17: 1. 解锁后用户开主驾车门后关闭主驾车门或主驾座椅上有人坐下 2. HU通过人脸ID识别到用户身份，HU 已经开机 3. 电源档位打到ACC档 | G17: 1. 主驾车门已关闭或主驾座椅已经有人坐下 2. 1) 系统设置，车辆设置根据用户身份自动完成同步 2) 进入“驾驶员中心”界面，头像，用户昵称和签名同步为识别的用户信息 3. 座椅和外后视镜姿态自动调节到识别的用户保存记忆的状态 | H17: 1 | I17: 台架
A18: 11 | B18: 多模式身份验证（车端） | C18: 智慧ID需求规格书V0.3.doc/3.3.4 基于人脸识别 I219.01.04.00 | D18: S-基于人脸识别解锁_人脸与账号已绑定_HU已开机_其他方法识别用户 | E18: 1. 车辆处于OFF档 2. 用户已将人脸属性录入登录过车辆的用户账号 | F18: 1. 解锁后用户开主驾车门后关闭主驾车门或主驾座椅上有人坐下 2. 如果HU已经开机，并通过其他方法识别过用户 3. 选择“否” 4. 选择“是” | G18: 1. 主驾车门已关闭或主驾座椅已经有人坐下 2. 提示用户是否切换账号 3. 保留当前用户账号的状态 4. 1) 系统设置，车辆设置根据用户身份自动完成同步 2) 进入“驾驶员中心”界面，头像，用户昵称和签名同步为识别的用户信息 | H18: 1 | I18: 台架
A19: 12 | B19: 多模式身份验证（车端） | C19: 智慧ID需求规格书V0.3.doc/3.3.4 基于人脸识别 I219.01.04.00 | D19: S-基于人脸识别解锁_非OFF档 | E19: 车辆处于非OFF档 | F19: 1. 用户开主驾车门后关闭主驾车门或主驾座椅上有人坐下 2. HU通过人脸ID识别用户身份 | G19: 1. 主驾车门已关闭或主驾座椅已经有人坐下 2. 车辆处于非OFF档不进行人脸识别 | H19: 1 | I19: 台架
A20: 13 | B20: 多模式身份验证（车端） | C20: 智慧ID需求规格书V0.3.doc/3.3.4 基于人脸识别 I219.01.04.00 | D20: S-基于人脸识别解锁_人脸与账号未绑定 | E20: 当前解锁的钥匙与账号未绑定 | F20: 1. 解锁后用户开主驾车门后关闭主驾车门或主驾座椅上有人坐下 2. HU通过人脸ID识别用户身份 | G20: 1. 主驾车门已关闭或主驾座椅已经有人坐下 2. 未识别到用户身份。使用车辆时，HU驾驶员中心展示二维码登陆页面 | H20: 1 | I20: 台架
A21: 14 | B21: 多成员账号（三端） | C21: 智慧ID需求规格书V0.3.doc/4.6.6 【APP端】我的爱车-成员信息详情页面 | D21: F-APP端成员信息详情页面_车端同步更新 | F21: 1. APP端“我的爱车-成员信息”详情页面 2. 更新成员信息（基本信息、有效期、权限状态等） 3. 对应的成员在车端查看信息 | G21: 1. 成功进入页面 2. 成功更新 3. 信息成功同步更新到车端 | H21: 1 | I21: 台架
A22: 15 | B22: 多成员账号（三端） | C22: 智慧ID需求规格书V0.3.doc/4.6.7 【APP端】我的爱车-添加成员 | D22: F-APP端添加成员_车端同步更新 | F22: 1. APP端“我的爱车-添加成员”页面 2. 添加新成员 3. 新成员在车端查看信息 | G22: 1. 成功进入页面 2. 成功添加新成员 3. 信息成功同步添加到车端 | H22: 1 | I22: 台架
A23: 16 | B23: 多成员账号（三端） | C23: 智慧ID需求规格书V0.3.doc/4.6.8 【APP端】我的爱车-删除成员 | D23: F-APP端删除成员_车端同步更新 | F23: 1. APP端“我的爱车-成员信息”详情页面 2. 移除该成员 3. 对应的成员在车端查看信息 | G23: 1. 成功进入页面 2. 成功移除该成员 3. 信息成功同步到车端（成员是访客身份） | H23: 1 | I23: 台架
A24: 17 | B24: 多成员账号（三端） | C24: 智慧ID需求规格书V0.3.doc/4.6.9 【APP端】授权给我的车辆 | D24: F-APP端授权给我的车辆_解绑车辆_车端同步更新 | F24: 1. APP端“授权给我的车辆-我的权限”页面 2. 解绑该车辆 3. 对应的成员在车端查看信息 | G24: 1. 成功进入页面 2. 成功解绑该车辆 3. 信息成功同步到车端（成员是访客身份） | H24: 1 | I24: 台架
A25: 18 | B25: 多成员账号（三端） | C25: 智慧ID需求规格书V0.3.doc/4.6.10 【车端】账号自动登陆 | D25: S-车端账号自动登陆_个性化设置本地已存储 | E25: 多模式身份验证流程通过，用户身份识别成功 | F25: 1. 个性化设置本地已存储 2. 车辆设置变动 | G25: 1. 启动车辆功能自适应流程 2. 个性化设置本地存储及云同步 | H25: 1 | I25: 台架
A26: 19 | B26: 多成员账号（三端） | C26: 智慧ID需求规格书V0.3.doc/4.6.10 【车端】账号自动登陆 | D26: S-车端账号自动登陆_个性化设置本地未存储_云端拉取成功 | E26: 多模式身份验证流程通过，用户身份识别成功 | F26: 1. 个性化设置本地未存储 2. 云端拉取成功 3. 车辆设置变动 | G26: 1. 云端拉取个性化设置 2. 启动车辆功能自适应流程 3. 个性化设置本地存储及云同步 | H26: 1 | I26: 台架
A27: 20 | B27: 多成员账号（三端） | C27: 智慧ID需求规格书V0.3.doc/4.6.10 【车端】账号自动登陆 | D27: S-车端账号自动登陆_个性化设置本地未存储_云端拉取失败 | E27: 多模式身份验证流程通过，用户身份识别成功 | F27: 1. 个性化设置本地未存储 2. 云端拉取失败 | G27: 1. 云端拉取个性化设置 2. 本次车辆设置本地存储及云同步 | H27: 1 | I27: 台架
A28: 21 | B28: 多成员账号（三端） | C28: 智慧ID需求规格书V0.3.doc/4.6.10 【车端】账号自动登陆 | D28: S-车端账号自动登陆_车主 | E28: 车主多模式身份验证流程通过，车主用户身份识别成功 | F28: 1. 车主使用车辆 | G28: 1. 拥有最大权限，并且功能授权日志和功能使用日志会上传到云端 | H28: 1 | I28: 台架
A29: 22 | B29: 多成员账号（三端） | C29: 智慧ID需求规格书V0.3.doc/4.6.10 【车端】账号自动登陆 | D29: S-车端账号自动登陆_成员 | E29: 成员多模式身份验证流程通过，成员用户身份识别成功 | F29: 1. 成员使用车辆 | G29: 1. 1) 只可使用车主授权的功能，并且功能授权日志和功能使用日志会上传到云端 2) 成员账号当前车辆功能同步到云端 3) UserID-CarID权限范围关联 | H29: 1 | I29: 台架
A30: 23 | B30: 多成员账号（三端） | C30: 智慧ID需求规格书V0.3.doc/4.6.1 【车端】驾驶员中心账号扫码登陆 | D30: S-驾驶员中心账号扫码登陆_inCall已登录_手动退出 | E30: 1. 车机之前没有登录过驾驶员中心 2. 用户inCall助手已登录 | F30: 1. 车机系统启动 2. 用户使用手机上的inCall助手扫码 3. 账号通过手动退出 | G30: 1. 在欢迎界面解除后展示驾驶员中心登录二维码 2. 车机进入驾驶员中心界面，展示用户昵称、头像、等个性化信息 3. 自动登出账号 | H30: 1 | I30: 台架
A31: 24 | B31: 多成员账号（三端） | C31: 智慧ID需求规格书V0.3.doc/4.6.1 【车端】驾驶员中心账号扫码登陆 | D31: S-驾驶员中心账号扫码登陆_inCall已登录_OFF档 | E31: 1. 车机之前没有登录过驾驶员中心 2. 用户inCall助手已登录 | F31: 1. 车机系统启动 2. 用户使用手机上的inCall助手扫码 3. 电源处于OFF档10分钟内，再次启动车辆 4. 电源处于OFF档10分钟后 | G31: 1. 在欢迎界面解除后展示驾驶员中心登录二维码 2. 车机进入驾驶员中心界面，展示用户昵称、头像、等个性化信息 3. 该账号保持原有登陆状态 4. 自动登出账号 | H31: 1 | I31: 台架
A32: 25 | B32: 多成员账号（三端） | C32: 智慧ID需求规格书V0.3.doc/4.6.1 【车端】驾驶员中心账号扫码登陆 | D32: S-驾驶员中心账号扫码登陆_inCall未登录 | E32: 1. 车机之前没有登录过驾驶员中心 2. 用户inCall助手未登录 | F32: 1. 车机系统启动 2. 用户使用手机上的inCall助手扫码 | G32: 1. 在欢迎界面解除后展示驾驶员中心登录二维码 2. 用户需要强制登录，才可进入驾驶员中心产品主页 | H32: 1 | I32: 台架
A33: 26 | B33: 多成员账号（三端） | C33: 智慧ID需求规格书V0.3.doc/4.6.1 【车端】驾驶员中心账号扫码登陆 | D33: S-驾驶员中心账号扫码登陆_车机未登录驾驶员中心 | E33: 车机之前登录过驾驶员中心 | F33: 1. 通过外部传感设备没有识别到用户身份（已绑定车钥匙和手机蓝牙钥匙） 2. 通过外部传感设备识别到用户身份（多模式身份验证流程通过） | G33: 1. 驾驶员中心需强制登陆后方可使用 2. 系统启动完成后直接进入识别到的用户对应的账号设置环境 | H33: 1 | I33: 台架
A34: 27 | B34: 多成员账号（三端） | C34: 智慧ID需求规格书V0.3.doc/4.6.1 【车端】驾驶员中心账号扫码登陆 | D34: S-驾驶员中心账号扫码登陆_微信端 | E34: 1. 车机之前没有登录过驾驶员中心 2. 微信与incall账号未关联 | F34: 1. 车机系统启动 2. 用户使用微信扫码 3. 用户将微信与incall关联 4. 再次使用微信扫码 | G34: 1. 在欢迎界面解除后展示驾驶员中心登录二维码 2. 不能成功登录，在车机APP内提示“微信未关联inCall，不支持登录，请使用inCall助手扫码登录” 3. 关联成功 4. 成功登录 | H34: 3 | I34: 台架
A35: 28 | B35: 多成员账号（三端） | C35: 智慧ID需求规格书V0.3.doc/4.6.1 【车端】驾驶员中心账号扫码登陆 | D35: S-驾驶员中心账号扫码登陆_其他应用_未安装incall | E35: 1. 车机之前没有登录过驾驶员中心 2. 手机没有安装incall APP | F35: 1. 车机系统启动 2. 用户使用非incall APP或微信扫码 | G35: 1. 在欢迎界面解除后展示驾驶员中心登录二维码 2. 不能成功登录，进入引导下载incall APP H5页面 | H35: 3 | I35: 台架
A36: 29 | B36: 多成员账号（三端） | C36: 智慧ID需求规格书V0.3.doc/4.6.1 【车端】驾驶员中心账号扫码登陆 | D36: S-驾驶员中心账号扫码登陆_其他应用_已安装incall | E36: 1. 车机之前没有登录过驾驶员中心 2. 手机已安装incall APP | F36: 1. 车机系统启动 2. 用户使用非incall APP或微信扫码 | G36: 1. 在欢迎界面解除后展示驾驶员中心登录二维码 2. 不能成功登录，进入引导下载incall APP H5页面，并且提示用户打开incall APP | H36: 3 | I36: 台架
... A44: 37 | B44: 用户个性化（三端） | C44: 智慧ID需求规格书V0.3.doc/5.4.2 【终端】昵称设置 | D44: F-车端昵称设置_APP端同步更新 | E44: 用户未设置昵称 | F44: 1. 用户登录车端驾驶员中心 2. 查看昵称 3. 编辑昵称 4. 用户在APP端查看昵称 | G44: 1. 成功登陆 2. 展示默认昵称，用户注册手机号 3. 成功编辑，编辑完成后同步至TSP 4. 昵称成功同步更新到APP端 | H44: 1 | I44: 台架
A45: 38 | B45: 用户个性化（三端） | C45: 智慧ID需求规格书V0.3.doc/5.4.2 【终端】昵称设置 | D45: F-车端昵称设置_限制条件 | F45: 1. 用户登录车端驾驶员中心 2. 编辑昵称，使得昵称为空 3. 编辑昵称，使得昵称长度超过20个字符（10个汉字） 4. 编辑昵称 | G45: 1. 成功登陆 2. 昵称不可为空 3. 昵称长度最大20个字符（10个汉字） 4. 昵称限制中英文字符和数字，区分大小写 | H45: 1 | I45: 台架
A46: 39 | B46: 用户个性化（三端） | C46: 智慧ID需求规格书V0.3.doc/5.4.3 【终端】头像设置 | D46: F-车端头像设置_APP端同步更新 | E46: 用户未设置头像 | F46: 1. 用户登录车端驾驶员中心 2. 查看头像 3. 编辑头像，使用系统预设头像 4. 用户在APP端查看头像 5. 编辑头像，上传图片作为头像 6. 用户在APP端查看头像 | G46: 1. 成功登陆 2. 展示默认头像，系统预设头像24个，终端随机预置其一 3. 成功编辑，编辑完成后同步至TSP 4. 头像成功同步更新到APP端 5. 成功编辑，编辑完成后同步至TSP 6. 头像成功同步更新到APP端 | H46: 1 | I46: 台架
A47: 40 | B47: 用户个性化（三端） | C47: 智慧ID需求规格书V0.3.doc/5.4.4 【车端】车辆功能自适应（总） | D47: S-车端车辆设置自适应_个性化设置本地已存储 | E47: 多模式身份验证流程通过，用户身份识别成功 | F47: 1. 个性化设置本地已存储 2. 车辆设置变动 | G47: 1. 启动车辆功能自适应（四类）流程 2. 个性化设置本地存储及云同步 | H47: 1 | I47: 台架
A48: 41 | B48: 用户个性化（三端） | C48: 智慧ID需求规格书V0.3.doc/5.4.4 【车端】车辆功能自适应（总） | D48: S-车端车辆设置自适应_个性化设置本地未存储_云端拉取成功 | E48: 多模式身份验证流程通过，用户身份识别成功 | F48: 1. 个性化设置本地未存储 2. 云端拉取成功 3. 车辆设置变动 | G48: 1. 云端拉取个性化设置 2. 启动车辆功能自适应流程（四类） 3. 个性化设置本地存储及云同步 | H48: 1 | I48: 台架
A49: 42 | B49: 用户个性化（三端） | C49: 智慧ID需求规格书V0.3.doc/5.4.4 【车端】车辆功能自适应（总） | D49: S-车端车辆设置自适应_个性化设置本地未存储_云端拉取失败 | E49: 多模式身份验证流程通过，用户身份识别成功 | F49: 1. 个性化设置本地未存储 2. 云端拉取失败 3. 车辆设置变动 | G49: 1. 云端拉取个性化设置 2. 本次车辆设置（四类）本地存储及云同步 3. 个性化设置本地存储及云同步（四类） | H49: 1 | I49: 台架
A50: 43 | B50: 用户个性化（三端） | C50: 智慧ID需求规格书V0.3.doc/5.4.7 【车端】智能座椅自适应 | D50: S-车端智能座椅自适应_驾驶员中心已登录_座椅手动调节 | E50: 1. 电源为ACC、ON档，车速为0 2. 座椅处于手动调节状态 | F50: 1. 车辆识别到用户身份或用户手动登录驾驶员中心 2. 用户在主页或个人中心主界面点击“调节座椅”按钮 | G50: 1. 成功登录 2. 判断调节后的位置是否和已存位置信息相同。相同，不处理；不相同，弹框提示用户保持座椅位置，3s后消失，同时AI 推荐框保留提示信息 | H50: 1 | I50: 台架
A51: 44 | B51: 用户个性化（三端） | C51: 智慧ID需求规格书V0.3.doc/5.4.7 【车端】智能座椅自适应 | D51: S-车端智能座椅自适应_驾驶员中心已登录_座椅自动调节 | E51: 1. 电源为ACC、ON档，车速为0 2. 座椅处于自动调节状态 | F51: 1. 车辆识别到用户身份或用户手动登录驾驶员中心 2. 用户在主页或个人中心主界面点击“调节座椅”按钮 | G51: 1. 成功登录 2. 座椅和外后视镜姿态自动调节到识别到的用户记忆的状态，默认调节至记忆的位置一 | H51: 1 | I51: 台架
A52: 45 | B52: 用户个性化（三端） | C52: 智慧ID需求规格书V0.3.doc/5.4.7 【车端】智能座椅自适应 | D52: S-车端智能座椅自适应_驾驶员中心未登录 | E52: 电源为ACC、ON档，车速为0 | F52: 1. 车辆未识别到用户身份 | G52: 1. 驾驶员中心处于未登录状态，按照舒适进出的逻辑进行调节 | H52: 1 | I52: 台架
A53: 46 | B53: 用户个性化（三端） | C53: 智慧ID需求规格书V0.3.doc/5.4.7 【车端】智能座椅自适应 | D53: S-车端智能座椅自适应_座椅不可调节 | F53: 1. 当前电源为OFF档 2. 车速不为0 | G53: 1. 不做位置调节 2. 不做位置调节 | H53: 1 | I53: 台架
A54: 47 | B54: 驾驶员中心（三端） | C54: 智慧ID需求规格书V0.3.doc/6.3.1 【车端】驾驶员中心 | D54: F-车端驾驶员中心_首页 | E54: 用户通过多模式身份验证自动登陆或手动扫码登陆 | F54: 1. 查看HU登陆后的驾驶员中心首页 | G54: 1. 界面包含模块：个人信息展示、勋章博物馆、日期天气、事件通知、会员之家、任务专区、应用商城、账号设置 | H54: 1 | I54: 台架
A55: 48 | B55: 驾驶员中心（三端） | C55: 智慧ID需求规格书V0.3.doc/6.3.2 【车端】个人信息设置 | D55: F-车端个人信息设置_展示 | E55: 用户通过多模式身份验证自动登陆或手动扫码登陆 | F55: 1. 用户HU登陆驾驶员中心后，点击头像 2. 查看页面 | G55: 1. 进入个人信息设置页面 2. 页面包含：头像、昵称、生日、性别 | H55: 1 | I55: 台架
A56: 49 | B56: 驾驶员中心（三端） | C56: 智慧ID需求规格书V0.3.doc/6.3.2 【车端】个人信息设置 | D56: F-车端个人信息设置_头像设置 | E56: 用户通过多模式身份验证自动登陆或手动扫码登陆 | F56: 1. 用户HU登陆驾驶员中心后，点击头像 2. 设置头像 3. 选中任一头像，点击“取消” 4. 用户在APP端查看头像 5. 用户再次在驾驶员中心设置头像，确定更新 6. 用户在APP端查看头像 | G56: 1. 进入个人信息设置页面 2. 页面展示系统预设头像24个 3. 成功取消，仍然展示设置前的头像 4. 头像仍然展示设置前的头像 5. 成功设置，驾驶员中心首页头像同步更新 6. 头像成功同步更新到APP端 | H56: 1 | I56: 台架
A57: 50 | B57: 驾驶员中心（三端） | C57: 智慧ID需求规格书V0.3.doc/6.3.2 【车端】个人信息设置 | D57: F-车端个人信息设置_昵称设置 | E57: 用户通过多模式身份验证自动登陆或手动扫码登陆 | F57: 1. 用户HU登陆驾驶员中心后，点击头像 2. 设置用户昵称 3. 随意输入昵称，点击“取消” 4. 用户在APP端查看昵称 5. 用户再次在驾驶员中心设置昵称，确定更新 6. 用户在APP端查看昵称 | G57: 1. 进入个人信息设置页面 2. 弹出输入框弹窗？ 3. 成功取消，仍然展示设置前的昵称 4. 昵称仍然展示设置前的昵称 5. 成功设置，驾驶员中心首页昵称同步更新 6. 昵称成功同步更新到APP端 | H57: 1 | I57: 台架
A58: 51 | B58: 驾驶员中心（三端） | C58: 智慧ID需求规格书V0.3.doc/6.3.2 【车端】个人信息设置 | D58: F-车端个人信息设置_生日 | E58: 1. 用户通过多模式身份验证自动登陆或手动扫码登陆 2. 用户未设置生日 | F58: 1. 用户HU登陆驾驶员中心后，点击头像 2. 查看生日 3. 设置生日，点击“取消” 4. 用户在APP端查看生日 5. 用户再次在驾驶员中心设置生日，确定更新 6. 用户在APP端查看生日 | G58: 1. 进入个人信息设置页面 2. 默认显示？？ 3. 成功取消，仍然展示设置前的生日 4. 生日仍然展示设置前的生日 5. 成功设置 6. 生日成功同步更新到APP端 | H58: 1 | I58: 台架
A59: 52 | B59: 驾驶员中心（三端） | C59: 智慧ID需求规格书V0.3.doc/6.3.2 【车端】个人信息设置 | D59: F-车端个人信息设置_性别 | E59: 1. 用户通过多模式身份验证自动登陆或手动扫码登陆 2. 用户未设置性别 | F59: 1. 用户HU登陆驾驶员中心后，点击头像 2. 查看性别 3. 设置性别，点击“取消” 4. 用户在APP端查看性别 5. 用户再次在驾驶员中心设置性别，确定更新 6. 用户在APP端查看性别 | G59: 1. 进入个人信息设置页面 2. 默认显示？？ 3. 成功取消，仍然展示设置前的性别 4. 性别仍然展示设置前的性别 5. 成功设置 6. 性别成功同步更新到APP端 | H59: 1 | I59: 台架
A60: 53 | B60: 驾驶员中心（三端） | C60: 智慧ID需求规格书V0.3.doc/6.3.4 【车端】日期天气 | D60: F-车端日期天气_展示 | E60: 1. 用户通过多模式身份验证自动登陆或手动扫码登陆 2. 网络连接成功 | F60: 1. 查看驾驶员中心首页的天气模块 | G60: 1. 自动展示当前日期、星期、天气、温度 | H60: 1 | I60: 台架
A61: 54 | B61: 驾驶员中心（三端） | C61: 智慧ID需求规格书V0.3.doc/6.3.4 【车端】日期天气 | D61: S-车端日期天气_ 网络连接失败 | E61: 1. 用户通过多模式身份验证自动登陆或手动扫码登陆 2. 网络连接失败 | F61: 1. 查看驾驶员中心首页的天气模块 | G61: 1. 如何展示？ | H61: 1 | I61: 台架
A62: 55 | B62: 驾驶员中心（三端） | C62: 智慧ID需求规格书V0.3.doc/6.3.5 【车端】事件通知 | D62: F-车端事件通知_展示 | E62: 1. 用户通过多模式身份验证自动登陆或手动扫码登陆 2. 事件通知类型及播报策略云端已配置 3. 用户某些特定事件（如任务完成、勋章解锁等）已达成 | F62: 1. 查看驾驶员中心首页的事件通知模块 | G62: 1. 驾驶员中心通知播报将滚动展示用户已达成的特定事件 | H62: 1 | I62: 台架
A63: 56 | B63: 驾驶员中心（三端） | C63: 智慧ID需求规格书V0.3.doc/6.3.8 【车端】应用商城 | D63: F-车端应用商城_展示 | E63: 用户通过多模式身份验证自动登陆或手动扫码登陆 | F63: 1. 用户HU登陆驾驶员中心后，点击应用商城 | G63: 1. 成功进入应用商城 | H63: 1 | I63: 台架
A64: 57 | B64: 驾驶员中心（三端） | C64: 智慧ID需求规格书V0.3.doc/6.3.9 【车端】账号设置 | D64: F-车端账号设置_车主展示 | E64: 车主通过多模式身份验证自动登陆或手动扫码登陆 | F64: 1. HU登陆驾驶员中心后，点击账号设置 2. 查看界面展示 3. 查看车主的账号信息 4. 查看任一成员的账号信息 | G64: 1. 进入账号设置页面 2. 包括已存的1个车主+4个成员账号（最多4个成员） 3. 包含账号绑定、应用关联 4. 车主账号可以查看、修改成员账号绑定状态、应用关联状态 | H64: 1 | I64: 台架
A65: 58 | B65: 驾驶员中心（三端） | C65: 智慧ID需求规格书V0.3.doc/6.3.9 【车端】账号设置 | D65: F-车端账号设置_成员展示 | E65: 成员通过多模式身份验证自动登陆或手动扫码登陆 | F65: 1. HU登陆驾驶员中心后，点击账号设置 2. 查看界面展示 3. 查看账号信息 | G65: 1. 进入账号设置页面 2. 成员仅可查看自有账号，非自有账号不可见 3. 包含自有账号绑定、应用关联 | H65: 1 | I65: 台架
... A90: 83 | B90: 生态串联（车端） | C90: 智慧ID需求规格书V0.3.doc/7.3.3.2 引导用户绑定第三方生态账号 | D90: S-关联授权_引导用户绑定第三方生态账号_第三方应用内绑定 | E90: 1. 用户已有incall账号但该incall账号未绑定高德地图、酷我音乐、喜马拉雅（统称“第三方”） | F90: 1. 用户在第三方应用绑定incall账号 2. 用户（车主、成员）登录智慧ID产品，进入应用关联界面 3. 查看此应用的绑定情况 4. 用户在APP端、云端查看应用绑定情况 | G90: 1. 绑定成功 2. 成功进入页面 3. 完成解绑，【解除绑定】键改为【去绑定】键 4. 成功同步更新到APP端、云端 | H90: 1 | I90: 台架

Sheet 电源管理
A1: 总用例 | B1: 424 | C1: XXX零部件测试电源管理用例
A2: passed | B2: =COUNTIF(J:J,"=passed") -> 0
A3: failed | B3: =COUNTIF(J:J,"=failed") -> 0
A4: blocked | B4: =COUNTIF(J:J,"=blocked") -> 0
A5: N/A | B5: =COUNTIF(J:J,"=N/A") -> 0
A6: 项目名称：XXX | C6: 版本: | E6: 编制: | G6: 测试人员: | I6: 测试日期:
A7: 用例序号 | B7: 所属模块 | C7: 相关需求 | D7: 用例标题 | E7: 前置条件 | F7: 步骤 | G7: 预期 | H7: 优先级 | I7: 用例执行方式 | J7: 用例执行结果 | K7: DTM缺陷号
A8: 1 | B8: 电源管理 | C8: I261电源管理需求规格说明书-V1.4_1.1电源状态定义_1_batt_off（掉电状态) | D8: 掉常电时记忆系统设置内容 | E8: 1.车辆电源正常 | F8: 1. 在HU 中进入系统设置 2.更改系统语言为English 3.重启HU | G8: 1.HU系统语言为English | H8: 1 | I8: 台架
A9: 2 | B9: 电源管理 | C9: I261电源管理需求规格说明书-V1.4_1.1电源状态定义_1_batt_off（掉电状态) | D9: 掉常电时记忆车辆设置内容 | E9: 1.车辆电源正常 | F9: 1.车辆设置行车自动落锁打开 2.重启车辆系统 3.模拟车辆行驶 | G9: 1.车辆设置中行车自动落锁打开 2.车辆在行驶过程中自动落锁 | H9: 1 | I9: 仿真
A10: 3 | B10: 电源管理 | C10: I261电源管理需求规格说明书-V1.4_1.1电源状态定义_1_batt_off（掉电状态) | D10: 掉常电时系统文件保存正常 | E10: 1.车辆电源正常 | F10: 1.向车机文件系统存入MP3格式音乐文件 2.重启HU | G10: 1.MP3格式音乐文件正常，无损坏 | H10: 1 | I10: 台架
A11: 4 | B11: 电源管理 | C11: I261电源管理需求规格说明书-V1.4_1.1电源状态定义_1_batt_off（掉电状态) | D11: 掉常电时U盘中系统文件保存正常 | E11: 1.车辆电源正常 | F11: 1. 在U盘中存入各种格式文件若干 2. 将U盘插入HU的USB口 3.从HU 中读取U盘中的文件播放 4.重启HU 5.再次打开U盘中的文件播放 | G11: 1. 系统能正常识别U盘 2. U盘中的文件播放正常，无损坏 | H11: 1
A12: 5 | B12: 电源管理 | C12: I261电源管理需求规格说明书-V1.4_1.1电源状态定义_1_batt_off（掉电状态) | D12: 掉常电时丢失系统时间后自动重新获取 | E12: 1.车辆电源正常 | F12: 1. 断掉车上电源，使系统时间掉电丢失 2. 连接电源 | G12: 1. 车辆电源连接上1MIN 内重新获取系统时间并且正常显示 | H12: 1
A13: 6 | B13: 电源管理 | C13: I261电源管理需求规格说明书-V1.4_1.1电源状态定义_1_batt_off（掉电状态) | D13: 掉常电时丢失系统时间后获取到新的时间前系统不显示时间 | E13: 1.车辆电源正常 2.车辆网络环境为无网络 | F13: 1. 断掉车上电源，使系统时间掉电丢失 2.连接电源 3.恢复车辆网络环境为正常 | G13: 1. 在重新获取到系统时间之前，系统不显示时间 2.在车辆网络环境恢复正常后重新获取系统时间并显示 | H13: 1
A14: 7 | B14: 电源管理 | C14: I261电源管理需求规格说明书-V1.4_1.1电源状态定义_1_batt_off（掉电状态) | D14: 掉常电时丢失系统时间后获取到新的时间前开机界面不显示时间 | E14: 1.车辆电源正常 2.车辆网络环境为无网络 | F14: 1. 断掉车上电源，使系统时间掉电丢失 2.连接电源，重启系统 | G14: 1. 开机欢迎界面不显示时间 | H14: 2
A15: 8 | B15: 电源管理 | C15: I261电源管理需求规格说明书-V1.4_1.1电源状态定义_1_batt_off（掉电状态) | D15: reset时记忆系统设置内容 | E15: 1.车辆电源连接状态正常 | F15: 1.车辆文件系统中存入若干文件 2.设置车辆电源电压为reset电压（2.767V-2.833V ） 3.恢复车辆电源电压 | G15: 1. 车辆文件系统中保存的文件无损坏，可正常播放 | H15: 2
A16: 9 | B16: 电源管理 | C16: I261电源管理需求规格说明书-V1.4_1.1电源状态定义_1_batt_off（掉电状态) | D16: reset时记忆系统设置内容 | E16: 1.车辆电源连接状态正常 | F16: 1.U盘中存入若干文件，并且插入USB 口 2.设置车辆电源电压为reset电压（2.767V-2.833V ） 3.恢复车辆电源电压 | G16: 1. U盘中保存的文件无损坏，可正常读取播放 | H16: 2
A17: 10 | B17: 电源管理 | C17: I261电源管理需求规格说明书-V1.4_1.1电源状态定义_1_batt_off（掉电状态) | D17: reset时记忆系统设置内容 | E17: 1.车辆电源正常 | F17: 1. 在HU 中进入系统设置 2.更改系统语言为English 3.设置车辆电源电压为reset电压（2.767V-2.833V ） 3.恢复车辆电源电压 | G17: 1.HU系统语言为English | H17: 2
A18: 11 | B18: 电源管理 | C18: I261电源管理需求规格说明书-V1.4_1.1电源状态定义_1_batt_off（掉电状态) | D18: reset时记忆车辆设置内容 | E18: 1.车辆电源正常 | F18: 1. 在HU 中进入车辆设置 2.打开车辆行驶自动落锁开关 3.设置车辆电源电压为reset电压（2.767V-2.833V ） 3.恢复车辆电源电压 | G18: 1.车辆设置中行车自动落锁打开 2.车辆在行驶过程中自动落锁 | H18: 2
A19: 12 | B19: 电源管理 | C19: I261电源管理需求规格说明书-V1.4_1.1电源状态定义_2_power on mode（全工作状态) | D19: 系统可响应方控 | E19: 1.车辆电源进入Power on 状态 2.迎宾动画播放完毕，显示屏显示工作界面 | F19: 1.按下方控上任意按钮 | G19: 1.车辆响应完成方控按钮对应操作 | H19: 1
A20: 13 | B20: 电源管理 | C20: I261电源管理需求规格说明书-V1.4_1.1电源状态定义_2_power on mode（全工作状态) | D20: 系统可响应车辆按键 | E20: 1.车辆电源进入Power on 状态 2.迎宾动画播放完毕，显示屏显示工作界面 | F20: 1.按下车辆任意操作按键 | G20: 1.车辆响应完成按键对应操作 | H20: 1
A21: 14 | B21: 电源管理 | C21: I261电源管理需求规格说明书-V1.4_1.1电源状态定义_2_power on mode（全工作状态) | D21: 系统可响应车辆HU触摸操作 | E21: 1.车辆电源进入Power on 状态 2.迎宾动画播放完毕，显示屏显示工作界面 | F21: 1.触点车辆HU 屏幕上任意位置（操作） | G21: 1.车辆响应完成触点相应操作 | H21: 1
A22: 15 | B22: 电源管理 | C22: I261电源管理需求规格说明书-V1.4_1.1电源状态定义_2_power on mode（全工作状态) | D22: 系统可正常播放音乐 | E22: 1.车辆电源进入Power on 状态 2.迎宾动画播放完毕，显示屏显示工作界面 | F22: 1.打开车辆音乐播放系统 2.选择音乐开始播放 | G22: 1.车辆能正常播放音乐并且无卡顿，播放正常 | H22: 1
... A335: 328 | B335: TBOX_电源管理逻辑 | C335: 电源管理逻辑 | D335: 执行sendtocar之后能进入睡眠 | E335: tbox唤醒 | F335: 1、在APP下发send2car指令； 2、THU收到位置信息后立即禁止一切唤醒源； | G335: 1、HU收到gps数据后，倒计时8s,自动进入导航（或者按hu取消按键，结束导航）； 2、THU能进入长连接/待机/休眠状态，打印无异常； | H335: 3
A336: 329 | B336: 电源系统监控 | C336: 电源系统监控功能定义文件V1.6 6.4 需求B12-01.00.00-4 暗电流监控 | D336: 车辆暗电流过流信号大数据上报（过流计数值1，过流唤醒电流值1mA，过流唤醒SOC值1%） | E336: 1.车辆电源正常 2.整车ON档 | F336: 1.模拟发送报文ID 5F4 :00 01 00 01 01 00 00 00 | G336: 1.云端成功收到控制器上报的车辆电源状态 2.App端收到提示过流异常 | H336: 2 | I336: 仿真
A337: 330 | B337: 电源系统监控 | C337: 电源系统监控功能定义文件V1.6 6.4 需求B12-01.00.00-4 暗电流监控 | D337: 车辆暗电流过流信号大数据上报（过流计数值1，过流唤醒电流值50mA，过流唤醒SOC值50%） | E337: 1.车辆电源正常 2.整车ON档 | F337: 1.模拟发送报文ID 5F4 :00 01 00 32 32 00 00 00 | G337: 1.云端成功收到控制器上报的车辆电源状态 2.App端收到提示过流异常 | H337: 2 | I337: 仿真
A338: 331 | B338: 电源系统监控 | C338: 电源系统监控功能定义文件V1.6 6.4 需求B12-01.00.00-4 暗电流监控 | D338: 车辆暗电流过流信号大数据上报（过流计数值1，过流唤醒电流值100mA，过流唤醒SOC值100%） | E338: 1.车辆电源正常 2.整车ON档 | F338: 1.模拟发送报文ID 5F4 :00 01 00 64 64 00 00 00 | G338: 1.云端成功收到控制器上报的车辆电源状态 2.App端收到提示过流异常 | H338: 2 | I338: 仿真
A339: 332 | B339: 电源系统监控 | C339: 电源系统监控功能定义文件V1.6 6.4 需求B12-01.00.00-4 暗电流监控 | D339: 车辆暗电流过流信号大数据上报（过流计数值1，过流唤醒电流值65535mA，过流唤醒SOC值100%） | E339: 1.车辆电源正常 2.整车ON档 | F339: 1.模拟发送报文ID 5F4 :00 01 FF FF 64 00 00 00 | G339: 1.云端成功收到控制器上报的车辆电源状态 2.App端收到提示过流异常 | H339: 2 | I339: 仿真
A340: 333 | B340: 电源系统监控 | C340: 电源系统监控功能定义文件V1.6 6.4 需求B12-01.00.00-4 暗电流监控 | D340: 车辆暗电流过流信号大数据上报（过流计数值65535，过流唤醒电流值65535mA，过流唤醒SOC值100%） | E340: 1.车辆电源正常 2.整车ON档 | F340: 1.模拟发送报文ID 5F4 :FF FF FF FF 64 00 00 00 | G340: 1.云端成功收到控制器上报的车辆电源状态 2.App端收到提示过流异常 | H340: 2 | I340: 仿真
A341: 334 | B341: 电源系统监控 | C341: 电源系统监控功能定义文件V1.6 6.4 需求B12-01.00.00-4 暗电流监控 | D341: 车辆暗电流过流信号大数据上报（过流计数值1，过流唤醒电流值1mA，过流唤醒SOC值1%） | E341: 1.车辆电源正常 2.整车ON档 | F341: 1.模拟发送报文ID 5F4 :FF FF FF FF 64 00 00 00 | G341: 1.云端成功收到控制器上报的车辆电源状态 2.App端收到提示过流异常 | H341: 2 | I341: 仿真
A342: 335 | B342: 电源系统监控 | C342: 电源系统监控功能定义文件V1.6 6.4 需求B12-01.00.00-4 暗电流监控 | D342: 车辆暗电流过流信号大数据上报（过流计数值25600，过流唤醒电流值25600mA，过流唤醒SOC值50%） | E342: 1.车辆电源正常 2.整车ON档 | F342: 1.模拟发送报文ID 5F4 :64 00 64 00 64 00 00 00 | G342: 1.云端成功收到控制器上报的车辆电源状态 2.App端收到提示过流异常 | H342: 2 | I342: 仿真
A343: 336 | B343: 电源系统监控 | C343: 电源系统监控功能定义文件V1.6 6.5 需求B12-01.00.00-4 SOC监控 | D343: 车辆低SOC唤醒大数据上报（低电量唤醒事件计数值1，低电量唤醒SOC值1） | E343: 1.车辆电源正常 2.整车ON档 | F343: 1.模拟发送报文ID 5F4 :00 00 00 00 00 00 01 01 | G343: 1.云端成功收到控制器上报的车辆电源状态 2.App端收到提示SOC低异常 | H343: 2 | I343: 仿真
A344: 337 | B344: 电源系统监控 | C344: 电源系统监控功能定义文件V1.6 6.5 需求B12-01.00.00-4 SOC监控 | D344: 车辆低SOC唤醒大数据上报（低电量唤醒事件计数值0，低电量唤醒SOC值100%） | E344: 1.车辆电源正常 2.整车ON档 | F344: 1.模拟发送报文ID 5F4 :00 00 00 00 00 00 01 64 | G344: 1.云端成功收到控制器上报的车辆电源状态 2.App端收到提示SOC低异常 | H344: 2 | I344: 仿真
A345: 338 | B345: 电源系统监控 | C345: 电源系统监控功能定义文件V1.6 6.5 需求B12-01.00.00-4 SOC监控 | D345: 车辆低SOC唤醒大数据上报（低电量唤醒事件计数值65535，低电量唤醒SOC值100%） | E345: 1.车辆电源正常 2.整车ON档 | F345: 1.模拟发送报文ID 5F4 :00 00 00 00 00 FF FF 64 | G345: 1.云端成功收到控制器上报的车辆电源状态 2.App端收到提示SOC低异常 | H345: 2 | I345: 仿真
A346: 339 | B346: 电源系统监控 | C346: 电源系统监控功能定义文件V1.6 6.5 需求B12-01.00.00-4 SOC监控 | D346: 车辆低SOC唤醒大数据上报（低电量唤醒事件计数值1，低电量唤醒SOC值100%） | E346: 1.车辆电源正常 2.整车ON档 | F346: 1.模拟发送报文ID 5F4 :00 00 00 00 00 00 01 64 | G346: 1.云端成功收到控制器上报的车辆电源状态 2.App端收到提示SOC低异常 | H346: 2 | I346: 仿真
A347: 340 | B347: 电源系统监控 | C347: 电源系统监控功能定义文件V1.6 6.5 需求B12-01.00.00-4 SOC监控 | D347: 车辆低SOC唤醒大数据上报（低电量唤醒事件计数值255，低电量唤醒SOC值50%） | E347: 1.车辆电源正常 2.整车ON档 | F347: 1.模拟发送报文ID 5F4 :00 00 00 00 00 00 FF 32 | G347: 1.云端成功收到控制器上报的车辆电源状态 2.App端收到提示SOC低异常 | H347: 2 | I347: 仿真
... A411: 404 | B411: 电源系统监控 | C411: 电源系统监控功能定义文件V1.6 6.8 需求B12-01.00.00-8 大数据上传 | D411: 蓄电池传感器电流状态信号3 | E411: 1.车辆电源正常 2.整车ON档 | F411: 1.模拟发送报文ID 3E7 :00 00 00 00 00 00 C0 00 | G411: 1.云端成功收到控制器上报的车辆电源状态 | H411: 2 | I411: 仿真
A412: 405 | B412: 电源管理 | C412: I261电源管理需求规格说明书-V1.5_电源状态迁移图 | D412: 工作模式进入待机模式 | E412: 车辆ACC ON | F412: 1.长按车机物理电源按键1.5S | G412: 车机进入待机状态 | H412: 1
A413: 406 | B413: 电源管理 | C413: I261电源管理需求规格说明书-V1.5_电源状态迁移图 | D413: 工作模式进入延时工作模式 | E413: 车辆ACC ON | F413: 1.切换ACC ON 状态至ACC OFF | G413: 车机进入延时工作状态，弹框提示 | H413: 1
A414: 407 | B414: 电源管理 | C414: I261电源管理需求规格说明书-V1.5_电源状态迁移图 | D414: 工作模式进入延时工作模式 | E414: 1.车机电源连接正常 2.ACC OFF 状态 3.车门上锁 | F414: 1.模拟发送车门解锁信号：ID 298 BCM_DriverDoorLockStatus = 0X1 2.模拟发送驾驶侧车门开信号：BCM_DriverDoorStatus = 0x1 3.模拟发送驾驶侧车门关信号：BCM_DriverDoorStatus = 0x0 4.迎宾动画后点击屏幕 | G414: 车机进入延时工作状态，弹框提示 | H414: 1
A415: 408 | B415: 电源管理 | C415: I261电源管理需求规格说明书-V1.5_电源状态迁移图 | D415: 待机状态进入半工作状态 | E415: 1.车辆处于待机状态 | F415: 1.等待7分钟 | G415: 车辆进入半工作状态（送宾），开始播放送宾动画 | H415: 1
A416: 409 | B416: 电源管理 | C416: I261电源管理需求规格说明书-V1.5_电源状态迁移图 | D416: 待机状态进入工作模式 | E416: 1.整车电源ACC ON 2.车机处于待机模式 | F416: 1.长按车机物理电源按键1.5S | G416: 车辆进入工作状态 | H416: 1
A417: 410 | B417: 电源管理 | C417: I261电源管理需求规格说明书-V1.5_电源状态迁移图 | D417: 待机状态进入工作模式 | E417: 1.整车电源ACC OFF 2.车机处于待机模式 | F417: 1.车辆电源由ACC OFF 切换至ACC ON | G417: 车辆进入工作状态 | H417: 1
A418: 411 | B418: 电源管理 | C418: I261电源管理需求规格说明书-V1.5_电源状态迁移图 | D418: 延时工作状态进入待机状态 | E418: 1.迎宾后整车未上电 | F418: 1.模拟发送车门解锁信号：ID 298 BCM_DriverDoorLockStatus = 0X1 2.模拟发送驾驶侧车门开信号：BCM_DriverDoorStatus = 0x1 3.模拟发送驾驶侧车门关信号：BCM_DriverDoorStatus = 0x0 4.迎宾动画播放完成后等待3分钟 | G418: 车机进入待机状态 | H418: 1
A419: 412 | B419: 电源管理 | C419: I261电源管理需求规格说明书-V1.5_电源状态迁移图 | D419: 延时工作状态进入半工作状态 | E419: 1.车辆ACC ON 2.车机处于工作状态 | F419: 1.ACC ON 到ACC OFF 2.驾驶侧/副驾驶侧门开信号由关到开 | G419: 车辆进入半工作状态，开始播放送宾动画 | H419: 1
A420: 413 | B420: 电源管理 | C420: I261电源管理需求规格说明书-V1.5_电源状态迁移图 | D420: 延时工作状态进入半工作状态 | E420: 1.车辆ACC ON 2.车机处于工作状态 | F420: 1.驾驶侧/副驾驶侧门开信号由关到开 2.ACC ON 到ACC OFF | G420: 车辆进入半工作状态，开始播放送宾动画 | H420: 1
A421: 414 | B421: 电源管理 | C421: I261电源管理需求规格说明书-V1.5_电源状态迁移图 | D421: 延时工作状态进入半工作状态 | E421: 1.车辆ACC ON 2.车机处于工作状态 | F421: 1.ACC ON 到ACC OFF 2.工作满10 分钟 | G421: 1.进入延时工作状态时弹窗提示 2.延时工作满10分钟后进入半工作状态，开始播放送宾动画 | H421: 1
A422: 415 | B422: 电源管理 | C422: I261电源管理需求规格说明书-V1.5_电源状态迁移图 | D422: 延时工作状态进入半工作状态 | E422: 1.车辆ACC OFF 2.车机处于延时工作状态 | F422: 1.在车内使用遥控钥匙闭锁 | G422: 1.进入半工作状态，开始播放送宾动画 | H422: 1
A423: 416 | B423: 电源管理 | C423: I261电源管理需求规格说明书-V1.5_电源状态迁移图 | D423: 延时工作状态进入半工作状态 | E423: 1.车辆ACC OFF 2.车机处于延时工作状态 | F423: 1.在车内使用手机APP闭锁 | G423: 1.进入半工作状态，开始播放送宾动画 | H423: 1
... A431: 424 | B431: 电源管理 | C431: I261电源管理需求规格说明书-V1.5_电源状态迁移图 | D431: 掉电状态进入假关机状态 | E431: 1.车辆处于休眠状态 | F431: 1.远程解锁 | G431: 1.车机进入假关机状态，车辆远程解锁成功 | H431: 1

Sheet 4G专项
A1: 总用例 | B1: 723 | C1: XXX零部件测试4G专项用例
A2: passed | B2: =COUNTIF(J:J,"=passed") -> 0
A3: failed | B3: =COUNTIF(J:J,"=failed") -> 0
A4: blocked | B4: =COUNTIF(J:J,"=blocked") -> 0
A5: N/A | B5: =COUNTIF(J:J,"=N/A") -> 0
A6: 项目名称：XXX | C6: 版本: | E6: 编制:成鹏 | G6: 测试人员: | I6: 测试日期:
A7: 用例序号 | B7: 所属模块 | C7: 相关需求 | D7: 用例标题 | E7: 前置条件 | F7: 步骤 | G7: 预期 | H7: 优先级 | I7: 用例执行方式 | J7: 用例执行结果 | K7: DTM缺陷号
A8: 1 | B8: 4G | D8: TBOX登录后台 | E8: tbox唤醒 | F8: 1.启动车机，查看tsp上报信息 | G8: 1.tsp收到sid=5，mid=200的登录信息 | H8: 1 | I8: 台架
A9: 2 | B9: 远程车门解闭锁 | C9: TBOX量产功能文档20200426 | D9: 指令到达tbox时间>3min（TBD），tbox反馈app“指令执行超时，不予执行” | E9: tbox唤醒 | F9: 1、设置tbox时间大于本地系统时间3min：date -s yyyy-mm-dd； 2、手机APP点击远程解锁； | G9: 1、tbox反馈app“指令执行超时，不予执行”； | H9: 1 | I9: 台架
A10: 3 | B10: 远程车门解闭锁 | C10: TBOX量产功能文档20200426 | D10: 电源档位为ACC时解锁 | E10: tbox唤醒 | F10: 1、can工具仿真发送电源状态BCM_PowerStatusFeedback=ACC，驾驶侧门锁BCM_DriverDoorLockStatus=Lock； 2、手机APP点击远程解锁。 | G10: 1、LOG打印错误码“电源档位不为OFF档”，手机APP提示“整车电源未关闭”,Tbox不能发出指令对应的can信号； | H10: 1 | I10: 仿真
A11: 4 | B11: 远程车门解闭锁 | C11: TBOX量产功能文档20200426 | D11: 电源档位为START时解锁 | E11: tbox唤醒 | F11: 1、can工具仿真发送电源状态START，驾驶侧门锁状态为闭锁。 2、手机APP点击远程解锁。 | G11: 1、LOG打印错误码“电源档位不为OFF档”，手机APP提示“整车电源未关闭”,Tbox不能发出指令对应的can信号； | H11: 1 | I11: 仿真
A12: 5 | B12: 远程车门解闭锁 | C12: TBOX量产功能文档20200426 | D12: 电源ON档，非远程启动时解锁 | E12: tbox唤醒 | F12: 1、can工具仿真发送电源状态BCM_PowerStatusFeedback=ON，驾驶侧门锁闭锁BCM_DriverDoorLockStatus=Lock，非远程启动PEPS_RemoteStartReq=not Remote Start； 2、手机APP点击远程解锁。 | G12: 1、LOG打印错误码“电源档位不为OFF档”，手机APP提示“整车电源未关闭”,Tbox不能发出指令对应的can信号； | H12: 1 | I12: 仿真
A13: 6 | B13: 远程车门解闭锁 | C13: TBOX量产功能文档20200426 | D13: 电源ON档，已远程启动时解锁 | E13: tbox唤醒 | F13: 1、can工具仿真发送电源状态BCM_PowerStatusFeedback=ON，驾驶侧门锁闭锁BCM_DriverDoorLockStatus=Lock，已远程启动PEPS_RemoteStartReq=Remote Start； 2、手机APP点击远程解锁。 3、30s内BCM仿真发送can信号BCM_RmoteUnLockFeedback=成功； | G13: 1、tbox发出can信号TBOX_LockCommand=Remote Unlock； 2、手机APP提示“执行成功”； | H13: 1 | I13: 仿真
A14: 7 | B14: 远程车门解闭锁 | C14: TBOX量产功能文档20200426 | D14: 电源ON档，已远程启动时热保护状态下解锁 | E14: tbox唤醒 | F14: 1、can工具仿真发送电源状态BCM_PowerStatusFeedback=ON，驾驶侧门锁闭锁BCM_DriverDoorLockStatus=Lock，已远程启动PEPS_RemoteStartReq=Remote Start； 2、10s内完成10次以上解锁和闭锁操作（可先手动解闭锁，最后再车控解锁） 3、手机APP点击远程解锁。 | G14: 1、LOG打印错误码“车辆处于保护状态”，手机APP提示“连续解闭锁次数过多，车锁电机处于热保护状态，请勿重复操作。”,Tbox不能发出指令对应的can信号； | H14: 1 | I14: 仿真
A15: 8 | B15: 远程车门解闭锁 | C15: TBOX量产功能文档20200426 | D15: 电源ON档，已远程启动时网络信号差状态下解锁 | E15: tbox唤醒 | F15: 1、can工具仿真发送电源状态BCM_PowerStatusFeedback=ON，驾驶侧门锁闭锁BCM_DriverDoorLockStatus=Lock，已远程启动PEPS_RemoteStartReq=Remote Start； 2、屏蔽HU网络信号 3、手机APP点击远程解锁。 | G15: 1、若超时，LOG打印错误码“指令已超时，不予执行”，手机APP提示“‘网络超时’：请确认手机和车辆网络环境是否良好，如问题仍无法解决，请咨询长安授权服务网点”,Tbox不能发出指令对应的can信号； | H15: 1 | I15: 仿真
A16: 9 | B16: 远程车门解闭锁 | C16: TBOX量产功能文档20200426 | D16: 电源ON档，已远程启动时已解锁状态下解锁 | E16: tbox唤醒 | F16: 1、can工具仿真发送电源状态BCM_PowerStatusFeedback=ON，驾驶侧门锁闭锁BCM_DriverDoorLockStatus=Lock，已远程启动PEPS_RemoteStartReq=Remote Start； 2、can工具仿真发送驾驶侧门锁状态为解锁。 3、手机APP点击远程解锁。 | G16: 1、LOG打印错误码“车辆已处于解锁状态”,Tbox不能发出指令对应的can信号； | H16: 1 | I16: 仿真
A17: 10 | B17: 远程车门解闭锁 | C17: TBOX量产功能文档20200426 | D17: 电源ON档，已远程启动时控制器响应超时解锁 | E17: tbox唤醒 | F17: 1、can工具仿真发送电源状态BCM_PowerStatusFeedback=ON，驾驶侧门锁闭锁BCM_DriverDoorLockStatus=Lock，已远程启动PEPS_RemoteStartReq=Remote Start； 2、手机APP点击远程解锁。 3、30s后BCM仿真发送can信号BCM_RmoteUnLockFeedback=成功； | G17: 1、tbox反馈app“控制器响应超时”； | H17: 1 | I17: 仿真
A18: 11 | B18: 远程车门解闭锁 | C18: TBOX量产功能文档20200426 | D18: 电源档位为OFF，tbox睡眠时远程解锁 | E18: tbox睡眠 | F18: 1、can工具仿真发送电源状态BCM_PowerStatusFeedback=OFF，驾驶侧门锁状态为闭锁； 2、禁止一切唤醒源让tbox进入长连接/待机模式； 3、手机APP点击远程解锁； 4、30s内BCM仿真发送can信号BCM_RmoteUnLockFeedback=成功； | G18: 3、tbox被唤醒（有can报文发出，有日志正常运行），然后发出can信号TBOX_LockCommand=Remote Unlock； 4、手机APP提示“执行成功”； | H18: 1 | I18: 仿真
A19: 12 | B19: 远程车门解闭锁 | C19: TBOX量产功能文档20200426 | D19: 电源档位为OFF，tbox睡眠时远程解锁 | E19: tbox睡眠 | F19: 1、电源OFF档； 2、关闭车门，并闭锁； 3、手机APP点击远程解锁。 4、30s内BCM仿真发送can信号BCM_RmoteUnLockFeedback=成功； | G19: 3、tbox发出can信号TBOX_LockCommand=Remote Unlock； 4、手机APP提示“执行成功”； | H19: 1 | I19: 仿真
A20: 13 | B20: 远程车门解闭锁 | C20: TBOX量产功能文档20200426 | D20: 电源档位为OFF，tbox唤醒时远程解锁 | E20: tbox唤醒 | F20: 1、can工具仿真发送电源状态BCM_PowerStatusFeedback=OFF，驾驶侧门锁状态为闭锁； 2、手机APP点击远程解锁； 3、30s内BCM仿真发送can信号BCM_RmoteUnLockFeedback=成功； | G20: 3、TBOX发出can信号TBOX_LockCommand=Remote Unlock； 4、手机APP提示“执行成功”； | H20: 1 | I20: 仿真
... A321: 314 | B321: 远程座椅加热 | C321: 6.1远程座椅加热/通风-关闭右前座椅通风 | D321: 远程关闭右前座椅通风指令到达tbox延时>5min（TBD） | E321: tbox唤醒 | F321: 1、设置tbox时间大于本地系统时间5min：date -s yyyy-mm-dd； 2、手机APP点击远程关闭右前座椅通风。 | G321: 2、tbox反馈app“指令执行超时，不予执行”； | H321: 1 | I321: 仿真
A322: 315 | B322: 远程控制空调 | C322: TBOX量产功能文档20200426 | D322: 电源档位为OFF，tbox睡眠时远程开空调 | E322: tbox唤醒 | F322: 1、can工具仿真发送电源状态BCM_PowerStatusFeedback=OFF 2、禁止一切唤醒源让tbox进入长连接/待机模式 3、手机APP点击开启空调 4、5s内仿真PEPS_RemoteStartFeedback=启动成功 | G322: 3、tbox被唤醒（有can报文发出，有日志正常运行）,TBOX收到远程启动空调指令（看log），TBOX发出报文TBOX_RemoteEngineStartupReq=0x1、TBOX_RemoteStartRunTime和TBOX_ACTempValueReq连续发送3帧信号后恢复默认值 4、TBOX将空调/空气净化状态置为“开”，app提示开启成功 | I322: 仿真
A323: 316 | B323: 远程控制空调 | C323: TBOX量产功能文档20200426 | D323: 电源档位为OFF，tbox未睡眠时远程启动空调 | E323: tbox唤醒 | F323: 1、can工具仿真发送电源状态BCM_PowerStatusFeedback=OFF 2、手机APP点击开启空调 3、5s内仿真PEPS_RemoteStartFeedback=启动成功 | G323: 2、TBOX收到远程启动空调指令（看log），TBOX发出报文TBOX_RemoteEngineStartupReq=0x1、TBOX_RemoteStartRunTime和TBOX_ACTempValueReq连续发送3帧信号后恢复默认值 3、TBOX将空调/空气净化状态置为“开”，app提示开启成功 | I323: 仿真
A324: 317 | B324: 远程控制空调 | C324: TBOX量产功能文档20200426 | D324: 电源档位为ACC档时远程启动空调 | E324: tbox唤醒 | F324: 1、BCM_PowerStatusFeedback=ACC 2、手机APP发送远程启动空调指令请求 | G324: 2、手机收到反馈“非OFF档”，tbox发送对应的错误给tsp（看log）,Tbox不能发出指令对应的can信号 | I324: 仿真
A325: 318 | B325: 远程控制空调 | C325: TBOX量产功能文档20200426 | D325: 电源档位为Start档时远程启动空调 | E325: tbox唤醒 | F325: 1、BCM_PowerStatusFeedback=start 2、手机APP发送远程启动空调指令请求 | G325: 2、手机收到反馈“非OFF档”，tbox发送对应的错误给tsp（看log）,Tbox不能发出指令对应的can信号 | I325: 仿真
A326: 319 | B326: 远程控制空调 | C326: TBOX量产功能文档20200426 | D326: 电源档位on档&PEPS_RemoteStartReq远程启动时，远程启动空调 | E326: tbox唤醒 | F326: 1、BCM_PowerStatusFeedback=ON，PEPS_RemoteStartReq= Remote Start 2、手机APP发送远程启动空调指令请求 | G326: 2.1、tbox发出TBOX_RemoteStartRunTime(tsp下发的运行时间)、TBOX_ACTempValueReq(tsp下发的温度)连续发送3帧信号后恢复默认值 2.2、TBOX将空调/空气净化状态置为“开”，app提示开启成功 | I326: 仿真
A327: 320 | B327: 远程控制空调 | C327: TBOX量产功能文档20200426 | D327: 电源档位on档&PEPS_RemoteStartReq非远程启动&发动机未开时，远程启动空调 | E327: tbox唤醒 | F327: 1、BCM_PowerStatusFeedback=ON，PEPS_RemoteStartReq=Not Remote Start，EMS_EngineStatus!=Running 2、手机APP发送远程启动空调指令请求 | G327: 2、手机收到反馈“非OFF档”，tbox发送对应的错误给tsp（看log）,Tbox不能发出指令对应的can信号 | I327: 仿真
A328: 321 | B328: 远程控制空调 | C328: TBOX量产功能文档20200426 | D328: 电源档位on档&PEPS_RemoteStartReq非远程启动&发动机开启时，远程启动空调 | E328: tbox唤醒 | F328: 1、BCM_PowerStatusFeedback=ON，PEPS_RemoteStartReq=Not Remote Start，EMS_EngineStatus=Running 2、手机APP发送远程启动空调指令请求 | G328: 2、手机收到反馈“非远程启动状态”，tbox发送对应的错误给tsp（看log）,Tbox不能发出指令对应的can信号 | I328: 仿真
A329: 322 | B329: 远程控制空调 | C329: TBOX量产功能文档20200426 | D329: 空调远程启动反馈启动失败&方向盘加热、空气净化、座椅加热/通风均关闭 | E329: tbox唤醒 | F329: 1、仿真电源档位off（或者电源档位on&&远程启动） 2、手机APP发送远程启动空调指令请求 3、5s内仿真PEPS_RemoteStartFeedback=启动成功（电源on档无此步骤） 4、5s内仿真AC_RemoteStartFeedback!=1 5、仿真方向盘加热、空气净化、座椅加热/通风均关闭 | G329: 2、TBOX收到远程启动空调指令（看log），TBOX发出报文TBOX_RemoteEngineStartupReq=0x1连续发送3帧信号后恢复默认值 3、tbox发出TBOX_RemoteACStartupReq=AC Start，TBOX_RemoteStartRunTime(tsp下发的运行时间)连续发送3帧信号后恢复默认值、TBOX_ACTempValueReq(tsp下发的温度) 5、TBOX发送TBOX_RemoteEngineStartupReq = 0x2关闭发动机 | I329: 仿真
A330: 323 | B330: 远程控制空调 | C330: TBOX量产功能文档20200426 | D330: 空调远程启动反馈启动失败&方向盘加热、空气净化、座椅加热/通风不全关闭 | E330: tbox唤醒 | F330: 1、仿真电源档位off（或者电源档位on&&远程启动） 2、手机APP发送远程启动空调指令请求 3、5s内仿真PEPS_RemoteStartFeedback=启动成功（电源on档无此步骤） 4、5s内仿真AC_RemoteStartFeedback!=1 5、仿真方向盘加热、空气净化、座椅加热/通风不全关闭 | G330: 2、TBOX收到远程启动空调指令（看log），TBOX发出报文TBOX_RemoteEngineStartupReq=0x1连续发送3帧信号后恢复默认值 3、tbox发出TBOX_RemoteACStartupReq=AC Start，TBOX_RemoteStartRunTime(tsp下发的运行时间)连续发送3帧信号后恢复默认值、TBOX_ACTempValueReq(tsp下发的温度) 5、结束流程，反馈错误码“控制器响应超时” | I330: 仿真
A331: 324 | B331: 远程控制空调 | C331: TBOX量产功能文档20200426 | D331: 发送开启空调指令至车辆后，BCM控制器响应超时 | E331: tbox唤醒 | F331: 1、仿真发送BCM_PowerStatusFeedback=OFF档 2、点击APP启动空调指令 3、5s后仿真PEPS_RemoteStartFeedback=启动成功 | G331: 3、Tbox能发出指令对应的can信号，5s后tbox反馈app“控制器响应超时” | I331: 仿真
A332: 325 | B332: 远程控制空调 | C332: TBOX量产功能文档20200426 | D332: 网络信号差时发送远程启动空调 | E332: tbox唤醒 | F332: 1、BCM_PowerStatusFeedback=OFF 2、进入屏蔽线或者网络信号差的地方 3、手机APP发送远程启动空调指令请求 | G332: 3、若3min内APP未收到返回结果，提示“车辆不在服务区” | I332: 仿真
A333: 326 | B333: 远程控制空调 | C333: TBOX量产功能文档20200426 | D333: 启动空调指令到达tbox延时>5min（TBD） | E333: tbox唤醒 | F333: 1、设置tbox时间大于本地系统时间3min：date -s yyyy-mm-dd 2、手机APP发送远程启动空调指令请求 | G333: 2、tbox反馈app“指令执行超时，不予执行” | I333: 仿真
... A730: 723 | B730: 远程车况诊断 | C730: TBOX量产功能文档20200426 | D730: 车辆OFF状态tbox睡眠时制造故障 | E730: tbox唤醒 | F730: 1、禁止一切唤醒源，使tbox分别进入长连接、待机、和休眠模式下，仿真发送车辆故障持续时间>5s。 2、手机app获取诊断信息。 | G730: 1、TBOX被唤醒，但LOG不会打印上报诊断信息给tsp后台； 2、手机APP获取到的诊断信息是最后一次有效的诊断信息； | I730: 仿真测试

Sheet 语音专项(在线)
A1: 总用例 | B1: 341 | C1: XXX零部件测试语音(在线)专项用例
A2: passed | B2: =COUNTIF(J:J,"=passed") -> 9
A3: failed | B3: =COUNTIF(J:J,"=failed") -> 16
A4: blocked | B4: =COUNTIF(J:J,"=blocked") -> 22
A5: N/A | B5: =COUNTIF(J:J,"=N/A") -> 26
A6: 项目名称：XXX | C6: 版本: | E6: 编制:成鹏 | G6: 测试人员: | I6: 测试日期:
A7: 用例序号 | B7: 所属模块 | C7: 相关需求 | D7: 用例标题 | E7: 前置条件 | F7: 步骤 | G7: 预期 | H7: 优先级 | I7: 用例执行方式 | J7: 用例执行结果 | K7: DTM缺陷号
A8: 1 | B8: 语音-基本功能 | C8: 语音控制和语料 | D8: F-车机刚启动时通过语音按键启动语音 | E8: 1.车机正常使用状态下 | F8: 1. 按压语音按键 | G8: 1.语音显示加载页面，加载完成后显示语音录音界面 | H8: 2 | I8: 台架 | J8: blocked | K8: 无方控
A9: 2 | B9: 语音-基本功能 | C9: 语音控制和语料 | D9: F-车机完全启动后通过语音按键启动语音 | E9: 1.车机正常使用状态下 | F9: 1. 按压语音按键 | G9: 1.进入语音录音界面 | H9: 1 | I9: 台架 | J9: blocked | K9: 无方控
A10: 3 | B10: 语音-基本功能 | C10: 语音控制和语料 | D10: F-通过语音图标启动语音 | E10: 1.车机正常使用状态下 | F10: 1. 点击语音图标 | G10: 1.点亮图标，进入录音阶段 | H10: 1 | I10: 台架 | J10: passed
A11: 4 | B11: 语音-基本功能 | C11: 语音控制和语料 | D11: F-语音唤醒启动语音 | E11: 1.车机正常使用状态下 | F11: 1. 语音录入“小安你好”或者自定义唤醒词 | G11: 1.语音反馈“嗨”等应答词语并进入语音录音界面 | H11: 1 | I11: 台架 | J11: passed
A12: 5 | B12: 语音-控制电话 | C12: I201语音产品需求规格说明书-V0.8/语音功能清单 | D12: F-语音打开/关闭电话界面 | E12: 1.车机正常使用状态下 2.已连接手机蓝牙 | F12: 1.唤醒小安，语音输入：打开/关闭电话（电话打开/关闭，帮我把电话打开/关闭） | G12: 1.能正常打开/关闭电话 | H12: 1 | I12: 台架 | J12: failed | K12: DTM20200714000090
A13: 6 | B13: 语音-控制电话 | C13: I201语音产品需求规格说明书-V0.8/语音功能清单 | D13: F-语音打电话（有打电话意图） | E13: 1.车机正常使用状态下 2.已连接手机蓝牙 | F13: 1.唤醒小安，语音输入：打电话/拨打电话/我要打电话/打个电话 | G13: 1.语音问询你想要打给谁，引导第二次交互 | H13: 2 | I13: 台架 | J13: blocked | K13: DTM20200714000090
A14: 7 | B14: 语音-控制电话 | C14: I201语音产品需求规格说明书-V0.8/语音功能清单 | D14: F-语音给联系人打电话 | E14: 1.车机正常使用状态下 2.已连接手机蓝牙 3.通讯录里有张三 | F14: 1.唤醒小安，语音输入：打电话给张三/呼叫李明/给李四打个电话/拨打张三的号码/拨打王亮的电话/联系张三/拨打张三/拨号张三/接通张三的电话/我想和张三通话 | G14: 1.车机端给联系人打电话 | H14: 1 | I14: 台架 | J14: blocked | K14: DTM20200714000090
A15: 8 | B15: 语音-控制电话 | C15: I201语音产品需求规格说明书-V0.8/语音功能清单 | D15: F-语音给商户打电话 | E15: 1.车机正常使用状态下 2.已连接手机蓝牙 | F15: 1.唤醒小安，语音输入：打电话给科大讯飞/我想打顺丰快递的电话/ 给肯德基打电话/我要打电话给中国移动 | G15: 1.车机端给商户打电话 | H15: 1 | I15: 台架 | J15: blocked | K15: DTM20200714000090
A16: 9 | B16: 语音-控制电话 | C16: I201语音产品需求规格说明书-V0.8/语音功能清单 | D16: F-语音拨打电话号码 | E16: 1.车机正常使用状态下 2.已连接手机蓝牙 | F16: 1.唤醒小安，语音输入：拨打10086/拨打10000/打电话给17718151915/打给114 | G16: 1.车机端能正常拨打电话号码 | H16: 1 | I16: 台架 | J16: blocked | K16: DTM20200714000090
A17: 10 | B17: 语音-控制电话 | C17: I201语音产品需求规格说明书-V0.8/语音功能清单 | D17: F-语音拨打分类号码 | E17: 1.车机正常使用状态下 2.已连接手机蓝牙 3.通讯录中已给号码分类 | F17: 1.唤醒小安，语音输入：打电话给张三的家庭号码/我想呼叫王子伊的住宅电话/拨打张东的家庭号码/给李林的家庭号码打电话 | G17: 1.车机端能正常拨打电话号码 | H17: 2 | I17: 台架 | J17: blocked | K17: DTM20200714000090
A18: 11 | B18: 语音-控制电话 | C18: I201语音产品需求规格说明书-V0.8/语音功能清单 | D18: F-语音按归属地拨打电话 | E18: 1.车机正常使用状态下 2.已连接手机蓝牙 | F18: 1.唤醒小安，语音输入：拨打张三的合肥的电话/拨打李牧的上海的号码/给小明的北京号码打电话 | G18: 1.车机端能正常拨打电话号码 | H18: 2 | I18: 台架 | J18: blocked | K18: DTM20200714000090
A19: 12 | B19: 语音-控制电话 | C19: I201语音产品需求规格说明书-V0.8/语音功能清单 | D19: F-语音按运营商拨打电话 | E19: 1.车机正常使用状态下 2.已连接手机蓝牙 3.联系人右多个运营商的号码 | F19: 1.唤醒小安，语音输入：拨打张三的移动的号码/拨打李四的电信的电话/给小红的联通号码打电话/我想给杜玲的移动号码打电话 | G19: 1.车机端能正常拨打电话号码 | H19: 2 | I19: 台架 | J19: blocked | K19: DTM20200714000090
A20: 13 | B20: 语音-控制电话 | C20: I201语音产品需求规格说明书-V0.8/语音功能清单 | D20: F-语音按号段拨打电话 | E20: 1.车机正常使用状态下 2.已连接手机蓝牙 3.联系人有多个手机号 | F20: 1.唤醒小安，语音输入：打电话给张三的183号码/呼叫李四的177号码/给天天153的号码打电话/我想给丽丽166的号码打电话 | G20: 1.车机端能正常拨打电话号码 | H20: 2 | I20: 台架 | J20: blocked | K20: DTM20200714000090
A21: 14 | B21: 语音-控制电话 | C21: I201语音产品需求规格说明书-V0.8/语音功能清单 | D21: F-语音按尾号拨打电话 | E21: 1.车机正常使用状态下 2.已连接手机蓝牙 3.联系人有多个手机号 | F21: 1.唤醒小安，语音输入：打电话给张三尾号1915的号码/打电话给胡一天尾号为1314的电话/拨打王子尾号3366的电话/呼叫李明尾号为7896的电话/我想拨打王五尾号是0213的号码 | G21: 1.车机端能正常拨打电话号码 | H21: 2 | I21: 台架 | J21: blocked | K21: DTM20200714000090
A22: 15 | B22: 语音-控制电话 | C22: I201语音产品需求规格说明书-V0.8/语音功能清单 | D22: F-语音同步通讯录 | E22: 1.车机正常使用状态下 2.已连接手机蓝牙 | F22: 1.唤醒小安，语音输入：同步通讯录/同步电话本/更新通讯录/更新电话本 | G22: 1.车机端能正常同步通讯录 | H22: 2 | I22: 台架 | J22: blocked | K22: DTM20200714000090
A23: 16 | B23: 语音-控制电话 | C23: I201语音产品需求规格说明书-V0.8/语音功能清单 | D23: F-语音重拨电话 | E23: 1.车机正常使用状态下 2.已连接手机蓝牙 | F23: 1.唤醒小安，语音输入：重拨/重新拨通/重拨电话 | G23: 1.给已拨电话列表中最新一次的未接通电话的联系人打电话。 | H23: 2 | I23: 台架 | J23: blocked | K23: DTM20200714000090
... A31: 24 | B31: 语音-控制电话 | C31: I201语音产品需求规格说明书-V0.8/语音功能清单 | D31: F-语音查看联系人 | E31: 1.车机正常使用状态下 2.已连接手机蓝牙 | F31: 1.唤醒小安，语音输入：<请>打开通讯录/电话本/联系人 | G31: 1.切换到通讯录界面 | H31: 1 | I31: 台架 | J31: blocked | K31: DTM20200714000090
A32: 25 | B32: 语音-控制音乐 | C32: I201语音产品需求规格说明书-V0.8/语音功能清单 | D32: F-打开音乐 | E32: 1.车机正常使用状态下，非音乐界面 | F32: 1.唤醒小安，语音输入：打开音乐（APP名称）/音乐（APP名称）打开/帮我把音乐（APP名称）打开 | G32: 1.切换到音乐界面 | H32: 1 | I32: 台架 | J32: passed
A33: 26 | B33: 语音-控制音乐 | C33: I201语音产品需求规格说明书-V0.8/语音功能清单 | D33: F-关闭音乐 | E33: 1.车机正常使用状态下，音乐界面 | F33: 1.唤醒小安，语音输入：关闭音乐（APP名称）/音乐（APP名称）关闭/帮我把音乐（APP名称）关闭 | G33: 1.退回至主页 | H33: 1 | I33: 台架 | J33: passed
A34: 27 | B34: 语音-控制音乐 | C34: I201语音产品需求规格说明书-V0.8/语音功能清单 | D34: F-打开音乐 | E34: 1.车机正常使用状态下，非音乐界面 | F34: 1.唤醒小安，语音输入：我要听歌/收听音乐/来一首歌/播放音乐 | G34: 1.切换到音乐界面 | H34: 1 | I34: 台架 | J34: passed
A35: 28 | B35: 语音-控制音乐 | C35: I201语音产品需求规格说明书-V0.8/语音功能清单 | D35: F-语音基于歌曲名进行搜索 | E35: 1.车机正常使用状态下 | F35: 1.唤醒小安，语音输入：放一首彩虹/播放歌曲爱你一万年/播放音乐吻别/我要听后来这首歌/收听歌曲忘情水 | G35: 1.搜索并播放正确的歌曲 | H35: 1 | I35: 台架 | J35: failed | K35: DTM20200717000299
A36: 29 | B36: 语音-控制音乐 | C36: I201语音产品需求规格说明书-V0.8/语音功能清单 | D36: F-语音基于歌手名进行搜索 | E36: 1.车机正常使用状态下 | F36: 1.唤醒小安，语音输入：李健的歌/放一首王菲的歌/播放周杰伦的歌曲/我想听刘若英的歌曲/有没有刘德华的歌 | G36: 1.搜索并播放正确的歌曲 | H36: 1 | I36: 台架 | J36: failed | K36: DTM20200717000299
A37: 30 | B37: 语音-控制音乐 | C37: I201语音产品需求规格说明书-V0.8/语音功能清单 | D37: F-语音基于专辑名进行搜索 | E37: 1.车机正常使用状态下 | F37: 1.唤醒小安，语音输入：我想听专辑范特西/我想收听专辑摩羯座/播放生如夏花专辑/打开专辑花蝴蝶 | G37: 1.搜索并播放正确的专辑歌曲 | H37: 1 | I37: 台架 | J37: failed | K37: DTM20200717000299
A38: 31 | B38: 语音-控制音乐 | C38: I201语音产品需求规格说明书-V0.8/语音功能清单 | D38: F-语音基于歌手名搜索专辑 | E38: 1.车机正常使用状态下 | F38: 1.唤醒小安，语音输入：收听徐云茹的专辑/播放蔡依林的专辑/我要听王力宏的专辑 | G38: 1.搜索并播放正确的专辑歌曲 | H38: 1 | I38: 台架 | J38: failed | K38: DTM20200717000299
A39: 32 | B39: 语音-控制音乐 | C39: I201语音产品需求规格说明书-V0.8/语音功能清单 | D39: F-语音基于歌曲风格进行搜索 | E39: 1.车机正常使用状态下 | F39: 1.唤醒小安，语音输入：播放摇滚歌曲/我要听民谣音乐/来一首经典歌曲/我要听中国风的歌曲/我要听宝宝听的歌曲 | G39: 1.搜索并播放正确的歌曲 | H39: 1 | I39: 台架 | J39: failed | K39: DTM20200717000299
A40: 33 | B40: 语音-控制音乐 | C40: I201语音产品需求规格说明书-V0.8/语音功能清单 | D40: F-语音基于歌手名和歌曲名组合进行搜索 | E40: 1.车机正常使用状态下 | F40: 1.唤醒小安，语音输入：播放李健的假如爱有天意/朴树的生如夏花/我要听周杰伦唱的黑色毛衣/来一首潘玮柏的不得不爱/有没有徐云茹唱的独角戏 | G40: 1.搜索并播放正确的歌曲 | H40: 1 | I40: 台架 | J40: failed | K40: DTM20200717000299
A41: 34 | B41: 语音-控制音乐 | C41: I201语音产品需求规格说明书-V0.8/语音功能清单 | D41: F-语音基于歌手名和专辑名组合进行搜索 | E41: 1.车机正常使用状态下 | F41: 1.唤醒小安，语音输入：收听刘若英的专辑我等你/播放许巍的专辑那一年/我要听王力宏的专辑不可思议/李志的专辑梵高先生 | G41: 1.搜索并播放正确的歌曲 | H41: 2 | I41: 台架 | J41: failed | K41: DTM20200717000299
A42: 35 | B42: 语音-控制音乐 | C42: I201语音产品需求规格说明书-V0.8/语音功能清单 | D42: F-语音控制播放蓝牙音乐 | E42: 1.车机正常使用状态下 | F42: 1.唤醒小安，语音输入：播放蓝牙音乐/听蓝牙音乐歌曲 | G42: 1.切换到蓝牙音乐 | H42: 1 | I42: 台架 | J42: failed | K42: DTM20200714000090
A43: 36 | B43: 语音-控制音乐 | C43: I201语音产品需求规格说明书-V0.8/语音功能清单 | D43: F-语音控制播放U盘音乐 | E43: 1.车机正常使用状态下 2.已插入U盘 | F43: 1.唤醒小安，语音输入：我要听USB音乐 | G43: 1.切换USB音乐播放 | H43: 1 | I43: 台架 | J43: failed | K43: DTM20200714000090
A44: 37 | B44: 语音-控制音乐 | C44: I201语音产品需求规格说明书-V0.8/语音功能清单 | D44: F-语音控制播放ipod音乐 | E44: 1.车机正常使用状态下 | F44: 1.唤醒小安，语音输入：打开ipod音乐 | G44: 1.切换到ipod音乐 | H44: 2 | I44: 台架 | J44: blocked | K44: 无此设备
A45: 38 | B45: 语音-控制音乐 | C45: I201语音产品需求规格说明书-V0.8/语音功能清单 | D45: F-语音控制播放本地音乐 | E45: 1.车机正常使用状态下 2.本地歌曲是指事先下载好的歌曲通过车机媒体播放，不需要消耗数据流量。 | F45: 1.唤醒小安，语音输入：我要听本地歌曲/打开本地音乐/收听本地音乐/播放本地歌曲 | G45: 1.播放已下载的歌曲 | H45: 2 | I45: 台架 | J45: failed | K45: DTM20200714000090
A46: 39 | B46: 语音-控制音乐 | C46: I201语音产品需求规格说明书-V0.8/语音功能清单 | D46: F-语音控制播放在线音乐 | E46: 1.车机正常使用状态下 | F46: 1.唤醒小安，语音输入：打开网络音乐/播放在线音乐/收听网络歌曲/我要听在线音乐 | G46: 1.打开音乐APP，播放在线歌曲 | H46: 2 | I46: 台架 | J46: passed
A47: 40 | B47: 语音-控制音乐 | C47: I201语音产品需求规格说明书-V0.8/语音功能清单 | D47: F-语音收藏歌曲 | E47: 1.车机正常使用状态下 2.音乐播放中 | F47: 1.唤醒小安，语音输入：收藏/收藏这首歌/收藏歌曲 | G47: 1.能正常收藏当前播放的歌曲 | H47: 1 | I47: 台架 | J47: N/A | K47: 功能未实现
A48: 41 | B48: 语音-控制音乐 | C48: I201语音产品需求规格说明书-V0.8/语音功能清单 | D48: F-语音取消收藏歌曲 | E48: 1.车机正常使用状态下 2.当前播放的歌曲已收藏 | F48: 1.唤醒小安，语音输入：取消收藏/取消收藏歌曲/取消收藏音乐 | G48: 1.能正常取消收藏当前播放的歌曲 | H48: 1 | I48: 台架 | J48: N/A | K48: 功能未实现
A49: 42 | B49: 语音-控制音乐 | C49: I201语音产品需求规格说明书-V0.8/语音功能清单 | D49: F-语音查看已收藏歌曲列表 | E49: 1.车机正常使用状态下 2.处于音乐界面或音乐播放中 | F49: 1.唤醒小安，语音输入：打开收藏/打开我的收藏/打开收藏歌曲/查看收藏的歌 | G49: 1.能正常查看收藏列表 | H49: 1 | I49: 台架 | J49: N/A | K49: 功能未实现
A50: 43 | B50: 语音-控制音乐 | C50: I201语音产品需求规格说明书-V0.8/语音功能清单 | D50: F-语音收听已收藏的歌曲 | E50: 1.车机正常使用状态下 2.收藏列表中有音乐 | F50: 1.唤醒小安，语音输入：播放收藏的歌曲/我想播放收藏的歌曲/播放我的收藏/我要听收藏的歌曲/ | G50: 1.能正常播放收藏列表中的歌曲 | H50: 1 | I50: 台架 | J50: N/A | K50: 功能未实现
A51: 44 | B51: 语音-控制音乐 | C51: I201语音产品需求规格说明书-V0.8/语音功能清单 | D51: F-语音控制音乐播放上一曲 | E51: 1.车机正常使用状态下 2.多媒体音乐播放过程中 | F51: 1.唤醒小安，语音输入：上一个/上一曲/上一首 | G51: 1.切换到正在播放的音乐的上一首播放 | H51: 1 | I51: 台架 | J51: failed | K51: DTM20200717000287
A52: 45 | B52: 语音-控制音乐 | C52: I201语音产品需求规格说明书-V0.8/语音功能清单 | D52: F-语音控制音乐播放下一曲 | E52: 1.车机正常使用状态下 2.多媒体音乐播放过程中 | F52: 1.唤醒小安，语音输入：下一个/下一曲/下一首/换首歌/换一曲/切歌 | G52: 1.切换到正在播放的音乐的下一首播放 | H52: 1 | I52: 台架 | J52: failed | K52: DTM20200717000287
A53: 46 | B53: 语音-控制音乐 | C53: I201语音产品需求规格说明书-V0.8/语音功能清单 | D53: F-语音控制音乐切换 | E53: 1.车机正常使用状态下 2.多媒体音乐播放过程中 | F53: 1.唤醒小安，语音输入：这首歌不好听/这首歌太难听了 | G53: 1.切换到正在播放的音乐的下一首播放 | H53: 1 | I53: 台架 | J53: failed | K53: DTM20200717000287
A54: 47 | B54: 语音-控制音乐 | C54: I201语音产品需求规格说明书-V0.8/语音功能清单 | D54: F-语音控制音乐继续播放 | E54: 1.车机正常使用状态下 2.多媒体音乐暂停播放中 | F54: 1.唤醒小安，语音输入：播放/继续播放 | G54: 1.暂停的音乐恢复播放 | H54: 1 | I54: 台架 | J54: passed
A55: 48 | B55: 语音-控制音乐 | C55: I201语音产品需求规格说明书-V0.8/语音功能清单 | D55: F-语音控制音乐暂停播放 | E55: 1.车机正常使用状态下 2.多媒体音乐播放过程中 | F55: 1.唤醒小安，语音输入：暂停/暂停播放/暂停音乐/停止播放 | G55: 1.正在播放的音乐暂停播放 | H55: 1 | I55: 台架 | J55: passed
A56: 49 | B56: 语音-控制音乐 | C56: I201语音产品需求规格说明书-V0.8/语音功能清单 | D56: F-语音控制播放模式为顺序播放 | E56: 1.车机正常使用状态下 2.音乐播放中 | F56: 1.唤醒小安，语音输入：顺序循环/切换到顺序循环/顺序播放歌曲 | G56: 1.歌曲播放模式切换为顺序播放 | H56: 1 | I56: 台架 | J56: N/A | K56: 功能未实现
A57: 50 | B57: 语音-控制音乐 | C57: I201语音产品需求规格说明书-V0.8/语音功能清单 | D57: F-语音控制播放模式为单曲循环 | E57: 1.车机正常使用状态下 2.音乐播放中 | F57: 1.唤醒小安，语音输入：单曲循环/切换到单曲循环/音乐单曲循环 | G57: 1.歌曲播放模式切换为单曲循环 | H57: 1 | I57: 台架 | J57: N/A | K57: 功能未实现
A58: 51 | B58: 语音-控制音乐 | C58: I201语音产品需求规格说明书-V0.8/语音功能清单 | D58: F-语音控制播放模式为循环播放 | E58: 1.车机正常使用状态下 2.音乐播放中 | F58: 1.唤醒小安，语音输入：循环播放/切换到循环播放/循环播放歌曲 | G58: 1.歌曲播放模式切换为循环播放 | H58: 1 | I58: 台架 | J58: N/A | K58: 功能未实现
A59: 52 | B59: 语音-控制音乐 | C59: I201语音产品需求规格说明书-V0.8/语音功能清单 | D59: F-语音控制播放模式为随机播放 | E59: 1.车机正常使用状态下 2.音乐播放中 | F59: 1.唤醒小安，语音输入：随机播放/切换到随机播放/随机播放歌曲 | G59: 1.歌曲播放模式切换为随机播放 | H59: 1 | I59: 台架 | J59: N/A | K59: 功能未实现
A60: 53 | B60: 语音-控制音乐 | C60: I201语音产品需求规格说明书-V0.8/语音功能清单 | D60: F-语音控制重新播放 | E60: 1.车机正常使用状态下 2.音乐播放中 | F60: 1.唤醒小安，语音输入：重放一遍/再听一遍/重新播放 | G60: 1.重新播放刚才收听的音乐 | H60: 2 | I60: 台架 | J60: N/A | K60: 功能未实现
A61: 54 | B61: 语音-控制音乐 | C61: I201语音产品需求规格说明书-V0.8/语音功能清单 | D61: F-语音控制打开歌词 | E61: 1.车机正常使用状态下 2.音乐播放中 | F61: 1.唤醒小安，语音输入：打开歌词/我歌词打开/我要看歌词/显示歌词 | G61: 1.能正常打开歌词 | H61: 1 | I61: 台架 | J61: N/A | K61: 功能未实现
A62: 55 | B62: 语音-控制音乐 | C62: I201语音产品需求规格说明书-V0.8/语音功能清单 | D62: F-语音控制关闭歌词 | E62: 1.车机正常使用状态下 2.音乐播放中 | F62: 1.唤醒小安，语音输入：关闭歌词/把歌词关掉/不要显示歌词 | G62: 1.能正常关闭歌词 | H62: 1 | I62: 台架 | J62: N/A | K62: 功能未实现
A63: 56 | B63: 语音-控制音乐 | C63: I201语音产品需求规格说明书-V0.8/语音功能清单 | D63: F-语音打开音乐播放列表 | E63: 1.车机正常使用状态下 2.在音乐界面或是音乐播放中 | F63: 1.唤醒小安，语音输入：播放列表/打开播放列表/打开音乐列表/帮我打开音乐列表 | G63: 1.能正常打开播放列表 | H63: 2 | I63: 台架 | J63: N/A | K63: 功能未实现
A64: 57 | B64: 语音-控制音乐 | C64: I201语音产品需求规格说明书-V0.8/语音功能清单 | D64: F-语音关闭音乐播放列表 | E64: 1.车机正常使用状态下 2.在音乐界面或是音乐播放中 3.播放列表已打开 | F64: 1.唤醒小安，语音输入：关闭播放列表/关闭音乐列表/帮我关闭播放列表 | G64: 1.能正常关闭播放列表 | H64: 2 | I64: 台架 | J64: N/A | K64: 功能未实现
A65: 58 | B65: 语音-控制音乐 | C65: I201语音产品需求规格说明书-V0.8/语音功能清单 | D65: S-语音控制歌曲播放场景一 | E65: 1.车机正常使用状态下 | F65: 1.唤醒小安，语音输入：1、来一首周杰伦的歌-->播放他的其他歌曲 2、来一首周杰伦的歌-->播放他的摇滚歌曲 3、来一首周杰伦的歌-->播放他的彩虹 4、来一首周杰伦的歌-->有没有他和蔡依林的合唱歌曲 5、来一首周杰伦的歌-->有没有他的合唱歌曲 | G65: 1.能正常播放并切换歌曲 | H65: 2 | I65: 台架 | J65: N/A | K65: 功能未实现
A66: 59 | B66: 语音-控制音乐 | C66: I201语音产品需求规格说明书-V0.8/语音功能清单 | D66: S-语音控制歌曲播放场景二 | E66: 1.车机正常使用状态下 | F66: 1、播放吻别-->有没有其他人唱的 2、播放吻别-->换成英文版的 3、播放吻别-->我想听张学友唱的 | G66: 1.能正常播放并切换歌曲 | H66: 2 | I66: 台架 | J66: N/A | K66: 功能未实现
A67: 60 | B67: 语音-控制音乐 | C67: I201语音产品需求规格说明书-V0.8/语音功能清单 | D67: S-语音控制歌曲播放场景三 | E67: 1.车机正常使用状态下 | F67: 1、播放李健的传奇-->换成他的风吹麦浪 2、播放李健的传奇-->换成他的其他歌曲 3、播放李健的传奇-->换成王菲唱的 4、播放李健的传奇-->有没有合唱的 5、播放李健的传奇-->有没有英文的 | G67: 1.能正常播放并切换歌曲 | H67: 2 | I67: 台架 | J67: N/A | K67: 功能未实现
... A69: 62 | B69: 语音-控制音乐 | C69: I201语音产品需求规格说明书-V0.8/语音功能清单 | D69: S-语音控制歌曲播放场景五 | E69: 1.车机正常使用状态下 | F69: 1、播放小沈阳的小品-->我想听他唱的我的好兄弟 2、播放小沈阳的小品不差钱-->来首他唱的歌 | G69: 1.能正常播放电台和音乐 | H69: 2 | I69: 台架 | J69: N/A | K69: 功能未实现
A70: 63 | B70: 语音-控制节目 | C70: I201语音产品需求规格说明书-V0.8/语音功能清单 | D70: F-打开收音机收听节目 | E70: 1.车机正常使用状态下 | F70: 1.唤醒小安，语音输入：收听节目/播放节目/我想听节目 | G70: 1.能正常打开电台收听节目 | H70: 1 | I70: 台架 | J70: passed
A71: 64 | B71: 语音-控制节目 | C71: I201语音产品需求规格说明书-V0.8/语音功能清单 | D71: F-基于节目名称进行检索 | E71: 1.车机正常使用状态下 | F71: 1.唤醒小安，语音输入：我想听节目晓说2018/有没有凯叔讲故事/播放凯叔讲故事 | G71: 1.能正常打开电台收听节目 | H71: 1 | I71: 台架 | J71: N/A | K71: 功能未实现
A72: 65 | B72: 语音-控制节目 | C72: I201语音产品需求规格说明书-V0.8/语音功能清单 | D72: F-基于主播名称进行检索 | E72: 1.车机正常使用状态下 | F72: 1.唤醒小安，语音输入：杨澜的节目/我想听高晓松的节目/播放涂磊的节目 | G72: 1.能正常打开电台收听节目 | H72: 1 | I72: 台架 | J72: N/A | K72: 功能未实现
A73: 66 | B73: 语音-控制节目 | C73: I201语音产品需求规格说明书-V0.8/语音功能清单 | D73: F-基于节目类型进行检索 | E73: 1.车机正常使用状态下 | F73: 1.唤醒小安，语音输入：我想听儿童节目/播放相声/有没有小品 | G73: 1.能正常打开电台收听节目 | H73: 1 | I73: 台架 | J73: N/A | K73: 功能未实现
A74: 67 | B74: 语音-控制节目 | C74: I201语音产品需求规格说明书-V0.8/语音功能清单 | D74: F-基于主播加节目类型进行检索 | E74: 1.车机正常使用状态下 | F74: 1.唤醒小安，语音输入：郭德纲的相声/我想听郭德纲的相声/有没有沈腾的小品/播放岳云鹏的相声 | G74: 1.能正常打开电台收听节目 | H74: 1 | I74: 台架 | J74: N/A | K74: 功能未实现
A75: 68 | B75: 语音-控制节目 | C75: I201语音产品需求规格说明书-V0.8/语音功能清单 | D75: F-基于主播+节目名称进行检索 | E75: 1.车机正常使用状态下 | F75: 1.唤醒小安，语音输入：高晓松的晓说2018/收听杨澜的杨澜说/播放金星的金星有话说 | G75: 1.能正常打开电台收听节目 | H75: 1 | I75: 台架 | J75: N/A | K75: 功能未实现
A76: 69 | B76: 语音-控制节目 | C76: I201语音产品需求规格说明书-V0.8/语音功能清单 | D76: F-收藏节目 | E76: 1.车机正常使用状态下 2.节目正在播放中 | F76: 1.唤醒小安，语音输入：收藏/订阅 /收藏这个节目/收藏节目 | G76: 1.能正常收藏节目 | H76: 1 | I76: 台架 | J76: N/A | K76: 功能未实现
A77: 70 | B77: 语音-控制节目 | C77: I201语音产品需求规格说明书-V0.8/语音功能清单 | D77: F-取消收藏节目 | E77: 1.车机正常使用状态下 2.播放的节目已收藏 | F77: 1.唤醒小安，语音输入：取消收藏/取消收藏节目/把这个节目取消收藏 | G77: 1.能正常取消收藏节目 | H77: 1 | I77: 台架 | J77: N/A | K77: 功能未实现
A78: 71 | B78: 语音-控制节目 | C78: I201语音产品需求规格说明书-V0.8/语音功能清单 | D78: F-播放已经收藏的节目 | E78: 1.车机正常使用状态下 2.收藏列表中有节目 | F78: 1.唤醒小安，语音输入：播放收藏的节目/收听收藏的节目/播放我的收藏/我要听收藏的节目 | G78: 1.能正常播放收藏列表里的节目 | H78: 1 | I78: 台架 | J78: N/A | K78: 功能未实现
A79: 72 | B79: 语音-控制节目 | C79: I201语音产品需求规格说明书-V0.8/语音功能清单 | D79: F-语音控制节目上一个 | E79: 1.车机正常使用状态下 2.节目播放过程中 | F79: 1.唤醒小安，语音输入：上一个/上一集/上一个节目 | G79: 1.切换到正在播放的频点的上一台播放 | H79: 1 | I79: 台架 | J79: failed | K79: DTM20200717000312
A80: 73 | B80: 语音-控制节目 | C80: I201语音产品需求规格说明书-V0.8/语音功能清单 | D80: F-语音控制节目下一个 | E80: 1.车机正常使用状态下 2.节目播放过程中 | F80: 1.唤醒小安，语音输入：下一个/下一集/换个节目/换一个/换一个节目 | G80: 1.切换到正在播放的频点的下一台播放 | H80: 1 | I80: 台架 | J80: failed | K80: DTM20200717000312
A81: 74 | B81: 语音-控制节目 | C81: I201语音产品需求规格说明书-V0.8/语音功能清单 | D81: F-语音控制节目继续播放 | E81: 1.车机正常使用状态下 2.多媒体节目暂停播放中 | F81: 1.唤醒小安，语音输入：播放/继续播放 | G81: 1.暂停的节目恢复播放 | H81: 1 | I81: 台架
A82: 75 | B82: 语音-控制节目 | C82: I201语音产品需求规格说明书-V0.8/语音功能清单 | D82: F-语音控制节目暂停播放 | E82: 1.车机正常使用状态下 2.多媒体节目播放过程中 | F82: 1.唤醒小安，语音输入：暂停/暂停播放/暂停节目/停止播放 | G82: 1.正在播放的节目暂停播放 | H82: 1 | I82: 台架
A83: 76 | B83: 语音-控制节目 | C83: I201语音产品需求规格说明书-V0.8/语音功能清单 | D83: F-语音打开节目播放列表 | E83: 1.车机正常使用状态下 2.在节目界面或是节目播放中 | F83: 1.唤醒小安，语音输入：播放列表/打开播放列表/打开节目列表/帮我打开节目列表 | G83: 1.能正常打开播放列表 | H83: 2 | I83: 台架
A84: 77 | B84: 语音-控制节目 | C84: I201语音产品需求规格说明书-V0.8/语音功能清单 | D84: F-语音关闭节目播放列表 | E84: 1.车机正常使用状态下 2.在节目界面或是节目播放中 3.播放列表已打开 | F84: 1.唤醒小安，语音输入：关闭播放列表/关闭节目列表/帮我关闭播放列表 | G84: 1.能正常关闭播放列表 | H84: 2 | I84: 台架
A85: 78 | B85: 语音-控制节目 | C85: I201语音产品需求规格说明书-V0.8/语音功能清单 | D85: S-语音控制节目播放情景一 | E85: 1.车机正常使用状态下 | F85: 1.唤醒小安，语音输入：1.1我想听郭德纲的节目-->换成他的小品 1.2我想听郭德纲的节目-->换成他的我这一辈子 1.3我想听郭德纲的节目-->换成他和于谦的我这一辈子 | G85: 1.能正常打开电台收听节目 | H85: 2 | I85: 台架
A86: 79 | B86: 语音-控制节目 | C86: I201语音产品需求规格说明书-V0.8/语音功能清单 | D86: S-语音控制节目播放情景二 | E86: 1.车机正常使用状态下 | F86: 1.唤醒小安，语音输入：1.1我想听郭德纲的我这一辈子-->换成他的小品 1.2我想听郭德纲的我这一辈子-->换成他的我这一辈子 1.3我想听郭德纲的我这一辈子-->换成他和于谦的我这一辈子 | G86: 1.能正常打开电台收听节目 | H86: 2 | I86: 台架
A87: 80 | B87: 语音-控制节目 | C87: I201语音产品需求规格说明书-V0.8/语音功能清单 | D87: S-语音控制节目播放情景三 | E87: 1.车机正常使用状态下 | F87: 1.唤醒小安，语音输入：1.1我想听郭德纲的相声-->换成他的小品 1.2我想听郭德纲的相声-->换成他的我这一辈子 1.3我想听郭德纲的相声-->换成他和于谦的我这一辈子 | G87: 1.能正常打开电台收听节目 | H87: 2 | I87: 台架
A88: 81 | B88: 语音-控制爱奇艺 | C88: I201语音产品需求规格说明书-V0.8/语音功能清单 | D88: F-打开指定频道 | E88: 1.车机正常使用状态下 2.所打开的频道是存在的 | F88: 1.唤醒小安，语音输入：打开<频道名>频道/我要|想看<频道名> | G88: 1.能正常打开爱奇艺并进入到对应频道标签页 | H88: 1 | I88: 台架
A89: 82 | B89: 语音-控制爱奇艺 | C89: I201语音产品需求规格说明书-V0.8/语音功能清单 | D89: F-频道不存在时打开指定频道 | E89: 1.车机正常使用状态下 2.所打开的频道不存在 | F89: 1.唤醒小安，语音输入：打开<频道名>频道/我要|想看<频道名> | G89: 1.能正常打开爱奇艺，但提示未找到<频道名>视频 | H89: 1 | I89: 台架
A90: 83 | B90: 语音-控制爱奇艺 | C90: I201语音产品需求规格说明书-V0.8/语音功能清单 | D90: F-搜索视频名称 | E90: 1.车机正常使用状态下 | F90: 1.唤醒小安，语音输入：我想|要看<视频名称>/播放<视频名称> | G90: 1.能正常打开爱奇艺并进播放指定视频 | H90: 1 | I90: 台架
A91: 84 | B91: 语音-控制爱奇艺 | C91: I201语音产品需求规格说明书-V0.8/语音功能清单 | D91: F-打开爱奇艺APP | E91: 1.车机正常使用状态下 2.首次打开爱奇艺 | F91: 1.唤醒小安，语音输入：打开爱奇艺视频 | G91: 1.显示爱奇艺视频内容界面 | H91: 1 | I91: 台架
A92: 85 | B92: 语音-控制爱奇艺 | C92: I201语音产品需求规格说明书-V0.8/语音功能清单 | D92: F-退出爱奇艺之后再次打开爱奇艺APP | E92: 1.车机正常使用状态下 2.非首次打开爱奇艺 | F92: 1.唤醒小安，语音输入：打开爱奇艺视频 | G92: 1.显示退出时的界面 | H92: 2 | I92: 台架
... A114: 107 | B114: 语音-唱吧 | C114: I201语音产品需求规格说明书-V0.8/语音功能清单 | D114: F-语音控制暂停/播放 | E114: 1.车机正常使用状态下 2.唱吧运行中 | F114: 1.唤醒小安，语音输入：请播放|唱歌|K歌/暂停播放|唱歌|K歌/停止播放音乐/暂停[音乐|唱歌|K歌]/继续播放|唱歌|K歌/[停止]播放|唱歌|K歌/停止音乐|唱歌|K歌 | G114: 1.能正常控制歌曲暂停或播放 | H114: 1 | I114: 台架
A115: 108 | B115: 语音-唱吧 | C115: I201语音产品需求规格说明书-V0.8/语音功能清单 | D115: F-语音控制音量 | F115: 1.唤醒小安，语音输入：伴唱/原唱|话筒声音（小|大|调大|再大|放大）一点 （加大|增大|减小|调大|增加)伴唱/原唱|话筒音量 伴唱/原唱|话筒静音 伴唱/原唱|话筒大[点]声 伴唱/原唱|话筒音量调到<音量> 伴唱/原唱|话筒音量(加大|大一点) （打开|关闭）伴唱/原唱|话筒声音 伴唱/原唱|话筒大点声音 伴唱/原唱|话筒小点声 取消伴唱/原唱|话筒静音 伴唱/原唱|话筒声音调到最大 [把]伴唱/原唱|话筒（音量|声音）（调到|调至|加到）（<音量>|最大|最小） （加大|调大|调小）伴唱/原唱|话筒（音量|声音） 伴唱/原唱|话筒（音量|声音）（加大|减小|大一点|小一点|调大） （打开|关闭|关掉）伴唱/原唱|话筒（音量|声音） 伴唱/原唱|话筒（声音|音量）(大|小)一点 伴唱/原唱|话筒声音关闭 (增大|调高|提高|增加||减小||降低)伴唱/原唱|话筒（音量|声音） 伴唱/原唱|话筒音量[增]大一点 伴唱/原唱|话筒音量[减]小一点 伴唱/原唱|话筒音量(加|减) 伴唱/原唱|话筒(声音|音量)(大点|放大|小点|) 伴唱/原唱|话筒(大|小)点声 伴唱/原唱|话筒(大|小)声[点] 把伴唱/原唱|话筒（声音|音量）(调大一点|增强一点|增强一些|调小一点|调弱一些) 帮我把伴唱/原唱|话筒(声音|音量)(调低|调小|减小) | G115: 1.能正常控制音量 | H115: 1 | I115: 台架
A116: 109 | B116: 语音-控制导航 | C116: I201语音产品需求规格说明书-V0.8/语音功能清单 | D116: F-语音打开导航 | E116: 1.车机正常使用状态下 | F116: 1.唤醒小安，语音输入：打开导航 | G116: 1.进入导航界面 | H116: 1 | I116: 台架
A117: 110 | B117: 语音-控制导航 | C117: I201语音产品需求规格说明书-V0.8/语音功能清单 | D117: F-语音关闭导航 | E117: 1.车机正常使用状态下 2.在导航界面 | F117: 1.唤醒小安，语音输入：关闭导航 | G117: 1.退出导航界面到主界面 | H117: 1 | I117: 台架
A118: 111 | B118: 语音-控制导航 | C118: I201语音产品需求规格说明书-V0.8/语音功能清单 | D118: F-语音退出地图 | E118: 1.车机正常使用状态下 2.点击进入导航 3.设置某个目的地执行导航 | F118: 1.唤醒小安，语音输入：退出地图 | G118: 1.停止导航并返回主页 | H118: 1 | I118: 台架
A119: 112 | B119: 语音-控制导航 | C119: I201语音产品需求规格说明书-V0.8/语音功能清单 | D119: F-语音查询当前所在位置 | E119: 1.车机正常使用状态下 2.点击进入导航 | F119: 1.唤醒小安，语音输入：我在哪/我现在在哪/定位当前位置/定位我的位置/我在什么位置 | G119: 1.语音播报当前的位置点 | H119: 2 | I119: 台架
A120: 113 | B120: 语音-控制导航 | C120: I201语音产品需求规格说明书-V0.8/语音功能清单 | D120: F-语音打开导航 | E120: 1.车机正常使用状态下 | F120: 1.唤醒小安，语音输入：我要导航/我想导航/帮我导航/给我导航 | G120: 1.进入二次交互，需回答导航目的地 | H120: 2 | I120: 台架
